2026-03-30 22:58:53,474 - __main__ - INFO - ============================================================
2026-03-30 22:58:53,474 - __main__ - INFO - 🤖 Запуск Telegram-бота IDO SKILLS News
2026-03-30 22:58:53,476 - __main__ - INFO - ============================================================
2026-03-30 22:58:53,477 - __main__ - INFO - 📡 Backend: http://localhost:5000/api
2026-03-30 22:58:53,478 - __main__ - INFO - 🔑 Token: 8730236171:AAFy_65gv...
2026-03-30 22:58:53,479 - __main__ - INFO - ⏱️ Timeout: 30s
2026-03-30 22:58:53,479 - __main__ - INFO - 📝 Log file: logs/telegram_bot.log
2026-03-30 22:58:53,480 - __main__ - INFO - ============================================================
2026-03-30 22:58:53,480 - __main__ - INFO - 🔑 Попытка подключения без прокси...
2026-03-30 22:58:56,179 - __main__ - INFO - ✅ Подключение успешно!
2026-03-30 22:58:56,179 - __main__ - INFO - 🤖 Bot username: @ido_skills_news_bot
2026-03-30 22:58:56,180 - __main__ - INFO - 👤 Bot name: IDO Skills News Bot
2026-03-30 22:58:56,180 - __main__ - INFO - 🆔 Bot ID: 8730236171
2026-03-30 22:58:56,180 - __main__ - INFO - ============================================================
2026-03-30 22:58:56,180 - __main__ - INFO - 🚀 Запуск polling...
2026-03-30 22:59:06,139 - __main__ - INFO - ============================================================
2026-03-30 22:59:06,140 - __main__ - INFO - 📨 Команда /start
2026-03-30 22:59:06,141 - __main__ - INFO - 👤 Telegram ID: 5781900327
2026-03-30 22:59:06,141 - __main__ - INFO - 👤 Username: IgorCim
2026-03-30 22:59:06,141 - __main__ - INFO - ============================================================
2026-03-30 22:59:06,142 - __main__ - INFO - 🔍 Поиск пользователя в базе...
2026-03-30 22:59:08,207 - __main__ - INFO - ℹ️ Пользователь не найден (404)
2026-03-30 22:59:08,208 - __main__ - INFO - ➕ Пользователь не найден, создаём нового...
2026-03-30 22:59:10,288 - __main__ - INFO - ✅ Пользователь создан: IgorCim (ID: 2)
2026-03-30 22:59:10,289 - __main__ - INFO - ✅ Пользователь успешно создан/найден: ID=2
2026-03-31 02:21:01,705 - TeleBot - ERROR - Infinity polling exception: HTTPSConnectionPool(host='api.telegram.org', port=443): Max retries exceeded with url: /bot8730236171:AAFy_65gvPbjYkMvnxpGyZ5bOirrxUC6rJQ/getUpdates?offset=95087094&timeout=20 (Caused by NameResolutionError("HTTPSConnection(host='api.telegram.org', port=443): Failed to resolve 'api.telegram.org' ([Errno 11001] getaddrinfo failed)"))
2026-03-31 02:21:01,716 - TeleBot - ERROR - Exception traceback:
Traceback (most recent call last):
  File "D:\Users\Desktop\automator_project\venv\Lib\site-packages\urllib3\connection.py", line 204, in _new_conn
    sock = connection.create_connection(
        (self._dns_host, self.port),
    ...<2 lines>...
        socket_options=self.socket_options,
    )
  File "D:\Users\Desktop\automator_project\venv\Lib\site-packages\urllib3\util\connection.py", line 60, in create_connection
    for res in socket.getaddrinfo(host, port, family, socket.SOCK_STREAM):
               ~~~~~~~~~~~~~~~~~~^^^^^^^^^^^^^^^^^^^^^^^^^^^^^^^^^^^^^^^^
  File "C:\Users\Simonoviya\AppData\Local\Programs\Python\Python314\Lib\socket.py", line 983, in getaddrinfo
    for res in _socket.getaddrinfo(host, port, family, type, proto, flags):
               ~~~~~~~~~~~~~~~~~~~^^^^^^^^^^^^^^^^^^^^^^^^^^^^^^^^^^^^^^^^
socket.gaierror: [Errno 11001] getaddrinfo failed

The above exception was the direct cause of the following exception:

Traceback (most recent call last):
  File "D:\Users\Desktop\automator_project\venv\Lib\site-packages\urllib3\connectionpool.py", line 787, in urlopen
    response = self._make_request(
        conn,
    ...<10 lines>...
        **response_kw,
    )
  File "D:\Users\Desktop\automator_project\venv\Lib\site-packages\urllib3\connectionpool.py", line 488, in _make_request
    raise new_e
  File "D:\Users\Desktop\automator_project\venv\Lib\site-packages\urllib3\connectionpool.py", line 464, in _make_request
    self._validate_conn(conn)
    ~~~~~~~~~~~~~~~~~~~^^^^^^
  File "D:\Users\Desktop\automator_project\venv\Lib\site-packages\urllib3\connectionpool.py", line 1093, in _validate_conn
    conn.connect()
    ~~~~~~~~~~~~^^
  File "D:\Users\Desktop\automator_project\venv\Lib\site-packages\urllib3\connection.py", line 759, in connect
    self.sock = sock = self._new_conn()
                       ~~~~~~~~~~~~~~^^
  File "D:\Users\Desktop\automator_project\venv\Lib\site-packages\urllib3\connection.py", line 211, in _new_conn
    raise NameResolutionError(self.host, self, e) from e
urllib3.exceptions.NameResolutionError: HTTPSConnection(host='api.telegram.org', port=443): Failed to resolve 'api.telegram.org' ([Errno 11001] getaddrinfo failed)

The above exception was the direct cause of the following exception:

Traceback (most recent call last):
  File "D:\Users\Desktop\automator_project\venv\Lib\site-packages\requests\adapters.py", line 486, in send
    resp = conn.urlopen(
        method=request.method,
    ...<9 lines>...
        chunked=chunked,
    )
  File "D:\Users\Desktop\automator_project\venv\Lib\site-packages\urllib3\connectionpool.py", line 841, in urlopen
    retries = retries.increment(
        method, url, error=new_e, _pool=self, _stacktrace=sys.exc_info()[2]
    )
  File "D:\Users\Desktop\automator_project\venv\Lib\site-packages\urllib3\util\retry.py", line 535, in increment
    raise MaxRetryError(_pool, url, reason) from reason  # type: ignore[arg-type]
    ^^^^^^^^^^^^^^^^^^^^^^^^^^^^^^^^^^^^^^^^^^^^^^^^^^^
urllib3.exceptions.MaxRetryError: HTTPSConnectionPool(host='api.telegram.org', port=443): Max retries exceeded with url: /bot8730236171:AAFy_65gvPbjYkMvnxpGyZ5bOirrxUC6rJQ/getUpdates?offset=95087094&timeout=20 (Caused by NameResolutionError("HTTPSConnection(host='api.telegram.org', port=443): Failed to resolve 'api.telegram.org' ([Errno 11001] getaddrinfo failed)"))

During handling of the above exception, another exception occurred:

Traceback (most recent call last):
  File "D:\Users\Desktop\automator_project\venv\Lib\site-packages\telebot\__init__.py", line 1016, in infinity_polling
    self.polling(non_stop=True, timeout=timeout, long_polling_timeout=long_polling_timeout,
    ~~~~~~~~~~~~^^^^^^^^^^^^^^^^^^^^^^^^^^^^^^^^^^^^^^^^^^^^^^^^^^^^^^^^^^^^^^^^^^^^^^^^^^^
                 logger_level=logger_level, allowed_updates=allowed_updates, restart_on_change=False,
                 ^^^^^^^^^^^^^^^^^^^^^^^^^^^^^^^^^^^^^^^^^^^^^^^^^^^^^^^^^^^^^^^^^^^^^^^^^^^^^^^^^^^^
                 *args, **kwargs)
                 ^^^^^^^^^^^^^^^^
  File "D:\Users\Desktop\automator_project\venv\Lib\site-packages\telebot\__init__.py", line 1104, in polling
    self.__threaded_polling(non_stop=non_stop, interval=interval, timeout=timeout, long_polling_timeout=long_polling_timeout,
    ~~~~~~~~~~~~~~~~~~~~~~~^^^^^^^^^^^^^^^^^^^^^^^^^^^^^^^^^^^^^^^^^^^^^^^^^^^^^^^^^^^^^^^^^^^^^^^^^^^^^^^^^^^^^^^^^^^^^^^^^^
                            logger_level=logger_level, allowed_updates=allowed_updates)
                            ^^^^^^^^^^^^^^^^^^^^^^^^^^^^^^^^^^^^^^^^^^^^^^^^^^^^^^^^^^^
  File "D:\Users\Desktop\automator_project\venv\Lib\site-packages\telebot\__init__.py", line 1179, in __threaded_polling
    raise e
  File "D:\Users\Desktop\automator_project\venv\Lib\site-packages\telebot\__init__.py", line 1140, in __threaded_polling
    polling_thread.raise_exceptions()
    ~~~~~~~~~~~~~~~~~~~~~~~~~~~~~~~^^
  File "D:\Users\Desktop\automator_project\venv\Lib\site-packages\telebot\util.py", line 110, in raise_exceptions
    raise self.exception_info
  File "D:\Users\Desktop\automator_project\venv\Lib\site-packages\telebot\util.py", line 92, in run
    task(*args, **kwargs)
    ~~~~^^^^^^^^^^^^^^^^^
  File "D:\Users\Desktop\automator_project\venv\Lib\site-packages\telebot\__init__.py", line 661, in __retrieve_updates
    updates = self.get_updates(offset=(self.last_update_id + 1),
                               allowed_updates=allowed_updates,
                               timeout=timeout, long_polling_timeout=long_polling_timeout)
  File "D:\Users\Desktop\automator_project\venv\Lib\site-packages\telebot\__init__.py", line 633, in get_updates
    json_updates = apihelper.get_updates(
        self.token, offset=offset, limit=limit, timeout=timeout, allowed_updates=allowed_updates,
        long_polling_timeout=long_polling_timeout)
  File "D:\Users\Desktop\automator_project\venv\Lib\site-packages\telebot\apihelper.py", line 321, in get_updates
    return _make_request(token, method_url, params=payload)
  File "D:\Users\Desktop\automator_project\venv\Lib\site-packages\telebot\apihelper.py", line 158, in _make_request
    result = _get_req_session().request(
        method, request_url, params=params, files=files,
        timeout=(connect_timeout, read_timeout), proxies=proxy)
  File "D:\Users\Desktop\automator_project\venv\Lib\site-packages\requests\sessions.py", line 589, in request
    resp = self.send(prep, **send_kwargs)
  File "D:\Users\Desktop\automator_project\venv\Lib\site-packages\requests\sessions.py", line 703, in send
    r = adapter.send(request, **kwargs)
  File "D:\Users\Desktop\automator_project\venv\Lib\site-packages\requests\adapters.py", line 519, in send
    raise ConnectionError(e, request=request)
requests.exceptions.ConnectionError: HTTPSConnectionPool(host='api.telegram.org', port=443): Max retries exceeded with url: /bot8730236171:AAFy_65gvPbjYkMvnxpGyZ5bOirrxUC6rJQ/getUpdates?offset=95087094&timeout=20 (Caused by NameResolutionError("HTTPSConnection(host='api.telegram.org', port=443): Failed to resolve 'api.telegram.org' ([Errno 11001] getaddrinfo failed)"))

2026-03-31 02:21:36,064 - TeleBot - ERROR - Infinity polling exception: HTTPSConnectionPool(host='api.telegram.org', port=443): Read timed out. (read timeout=30)
2026-03-31 02:21:36,074 - TeleBot - ERROR - Exception traceback:
Traceback (most recent call last):
  File "D:\Users\Desktop\automator_project\venv\Lib\site-packages\urllib3\connectionpool.py", line 534, in _make_request
    response = conn.getresponse()
  File "D:\Users\Desktop\automator_project\venv\Lib\site-packages\urllib3\connection.py", line 571, in getresponse
    httplib_response = super().getresponse()
  File "C:\Users\Simonoviya\AppData\Local\Programs\Python\Python314\Lib\http\client.py", line 1450, in getresponse
    response.begin()
    ~~~~~~~~~~~~~~^^
  File "C:\Users\Simonoviya\AppData\Local\Programs\Python\Python314\Lib\http\client.py", line 336, in begin
    version, status, reason = self._read_status()
                              ~~~~~~~~~~~~~~~~~^^
  File "C:\Users\Simonoviya\AppData\Local\Programs\Python\Python314\Lib\http\client.py", line 297, in _read_status
    line = str(self.fp.readline(_MAXLINE + 1), "iso-8859-1")
               ~~~~~~~~~~~~~~~~^^^^^^^^^^^^^^
  File "C:\Users\Simonoviya\AppData\Local\Programs\Python\Python314\Lib\socket.py", line 725, in readinto
    return self._sock.recv_into(b)
           ~~~~~~~~~~~~~~~~~~~~^^^
  File "C:\Users\Simonoviya\AppData\Local\Programs\Python\Python314\Lib\ssl.py", line 1304, in recv_into
    return self.read(nbytes, buffer)
           ~~~~~~~~~^^^^^^^^^^^^^^^^
  File "C:\Users\Simonoviya\AppData\Local\Programs\Python\Python314\Lib\ssl.py", line 1138, in read
    return self._sslobj.read(len, buffer)
           ~~~~~~~~~~~~~~~~~^^^^^^^^^^^^^
TimeoutError: The read operation timed out

The above exception was the direct cause of the following exception:

Traceback (most recent call last):
  File "D:\Users\Desktop\automator_project\venv\Lib\site-packages\requests\adapters.py", line 486, in send
    resp = conn.urlopen(
        method=request.method,
    ...<9 lines>...
        chunked=chunked,
    )
  File "D:\Users\Desktop\automator_project\venv\Lib\site-packages\urllib3\connectionpool.py", line 841, in urlopen
    retries = retries.increment(
        method, url, error=new_e, _pool=self, _stacktrace=sys.exc_info()[2]
    )
  File "D:\Users\Desktop\automator_project\venv\Lib\site-packages\urllib3\util\retry.py", line 490, in increment
    raise reraise(type(error), error, _stacktrace)
          ~~~~~~~^^^^^^^^^^^^^^^^^^^^^^^^^^^^^^^^^
  File "D:\Users\Desktop\automator_project\venv\Lib\site-packages\urllib3\util\util.py", line 39, in reraise
    raise value
  File "D:\Users\Desktop\automator_project\venv\Lib\site-packages\urllib3\connectionpool.py", line 787, in urlopen
    response = self._make_request(
        conn,
    ...<10 lines>...
        **response_kw,
    )
  File "D:\Users\Desktop\automator_project\venv\Lib\site-packages\urllib3\connectionpool.py", line 536, in _make_request
    self._raise_timeout(err=e, url=url, timeout_value=read_timeout)
    ~~~~~~~~~~~~~~~~~~~^^^^^^^^^^^^^^^^^^^^^^^^^^^^^^^^^^^^^^^^^^^^
  File "D:\Users\Desktop\automator_project\venv\Lib\site-packages\urllib3\connectionpool.py", line 367, in _raise_timeout
    raise ReadTimeoutError(
        self, url, f"Read timed out. (read timeout={timeout_value})"
    ) from err
urllib3.exceptions.ReadTimeoutError: HTTPSConnectionPool(host='api.telegram.org', port=443): Read timed out. (read timeout=30)

During handling of the above exception, another exception occurred:

Traceback (most recent call last):
  File "D:\Users\Desktop\automator_project\venv\Lib\site-packages\telebot\__init__.py", line 1016, in infinity_polling
    self.polling(non_stop=True, timeout=timeout, long_polling_timeout=long_polling_timeout,
    ~~~~~~~~~~~~^^^^^^^^^^^^^^^^^^^^^^^^^^^^^^^^^^^^^^^^^^^^^^^^^^^^^^^^^^^^^^^^^^^^^^^^^^^
                 logger_level=logger_level, allowed_updates=allowed_updates, restart_on_change=False,
                 ^^^^^^^^^^^^^^^^^^^^^^^^^^^^^^^^^^^^^^^^^^^^^^^^^^^^^^^^^^^^^^^^^^^^^^^^^^^^^^^^^^^^
                 *args, **kwargs)
                 ^^^^^^^^^^^^^^^^
  File "D:\Users\Desktop\automator_project\venv\Lib\site-packages\telebot\__init__.py", line 1104, in polling
    self.__threaded_polling(non_stop=non_stop, interval=interval, timeout=timeout, long_polling_timeout=long_polling_timeout,
    ~~~~~~~~~~~~~~~~~~~~~~~^^^^^^^^^^^^^^^^^^^^^^^^^^^^^^^^^^^^^^^^^^^^^^^^^^^^^^^^^^^^^^^^^^^^^^^^^^^^^^^^^^^^^^^^^^^^^^^^^^
                            logger_level=logger_level, allowed_updates=allowed_updates)
                            ^^^^^^^^^^^^^^^^^^^^^^^^^^^^^^^^^^^^^^^^^^^^^^^^^^^^^^^^^^^
  File "D:\Users\Desktop\automator_project\venv\Lib\site-packages\telebot\__init__.py", line 1179, in __threaded_polling
    raise e
  File "D:\Users\Desktop\automator_project\venv\Lib\site-packages\telebot\__init__.py", line 1140, in __threaded_polling
    polling_thread.raise_exceptions()
    ~~~~~~~~~~~~~~~~~~~~~~~~~~~~~~~^^
  File "D:\Users\Desktop\automator_project\venv\Lib\site-packages\telebot\util.py", line 110, in raise_exceptions
    raise self.exception_info
  File "D:\Users\Desktop\automator_project\venv\Lib\site-packages\telebot\util.py", line 92, in run
    task(*args, **kwargs)
    ~~~~^^^^^^^^^^^^^^^^^
  File "D:\Users\Desktop\automator_project\venv\Lib\site-packages\telebot\__init__.py", line 661, in __retrieve_updates
    updates = self.get_updates(offset=(self.last_update_id + 1),
                               allowed_updates=allowed_updates,
                               timeout=timeout, long_polling_timeout=long_polling_timeout)
  File "D:\Users\Desktop\automator_project\venv\Lib\site-packages\telebot\__init__.py", line 633, in get_updates
    json_updates = apihelper.get_updates(
        self.token, offset=offset, limit=limit, timeout=timeout, allowed_updates=allowed_updates,
        long_polling_timeout=long_polling_timeout)
  File "D:\Users\Desktop\automator_project\venv\Lib\site-packages\telebot\apihelper.py", line 321, in get_updates
    return _make_request(token, method_url, params=payload)
  File "D:\Users\Desktop\automator_project\venv\Lib\site-packages\telebot\apihelper.py", line 158, in _make_request
    result = _get_req_session().request(
        method, request_url, params=params, files=files,
        timeout=(connect_timeout, read_timeout), proxies=proxy)
  File "D:\Users\Desktop\automator_project\venv\Lib\site-packages\requests\sessions.py", line 589, in request
    resp = self.send(prep, **send_kwargs)
  File "D:\Users\Desktop\automator_project\venv\Lib\site-packages\requests\sessions.py", line 703, in send
    r = adapter.send(request, **kwargs)
  File "D:\Users\Desktop\automator_project\venv\Lib\site-packages\requests\adapters.py", line 532, in send
    raise ReadTimeout(e, request=request)
requests.exceptions.ReadTimeout: HTTPSConnectionPool(host='api.telegram.org', port=443): Read timed out. (read timeout=30)

2026-03-31 02:21:50,570 - TeleBot - ERROR - Infinity polling exception: HTTPSConnectionPool(host='api.telegram.org', port=443): Max retries exceeded with url: /bot8730236171:AAFy_65gvPbjYkMvnxpGyZ5bOirrxUC6rJQ/getUpdates?offset=95087094&timeout=20 (Caused by NameResolutionError("HTTPSConnection(host='api.telegram.org', port=443): Failed to resolve 'api.telegram.org' ([Errno 11001] getaddrinfo failed)"))
2026-03-31 02:21:50,578 - TeleBot - ERROR - Exception traceback:
Traceback (most recent call last):
  File "D:\Users\Desktop\automator_project\venv\Lib\site-packages\urllib3\connection.py", line 204, in _new_conn
    sock = connection.create_connection(
        (self._dns_host, self.port),
    ...<2 lines>...
        socket_options=self.socket_options,
    )
  File "D:\Users\Desktop\automator_project\venv\Lib\site-packages\urllib3\util\connection.py", line 60, in create_connection
    for res in socket.getaddrinfo(host, port, family, socket.SOCK_STREAM):
               ~~~~~~~~~~~~~~~~~~^^^^^^^^^^^^^^^^^^^^^^^^^^^^^^^^^^^^^^^^
  File "C:\Users\Simonoviya\AppData\Local\Programs\Python\Python314\Lib\socket.py", line 983, in getaddrinfo
    for res in _socket.getaddrinfo(host, port, family, type, proto, flags):
               ~~~~~~~~~~~~~~~~~~~^^^^^^^^^^^^^^^^^^^^^^^^^^^^^^^^^^^^^^^^
socket.gaierror: [Errno 11001] getaddrinfo failed

The above exception was the direct cause of the following exception:

Traceback (most recent call last):
  File "D:\Users\Desktop\automator_project\venv\Lib\site-packages\urllib3\connectionpool.py", line 787, in urlopen
    response = self._make_request(
        conn,
    ...<10 lines>...
        **response_kw,
    )
  File "D:\Users\Desktop\automator_project\venv\Lib\site-packages\urllib3\connectionpool.py", line 488, in _make_request
    raise new_e
  File "D:\Users\Desktop\automator_project\venv\Lib\site-packages\urllib3\connectionpool.py", line 464, in _make_request
    self._validate_conn(conn)
    ~~~~~~~~~~~~~~~~~~~^^^^^^
  File "D:\Users\Desktop\automator_project\venv\Lib\site-packages\urllib3\connectionpool.py", line 1093, in _validate_conn
    conn.connect()
    ~~~~~~~~~~~~^^
  File "D:\Users\Desktop\automator_project\venv\Lib\site-packages\urllib3\connection.py", line 759, in connect
    self.sock = sock = self._new_conn()
                       ~~~~~~~~~~~~~~^^
  File "D:\Users\Desktop\automator_project\venv\Lib\site-packages\urllib3\connection.py", line 211, in _new_conn
    raise NameResolutionError(self.host, self, e) from e
urllib3.exceptions.NameResolutionError: HTTPSConnection(host='api.telegram.org', port=443): Failed to resolve 'api.telegram.org' ([Errno 11001] getaddrinfo failed)

The above exception was the direct cause of the following exception:

Traceback (most recent call last):
  File "D:\Users\Desktop\automator_project\venv\Lib\site-packages\requests\adapters.py", line 486, in send
    resp = conn.urlopen(
        method=request.method,
    ...<9 lines>...
        chunked=chunked,
    )
  File "D:\Users\Desktop\automator_project\venv\Lib\site-packages\urllib3\connectionpool.py", line 841, in urlopen
    retries = retries.increment(
        method, url, error=new_e, _pool=self, _stacktrace=sys.exc_info()[2]
    )
  File "D:\Users\Desktop\automator_project\venv\Lib\site-packages\urllib3\util\retry.py", line 535, in increment
    raise MaxRetryError(_pool, url, reason) from reason  # type: ignore[arg-type]
    ^^^^^^^^^^^^^^^^^^^^^^^^^^^^^^^^^^^^^^^^^^^^^^^^^^^
urllib3.exceptions.MaxRetryError: HTTPSConnectionPool(host='api.telegram.org', port=443): Max retries exceeded with url: /bot8730236171:AAFy_65gvPbjYkMvnxpGyZ5bOirrxUC6rJQ/getUpdates?offset=95087094&timeout=20 (Caused by NameResolutionError("HTTPSConnection(host='api.telegram.org', port=443): Failed to resolve 'api.telegram.org' ([Errno 11001] getaddrinfo failed)"))

During handling of the above exception, another exception occurred:

Traceback (most recent call last):
  File "D:\Users\Desktop\automator_project\venv\Lib\site-packages\telebot\__init__.py", line 1016, in infinity_polling
    self.polling(non_stop=True, timeout=timeout, long_polling_timeout=long_polling_timeout,
    ~~~~~~~~~~~~^^^^^^^^^^^^^^^^^^^^^^^^^^^^^^^^^^^^^^^^^^^^^^^^^^^^^^^^^^^^^^^^^^^^^^^^^^^
                 logger_level=logger_level, allowed_updates=allowed_updates, restart_on_change=False,
                 ^^^^^^^^^^^^^^^^^^^^^^^^^^^^^^^^^^^^^^^^^^^^^^^^^^^^^^^^^^^^^^^^^^^^^^^^^^^^^^^^^^^^
                 *args, **kwargs)
                 ^^^^^^^^^^^^^^^^
  File "D:\Users\Desktop\automator_project\venv\Lib\site-packages\telebot\__init__.py", line 1104, in polling
    self.__threaded_polling(non_stop=non_stop, interval=interval, timeout=timeout, long_polling_timeout=long_polling_timeout,
    ~~~~~~~~~~~~~~~~~~~~~~~^^^^^^^^^^^^^^^^^^^^^^^^^^^^^^^^^^^^^^^^^^^^^^^^^^^^^^^^^^^^^^^^^^^^^^^^^^^^^^^^^^^^^^^^^^^^^^^^^^
                            logger_level=logger_level, allowed_updates=allowed_updates)
                            ^^^^^^^^^^^^^^^^^^^^^^^^^^^^^^^^^^^^^^^^^^^^^^^^^^^^^^^^^^^
  File "D:\Users\Desktop\automator_project\venv\Lib\site-packages\telebot\__init__.py", line 1179, in __threaded_polling
    raise e
  File "D:\Users\Desktop\automator_project\venv\Lib\site-packages\telebot\__init__.py", line 1140, in __threaded_polling
    polling_thread.raise_exceptions()
    ~~~~~~~~~~~~~~~~~~~~~~~~~~~~~~~^^
  File "D:\Users\Desktop\automator_project\venv\Lib\site-packages\telebot\util.py", line 110, in raise_exceptions
    raise self.exception_info
  File "D:\Users\Desktop\automator_project\venv\Lib\site-packages\telebot\util.py", line 92, in run
    task(*args, **kwargs)
    ~~~~^^^^^^^^^^^^^^^^^
  File "D:\Users\Desktop\automator_project\venv\Lib\site-packages\telebot\__init__.py", line 661, in __retrieve_updates
    updates = self.get_updates(offset=(self.last_update_id + 1),
                               allowed_updates=allowed_updates,
                               timeout=timeout, long_polling_timeout=long_polling_timeout)
  File "D:\Users\Desktop\automator_project\venv\Lib\site-packages\telebot\__init__.py", line 633, in get_updates
    json_updates = apihelper.get_updates(
        self.token, offset=offset, limit=limit, timeout=timeout, allowed_updates=allowed_updates,
        long_polling_timeout=long_polling_timeout)
  File "D:\Users\Desktop\automator_project\venv\Lib\site-packages\telebot\apihelper.py", line 321, in get_updates
    return _make_request(token, method_url, params=payload)
  File "D:\Users\Desktop\automator_project\venv\Lib\site-packages\telebot\apihelper.py", line 158, in _make_request
    result = _get_req_session().request(
        method, request_url, params=params, files=files,
        timeout=(connect_timeout, read_timeout), proxies=proxy)
  File "D:\Users\Desktop\automator_project\venv\Lib\site-packages\requests\sessions.py", line 589, in request
    resp = self.send(prep, **send_kwargs)
  File "D:\Users\Desktop\automator_project\venv\Lib\site-packages\requests\sessions.py", line 703, in send
    r = adapter.send(request, **kwargs)
  File "D:\Users\Desktop\automator_project\venv\Lib\site-packages\requests\adapters.py", line 519, in send
    raise ConnectionError(e, request=request)
requests.exceptions.ConnectionError: HTTPSConnectionPool(host='api.telegram.org', port=443): Max retries exceeded with url: /bot8730236171:AAFy_65gvPbjYkMvnxpGyZ5bOirrxUC6rJQ/getUpdates?offset=95087094&timeout=20 (Caused by NameResolutionError("HTTPSConnection(host='api.telegram.org', port=443): Failed to resolve 'api.telegram.org' ([Errno 11001] getaddrinfo failed)"))

2026-03-31 02:22:05,073 - TeleBot - ERROR - Infinity polling exception: HTTPSConnectionPool(host='api.telegram.org', port=443): Max retries exceeded with url: /bot8730236171:AAFy_65gvPbjYkMvnxpGyZ5bOirrxUC6rJQ/getUpdates?offset=95087094&timeout=20 (Caused by NameResolutionError("HTTPSConnection(host='api.telegram.org', port=443): Failed to resolve 'api.telegram.org' ([Errno 11001] getaddrinfo failed)"))
2026-03-31 02:22:05,083 - TeleBot - ERROR - Exception traceback:
Traceback (most recent call last):
  File "D:\Users\Desktop\automator_project\venv\Lib\site-packages\urllib3\connection.py", line 204, in _new_conn
    sock = connection.create_connection(
        (self._dns_host, self.port),
    ...<2 lines>...
        socket_options=self.socket_options,
    )
  File "D:\Users\Desktop\automator_project\venv\Lib\site-packages\urllib3\util\connection.py", line 60, in create_connection
    for res in socket.getaddrinfo(host, port, family, socket.SOCK_STREAM):
               ~~~~~~~~~~~~~~~~~~^^^^^^^^^^^^^^^^^^^^^^^^^^^^^^^^^^^^^^^^
  File "C:\Users\Simonoviya\AppData\Local\Programs\Python\Python314\Lib\socket.py", line 983, in getaddrinfo
    for res in _socket.getaddrinfo(host, port, family, type, proto, flags):
               ~~~~~~~~~~~~~~~~~~~^^^^^^^^^^^^^^^^^^^^^^^^^^^^^^^^^^^^^^^^
socket.gaierror: [Errno 11001] getaddrinfo failed

The above exception was the direct cause of the following exception:

Traceback (most recent call last):
  File "D:\Users\Desktop\automator_project\venv\Lib\site-packages\urllib3\connectionpool.py", line 787, in urlopen
    response = self._make_request(
        conn,
    ...<10 lines>...
        **response_kw,
    )
  File "D:\Users\Desktop\automator_project\venv\Lib\site-packages\urllib3\connectionpool.py", line 488, in _make_request
    raise new_e
  File "D:\Users\Desktop\automator_project\venv\Lib\site-packages\urllib3\connectionpool.py", line 464, in _make_request
    self._validate_conn(conn)
    ~~~~~~~~~~~~~~~~~~~^^^^^^
  File "D:\Users\Desktop\automator_project\venv\Lib\site-packages\urllib3\connectionpool.py", line 1093, in _validate_conn
    conn.connect()
    ~~~~~~~~~~~~^^
  File "D:\Users\Desktop\automator_project\venv\Lib\site-packages\urllib3\connection.py", line 759, in connect
    self.sock = sock = self._new_conn()
                       ~~~~~~~~~~~~~~^^
  File "D:\Users\Desktop\automator_project\venv\Lib\site-packages\urllib3\connection.py", line 211, in _new_conn
    raise NameResolutionError(self.host, self, e) from e
urllib3.exceptions.NameResolutionError: HTTPSConnection(host='api.telegram.org', port=443): Failed to resolve 'api.telegram.org' ([Errno 11001] getaddrinfo failed)

The above exception was the direct cause of the following exception:

Traceback (most recent call last):
  File "D:\Users\Desktop\automator_project\venv\Lib\site-packages\requests\adapters.py", line 486, in send
    resp = conn.urlopen(
        method=request.method,
    ...<9 lines>...
        chunked=chunked,
    )
  File "D:\Users\Desktop\automator_project\venv\Lib\site-packages\urllib3\connectionpool.py", line 841, in urlopen
    retries = retries.increment(
        method, url, error=new_e, _pool=self, _stacktrace=sys.exc_info()[2]
    )
  File "D:\Users\Desktop\automator_project\venv\Lib\site-packages\urllib3\util\retry.py", line 535, in increment
    raise MaxRetryError(_pool, url, reason) from reason  # type: ignore[arg-type]
    ^^^^^^^^^^^^^^^^^^^^^^^^^^^^^^^^^^^^^^^^^^^^^^^^^^^
urllib3.exceptions.MaxRetryError: HTTPSConnectionPool(host='api.telegram.org', port=443): Max retries exceeded with url: /bot8730236171:AAFy_65gvPbjYkMvnxpGyZ5bOirrxUC6rJQ/getUpdates?offset=95087094&timeout=20 (Caused by NameResolutionError("HTTPSConnection(host='api.telegram.org', port=443): Failed to resolve 'api.telegram.org' ([Errno 11001] getaddrinfo failed)"))

During handling of the above exception, another exception occurred:

Traceback (most recent call last):
  File "D:\Users\Desktop\automator_project\venv\Lib\site-packages\telebot\__init__.py", line 1016, in infinity_polling
    self.polling(non_stop=True, timeout=timeout, long_polling_timeout=long_polling_timeout,
    ~~~~~~~~~~~~^^^^^^^^^^^^^^^^^^^^^^^^^^^^^^^^^^^^^^^^^^^^^^^^^^^^^^^^^^^^^^^^^^^^^^^^^^^
                 logger_level=logger_level, allowed_updates=allowed_updates, restart_on_change=False,
                 ^^^^^^^^^^^^^^^^^^^^^^^^^^^^^^^^^^^^^^^^^^^^^^^^^^^^^^^^^^^^^^^^^^^^^^^^^^^^^^^^^^^^
                 *args, **kwargs)
                 ^^^^^^^^^^^^^^^^
  File "D:\Users\Desktop\automator_project\venv\Lib\site-packages\telebot\__init__.py", line 1104, in polling
    self.__threaded_polling(non_stop=non_stop, interval=interval, timeout=timeout, long_polling_timeout=long_polling_timeout,
    ~~~~~~~~~~~~~~~~~~~~~~~^^^^^^^^^^^^^^^^^^^^^^^^^^^^^^^^^^^^^^^^^^^^^^^^^^^^^^^^^^^^^^^^^^^^^^^^^^^^^^^^^^^^^^^^^^^^^^^^^^
                            logger_level=logger_level, allowed_updates=allowed_updates)
                            ^^^^^^^^^^^^^^^^^^^^^^^^^^^^^^^^^^^^^^^^^^^^^^^^^^^^^^^^^^^
  File "D:\Users\Desktop\automator_project\venv\Lib\site-packages\telebot\__init__.py", line 1179, in __threaded_polling
    raise e
  File "D:\Users\Desktop\automator_project\venv\Lib\site-packages\telebot\__init__.py", line 1140, in __threaded_polling
    polling_thread.raise_exceptions()
    ~~~~~~~~~~~~~~~~~~~~~~~~~~~~~~~^^
  File "D:\Users\Desktop\automator_project\venv\Lib\site-packages\telebot\util.py", line 110, in raise_exceptions
    raise self.exception_info
  File "D:\Users\Desktop\automator_project\venv\Lib\site-packages\telebot\util.py", line 92, in run
    task(*args, **kwargs)
    ~~~~^^^^^^^^^^^^^^^^^
  File "D:\Users\Desktop\automator_project\venv\Lib\site-packages\telebot\__init__.py", line 661, in __retrieve_updates
    updates = self.get_updates(offset=(self.last_update_id + 1),
                               allowed_updates=allowed_updates,
                               timeout=timeout, long_polling_timeout=long_polling_timeout)
  File "D:\Users\Desktop\automator_project\venv\Lib\site-packages\telebot\__init__.py", line 633, in get_updates
    json_updates = apihelper.get_updates(
        self.token, offset=offset, limit=limit, timeout=timeout, allowed_updates=allowed_updates,
        long_polling_timeout=long_polling_timeout)
  File "D:\Users\Desktop\automator_project\venv\Lib\site-packages\telebot\apihelper.py", line 321, in get_updates
    return _make_request(token, method_url, params=payload)
  File "D:\Users\Desktop\automator_project\venv\Lib\site-packages\telebot\apihelper.py", line 158, in _make_request
    result = _get_req_session().request(
        method, request_url, params=params, files=files,
        timeout=(connect_timeout, read_timeout), proxies=proxy)
  File "D:\Users\Desktop\automator_project\venv\Lib\site-packages\requests\sessions.py", line 589, in request
    resp = self.send(prep, **send_kwargs)
  File "D:\Users\Desktop\automator_project\venv\Lib\site-packages\requests\sessions.py", line 703, in send
    r = adapter.send(request, **kwargs)
  File "D:\Users\Desktop\automator_project\venv\Lib\site-packages\requests\adapters.py", line 519, in send
    raise ConnectionError(e, request=request)
requests.exceptions.ConnectionError: HTTPSConnectionPool(host='api.telegram.org', port=443): Max retries exceeded with url: /bot8730236171:AAFy_65gvPbjYkMvnxpGyZ5bOirrxUC6rJQ/getUpdates?offset=95087094&timeout=20 (Caused by NameResolutionError("HTTPSConnection(host='api.telegram.org', port=443): Failed to resolve 'api.telegram.org' ([Errno 11001] getaddrinfo failed)"))

2026-03-31 02:22:19,576 - TeleBot - ERROR - Infinity polling exception: HTTPSConnectionPool(host='api.telegram.org', port=443): Max retries exceeded with url: /bot8730236171:AAFy_65gvPbjYkMvnxpGyZ5bOirrxUC6rJQ/getUpdates?offset=95087094&timeout=20 (Caused by NameResolutionError("HTTPSConnection(host='api.telegram.org', port=443): Failed to resolve 'api.telegram.org' ([Errno 11001] getaddrinfo failed)"))
2026-03-31 02:22:19,584 - TeleBot - ERROR - Exception traceback:
Traceback (most recent call last):
  File "D:\Users\Desktop\automator_project\venv\Lib\site-packages\urllib3\connection.py", line 204, in _new_conn
    sock = connection.create_connection(
        (self._dns_host, self.port),
    ...<2 lines>...
        socket_options=self.socket_options,
    )
  File "D:\Users\Desktop\automator_project\venv\Lib\site-packages\urllib3\util\connection.py", line 60, in create_connection
    for res in socket.getaddrinfo(host, port, family, socket.SOCK_STREAM):
               ~~~~~~~~~~~~~~~~~~^^^^^^^^^^^^^^^^^^^^^^^^^^^^^^^^^^^^^^^^
  File "C:\Users\Simonoviya\AppData\Local\Programs\Python\Python314\Lib\socket.py", line 983, in getaddrinfo
    for res in _socket.getaddrinfo(host, port, family, type, proto, flags):
               ~~~~~~~~~~~~~~~~~~~^^^^^^^^^^^^^^^^^^^^^^^^^^^^^^^^^^^^^^^^
socket.gaierror: [Errno 11001] getaddrinfo failed

The above exception was the direct cause of the following exception:

Traceback (most recent call last):
  File "D:\Users\Desktop\automator_project\venv\Lib\site-packages\urllib3\connectionpool.py", line 787, in urlopen
    response = self._make_request(
        conn,
    ...<10 lines>...
        **response_kw,
    )
  File "D:\Users\Desktop\automator_project\venv\Lib\site-packages\urllib3\connectionpool.py", line 488, in _make_request
    raise new_e
  File "D:\Users\Desktop\automator_project\venv\Lib\site-packages\urllib3\connectionpool.py", line 464, in _make_request
    self._validate_conn(conn)
    ~~~~~~~~~~~~~~~~~~~^^^^^^
  File "D:\Users\Desktop\automator_project\venv\Lib\site-packages\urllib3\connectionpool.py", line 1093, in _validate_conn
    conn.connect()
    ~~~~~~~~~~~~^^
  File "D:\Users\Desktop\automator_project\venv\Lib\site-packages\urllib3\connection.py", line 759, in connect
    self.sock = sock = self._new_conn()
                       ~~~~~~~~~~~~~~^^
  File "D:\Users\Desktop\automator_project\venv\Lib\site-packages\urllib3\connection.py", line 211, in _new_conn
    raise NameResolutionError(self.host, self, e) from e
urllib3.exceptions.NameResolutionError: HTTPSConnection(host='api.telegram.org', port=443): Failed to resolve 'api.telegram.org' ([Errno 11001] getaddrinfo failed)

The above exception was the direct cause of the following exception:

Traceback (most recent call last):
  File "D:\Users\Desktop\automator_project\venv\Lib\site-packages\requests\adapters.py", line 486, in send
    resp = conn.urlopen(
        method=request.method,
    ...<9 lines>...
        chunked=chunked,
    )
  File "D:\Users\Desktop\automator_project\venv\Lib\site-packages\urllib3\connectionpool.py", line 841, in urlopen
    retries = retries.increment(
        method, url, error=new_e, _pool=self, _stacktrace=sys.exc_info()[2]
    )
  File "D:\Users\Desktop\automator_project\venv\Lib\site-packages\urllib3\util\retry.py", line 535, in increment
    raise MaxRetryError(_pool, url, reason) from reason  # type: ignore[arg-type]
    ^^^^^^^^^^^^^^^^^^^^^^^^^^^^^^^^^^^^^^^^^^^^^^^^^^^
urllib3.exceptions.MaxRetryError: HTTPSConnectionPool(host='api.telegram.org', port=443): Max retries exceeded with url: /bot8730236171:AAFy_65gvPbjYkMvnxpGyZ5bOirrxUC6rJQ/getUpdates?offset=95087094&timeout=20 (Caused by NameResolutionError("HTTPSConnection(host='api.telegram.org', port=443): Failed to resolve 'api.telegram.org' ([Errno 11001] getaddrinfo failed)"))

During handling of the above exception, another exception occurred:

Traceback (most recent call last):
  File "D:\Users\Desktop\automator_project\venv\Lib\site-packages\telebot\__init__.py", line 1016, in infinity_polling
    self.polling(non_stop=True, timeout=timeout, long_polling_timeout=long_polling_timeout,
    ~~~~~~~~~~~~^^^^^^^^^^^^^^^^^^^^^^^^^^^^^^^^^^^^^^^^^^^^^^^^^^^^^^^^^^^^^^^^^^^^^^^^^^^
                 logger_level=logger_level, allowed_updates=allowed_updates, restart_on_change=False,
                 ^^^^^^^^^^^^^^^^^^^^^^^^^^^^^^^^^^^^^^^^^^^^^^^^^^^^^^^^^^^^^^^^^^^^^^^^^^^^^^^^^^^^
                 *args, **kwargs)
                 ^^^^^^^^^^^^^^^^
  File "D:\Users\Desktop\automator_project\venv\Lib\site-packages\telebot\__init__.py", line 1104, in polling
    self.__threaded_polling(non_stop=non_stop, interval=interval, timeout=timeout, long_polling_timeout=long_polling_timeout,
    ~~~~~~~~~~~~~~~~~~~~~~~^^^^^^^^^^^^^^^^^^^^^^^^^^^^^^^^^^^^^^^^^^^^^^^^^^^^^^^^^^^^^^^^^^^^^^^^^^^^^^^^^^^^^^^^^^^^^^^^^^
                            logger_level=logger_level, allowed_updates=allowed_updates)
                            ^^^^^^^^^^^^^^^^^^^^^^^^^^^^^^^^^^^^^^^^^^^^^^^^^^^^^^^^^^^
  File "D:\Users\Desktop\automator_project\venv\Lib\site-packages\telebot\__init__.py", line 1179, in __threaded_polling
    raise e
  File "D:\Users\Desktop\automator_project\venv\Lib\site-packages\telebot\__init__.py", line 1140, in __threaded_polling
    polling_thread.raise_exceptions()
    ~~~~~~~~~~~~~~~~~~~~~~~~~~~~~~~^^
  File "D:\Users\Desktop\automator_project\venv\Lib\site-packages\telebot\util.py", line 110, in raise_exceptions
    raise self.exception_info
  File "D:\Users\Desktop\automator_project\venv\Lib\site-packages\telebot\util.py", line 92, in run
    task(*args, **kwargs)
    ~~~~^^^^^^^^^^^^^^^^^
  File "D:\Users\Desktop\automator_project\venv\Lib\site-packages\telebot\__init__.py", line 661, in __retrieve_updates
    updates = self.get_updates(offset=(self.last_update_id + 1),
                               allowed_updates=allowed_updates,
                               timeout=timeout, long_polling_timeout=long_polling_timeout)
  File "D:\Users\Desktop\automator_project\venv\Lib\site-packages\telebot\__init__.py", line 633, in get_updates
    json_updates = apihelper.get_updates(
        self.token, offset=offset, limit=limit, timeout=timeout, allowed_updates=allowed_updates,
        long_polling_timeout=long_polling_timeout)
  File "D:\Users\Desktop\automator_project\venv\Lib\site-packages\telebot\apihelper.py", line 321, in get_updates
    return _make_request(token, method_url, params=payload)
  File "D:\Users\Desktop\automator_project\venv\Lib\site-packages\telebot\apihelper.py", line 158, in _make_request
    result = _get_req_session().request(
        method, request_url, params=params, files=files,
        timeout=(connect_timeout, read_timeout), proxies=proxy)
  File "D:\Users\Desktop\automator_project\venv\Lib\site-packages\requests\sessions.py", line 589, in request
    resp = self.send(prep, **send_kwargs)
  File "D:\Users\Desktop\automator_project\venv\Lib\site-packages\requests\sessions.py", line 703, in send
    r = adapter.send(request, **kwargs)
  File "D:\Users\Desktop\automator_project\venv\Lib\site-packages\requests\adapters.py", line 519, in send
    raise ConnectionError(e, request=request)
requests.exceptions.ConnectionError: HTTPSConnectionPool(host='api.telegram.org', port=443): Max retries exceeded with url: /bot8730236171:AAFy_65gvPbjYkMvnxpGyZ5bOirrxUC6rJQ/getUpdates?offset=95087094&timeout=20 (Caused by NameResolutionError("HTTPSConnection(host='api.telegram.org', port=443): Failed to resolve 'api.telegram.org' ([Errno 11001] getaddrinfo failed)"))

2026-03-31 02:22:34,071 - TeleBot - ERROR - Infinity polling exception: HTTPSConnectionPool(host='api.telegram.org', port=443): Max retries exceeded with url: /bot8730236171:AAFy_65gvPbjYkMvnxpGyZ5bOirrxUC6rJQ/getUpdates?offset=95087094&timeout=20 (Caused by NameResolutionError("HTTPSConnection(host='api.telegram.org', port=443): Failed to resolve 'api.telegram.org' ([Errno 11001] getaddrinfo failed)"))
2026-03-31 02:22:34,081 - TeleBot - ERROR - Exception traceback:
Traceback (most recent call last):
  File "D:\Users\Desktop\automator_project\venv\Lib\site-packages\urllib3\connection.py", line 204, in _new_conn
    sock = connection.create_connection(
        (self._dns_host, self.port),
    ...<2 lines>...
        socket_options=self.socket_options,
    )
  File "D:\Users\Desktop\automator_project\venv\Lib\site-packages\urllib3\util\connection.py", line 60, in create_connection
    for res in socket.getaddrinfo(host, port, family, socket.SOCK_STREAM):
               ~~~~~~~~~~~~~~~~~~^^^^^^^^^^^^^^^^^^^^^^^^^^^^^^^^^^^^^^^^
  File "C:\Users\Simonoviya\AppData\Local\Programs\Python\Python314\Lib\socket.py", line 983, in getaddrinfo
    for res in _socket.getaddrinfo(host, port, family, type, proto, flags):
               ~~~~~~~~~~~~~~~~~~~^^^^^^^^^^^^^^^^^^^^^^^^^^^^^^^^^^^^^^^^
socket.gaierror: [Errno 11001] getaddrinfo failed

The above exception was the direct cause of the following exception:

Traceback (most recent call last):
  File "D:\Users\Desktop\automator_project\venv\Lib\site-packages\urllib3\connectionpool.py", line 787, in urlopen
    response = self._make_request(
        conn,
    ...<10 lines>...
        **response_kw,
    )
  File "D:\Users\Desktop\automator_project\venv\Lib\site-packages\urllib3\connectionpool.py", line 488, in _make_request
    raise new_e
  File "D:\Users\Desktop\automator_project\venv\Lib\site-packages\urllib3\connectionpool.py", line 464, in _make_request
    self._validate_conn(conn)
    ~~~~~~~~~~~~~~~~~~~^^^^^^
  File "D:\Users\Desktop\automator_project\venv\Lib\site-packages\urllib3\connectionpool.py", line 1093, in _validate_conn
    conn.connect()
    ~~~~~~~~~~~~^^
  File "D:\Users\Desktop\automator_project\venv\Lib\site-packages\urllib3\connection.py", line 759, in connect
    self.sock = sock = self._new_conn()
                       ~~~~~~~~~~~~~~^^
  File "D:\Users\Desktop\automator_project\venv\Lib\site-packages\urllib3\connection.py", line 211, in _new_conn
    raise NameResolutionError(self.host, self, e) from e
urllib3.exceptions.NameResolutionError: HTTPSConnection(host='api.telegram.org', port=443): Failed to resolve 'api.telegram.org' ([Errno 11001] getaddrinfo failed)

The above exception was the direct cause of the following exception:

Traceback (most recent call last):
  File "D:\Users\Desktop\automator_project\venv\Lib\site-packages\requests\adapters.py", line 486, in send
    resp = conn.urlopen(
        method=request.method,
    ...<9 lines>...
        chunked=chunked,
    )
  File "D:\Users\Desktop\automator_project\venv\Lib\site-packages\urllib3\connectionpool.py", line 841, in urlopen
    retries = retries.increment(
        method, url, error=new_e, _pool=self, _stacktrace=sys.exc_info()[2]
    )
  File "D:\Users\Desktop\automator_project\venv\Lib\site-packages\urllib3\util\retry.py", line 535, in increment
    raise MaxRetryError(_pool, url, reason) from reason  # type: ignore[arg-type]
    ^^^^^^^^^^^^^^^^^^^^^^^^^^^^^^^^^^^^^^^^^^^^^^^^^^^
urllib3.exceptions.MaxRetryError: HTTPSConnectionPool(host='api.telegram.org', port=443): Max retries exceeded with url: /bot8730236171:AAFy_65gvPbjYkMvnxpGyZ5bOirrxUC6rJQ/getUpdates?offset=95087094&timeout=20 (Caused by NameResolutionError("HTTPSConnection(host='api.telegram.org', port=443): Failed to resolve 'api.telegram.org' ([Errno 11001] getaddrinfo failed)"))

During handling of the above exception, another exception occurred:

Traceback (most recent call last):
  File "D:\Users\Desktop\automator_project\venv\Lib\site-packages\telebot\__init__.py", line 1016, in infinity_polling
    self.polling(non_stop=True, timeout=timeout, long_polling_timeout=long_polling_timeout,
    ~~~~~~~~~~~~^^^^^^^^^^^^^^^^^^^^^^^^^^^^^^^^^^^^^^^^^^^^^^^^^^^^^^^^^^^^^^^^^^^^^^^^^^^
                 logger_level=logger_level, allowed_updates=allowed_updates, restart_on_change=False,
                 ^^^^^^^^^^^^^^^^^^^^^^^^^^^^^^^^^^^^^^^^^^^^^^^^^^^^^^^^^^^^^^^^^^^^^^^^^^^^^^^^^^^^
                 *args, **kwargs)
                 ^^^^^^^^^^^^^^^^
  File "D:\Users\Desktop\automator_project\venv\Lib\site-packages\telebot\__init__.py", line 1104, in polling
    self.__threaded_polling(non_stop=non_stop, interval=interval, timeout=timeout, long_polling_timeout=long_polling_timeout,
    ~~~~~~~~~~~~~~~~~~~~~~~^^^^^^^^^^^^^^^^^^^^^^^^^^^^^^^^^^^^^^^^^^^^^^^^^^^^^^^^^^^^^^^^^^^^^^^^^^^^^^^^^^^^^^^^^^^^^^^^^^
                            logger_level=logger_level, allowed_updates=allowed_updates)
                            ^^^^^^^^^^^^^^^^^^^^^^^^^^^^^^^^^^^^^^^^^^^^^^^^^^^^^^^^^^^
  File "D:\Users\Desktop\automator_project\venv\Lib\site-packages\telebot\__init__.py", line 1179, in __threaded_polling
    raise e
  File "D:\Users\Desktop\automator_project\venv\Lib\site-packages\telebot\__init__.py", line 1140, in __threaded_polling
    polling_thread.raise_exceptions()
    ~~~~~~~~~~~~~~~~~~~~~~~~~~~~~~~^^
  File "D:\Users\Desktop\automator_project\venv\Lib\site-packages\telebot\util.py", line 110, in raise_exceptions
    raise self.exception_info
  File "D:\Users\Desktop\automator_project\venv\Lib\site-packages\telebot\util.py", line 92, in run
    task(*args, **kwargs)
    ~~~~^^^^^^^^^^^^^^^^^
  File "D:\Users\Desktop\automator_project\venv\Lib\site-packages\telebot\__init__.py", line 661, in __retrieve_updates
    updates = self.get_updates(offset=(self.last_update_id + 1),
                               allowed_updates=allowed_updates,
                               timeout=timeout, long_polling_timeout=long_polling_timeout)
  File "D:\Users\Desktop\automator_project\venv\Lib\site-packages\telebot\__init__.py", line 633, in get_updates
    json_updates = apihelper.get_updates(
        self.token, offset=offset, limit=limit, timeout=timeout, allowed_updates=allowed_updates,
        long_polling_timeout=long_polling_timeout)
  File "D:\Users\Desktop\automator_project\venv\Lib\site-packages\telebot\apihelper.py", line 321, in get_updates
    return _make_request(token, method_url, params=payload)
  File "D:\Users\Desktop\automator_project\venv\Lib\site-packages\telebot\apihelper.py", line 158, in _make_request
    result = _get_req_session().request(
        method, request_url, params=params, files=files,
        timeout=(connect_timeout, read_timeout), proxies=proxy)
  File "D:\Users\Desktop\automator_project\venv\Lib\site-packages\requests\sessions.py", line 589, in request
    resp = self.send(prep, **send_kwargs)
  File "D:\Users\Desktop\automator_project\venv\Lib\site-packages\requests\sessions.py", line 703, in send
    r = adapter.send(request, **kwargs)
  File "D:\Users\Desktop\automator_project\venv\Lib\site-packages\requests\adapters.py", line 519, in send
    raise ConnectionError(e, request=request)
requests.exceptions.ConnectionError: HTTPSConnectionPool(host='api.telegram.org', port=443): Max retries exceeded with url: /bot8730236171:AAFy_65gvPbjYkMvnxpGyZ5bOirrxUC6rJQ/getUpdates?offset=95087094&timeout=20 (Caused by NameResolutionError("HTTPSConnection(host='api.telegram.org', port=443): Failed to resolve 'api.telegram.org' ([Errno 11001] getaddrinfo failed)"))

2026-03-31 02:22:48,576 - TeleBot - ERROR - Infinity polling exception: HTTPSConnectionPool(host='api.telegram.org', port=443): Max retries exceeded with url: /bot8730236171:AAFy_65gvPbjYkMvnxpGyZ5bOirrxUC6rJQ/getUpdates?offset=95087094&timeout=20 (Caused by NameResolutionError("HTTPSConnection(host='api.telegram.org', port=443): Failed to resolve 'api.telegram.org' ([Errno 11001] getaddrinfo failed)"))
2026-03-31 02:22:48,584 - TeleBot - ERROR - Exception traceback:
Traceback (most recent call last):
  File "D:\Users\Desktop\automator_project\venv\Lib\site-packages\urllib3\connection.py", line 204, in _new_conn
    sock = connection.create_connection(
        (self._dns_host, self.port),
    ...<2 lines>...
        socket_options=self.socket_options,
    )
  File "D:\Users\Desktop\automator_project\venv\Lib\site-packages\urllib3\util\connection.py", line 60, in create_connection
    for res in socket.getaddrinfo(host, port, family, socket.SOCK_STREAM):
               ~~~~~~~~~~~~~~~~~~^^^^^^^^^^^^^^^^^^^^^^^^^^^^^^^^^^^^^^^^
  File "C:\Users\Simonoviya\AppData\Local\Programs\Python\Python314\Lib\socket.py", line 983, in getaddrinfo
    for res in _socket.getaddrinfo(host, port, family, type, proto, flags):
               ~~~~~~~~~~~~~~~~~~~^^^^^^^^^^^^^^^^^^^^^^^^^^^^^^^^^^^^^^^^
socket.gaierror: [Errno 11001] getaddrinfo failed

The above exception was the direct cause of the following exception:

Traceback (most recent call last):
  File "D:\Users\Desktop\automator_project\venv\Lib\site-packages\urllib3\connectionpool.py", line 787, in urlopen
    response = self._make_request(
        conn,
    ...<10 lines>...
        **response_kw,
    )
  File "D:\Users\Desktop\automator_project\venv\Lib\site-packages\urllib3\connectionpool.py", line 488, in _make_request
    raise new_e
  File "D:\Users\Desktop\automator_project\venv\Lib\site-packages\urllib3\connectionpool.py", line 464, in _make_request
    self._validate_conn(conn)
    ~~~~~~~~~~~~~~~~~~~^^^^^^
  File "D:\Users\Desktop\automator_project\venv\Lib\site-packages\urllib3\connectionpool.py", line 1093, in _validate_conn
    conn.connect()
    ~~~~~~~~~~~~^^
  File "D:\Users\Desktop\automator_project\venv\Lib\site-packages\urllib3\connection.py", line 759, in connect
    self.sock = sock = self._new_conn()
                       ~~~~~~~~~~~~~~^^
  File "D:\Users\Desktop\automator_project\venv\Lib\site-packages\urllib3\connection.py", line 211, in _new_conn
    raise NameResolutionError(self.host, self, e) from e
urllib3.exceptions.NameResolutionError: HTTPSConnection(host='api.telegram.org', port=443): Failed to resolve 'api.telegram.org' ([Errno 11001] getaddrinfo failed)

The above exception was the direct cause of the following exception:

Traceback (most recent call last):
  File "D:\Users\Desktop\automator_project\venv\Lib\site-packages\requests\adapters.py", line 486, in send
    resp = conn.urlopen(
        method=request.method,
    ...<9 lines>...
        chunked=chunked,
    )
  File "D:\Users\Desktop\automator_project\venv\Lib\site-packages\urllib3\connectionpool.py", line 841, in urlopen
    retries = retries.increment(
        method, url, error=new_e, _pool=self, _stacktrace=sys.exc_info()[2]
    )
  File "D:\Users\Desktop\automator_project\venv\Lib\site-packages\urllib3\util\retry.py", line 535, in increment
    raise MaxRetryError(_pool, url, reason) from reason  # type: ignore[arg-type]
    ^^^^^^^^^^^^^^^^^^^^^^^^^^^^^^^^^^^^^^^^^^^^^^^^^^^
urllib3.exceptions.MaxRetryError: HTTPSConnectionPool(host='api.telegram.org', port=443): Max retries exceeded with url: /bot8730236171:AAFy_65gvPbjYkMvnxpGyZ5bOirrxUC6rJQ/getUpdates?offset=95087094&timeout=20 (Caused by NameResolutionError("HTTPSConnection(host='api.telegram.org', port=443): Failed to resolve 'api.telegram.org' ([Errno 11001] getaddrinfo failed)"))

During handling of the above exception, another exception occurred:

Traceback (most recent call last):
  File "D:\Users\Desktop\automator_project\venv\Lib\site-packages\telebot\__init__.py", line 1016, in infinity_polling
    self.polling(non_stop=True, timeout=timeout, long_polling_timeout=long_polling_timeout,
    ~~~~~~~~~~~~^^^^^^^^^^^^^^^^^^^^^^^^^^^^^^^^^^^^^^^^^^^^^^^^^^^^^^^^^^^^^^^^^^^^^^^^^^^
                 logger_level=logger_level, allowed_updates=allowed_updates, restart_on_change=False,
                 ^^^^^^^^^^^^^^^^^^^^^^^^^^^^^^^^^^^^^^^^^^^^^^^^^^^^^^^^^^^^^^^^^^^^^^^^^^^^^^^^^^^^
                 *args, **kwargs)
                 ^^^^^^^^^^^^^^^^
  File "D:\Users\Desktop\automator_project\venv\Lib\site-packages\telebot\__init__.py", line 1104, in polling
    self.__threaded_polling(non_stop=non_stop, interval=interval, timeout=timeout, long_polling_timeout=long_polling_timeout,
    ~~~~~~~~~~~~~~~~~~~~~~~^^^^^^^^^^^^^^^^^^^^^^^^^^^^^^^^^^^^^^^^^^^^^^^^^^^^^^^^^^^^^^^^^^^^^^^^^^^^^^^^^^^^^^^^^^^^^^^^^^
                            logger_level=logger_level, allowed_updates=allowed_updates)
                            ^^^^^^^^^^^^^^^^^^^^^^^^^^^^^^^^^^^^^^^^^^^^^^^^^^^^^^^^^^^
  File "D:\Users\Desktop\automator_project\venv\Lib\site-packages\telebot\__init__.py", line 1179, in __threaded_polling
    raise e
  File "D:\Users\Desktop\automator_project\venv\Lib\site-packages\telebot\__init__.py", line 1140, in __threaded_polling
    polling_thread.raise_exceptions()
    ~~~~~~~~~~~~~~~~~~~~~~~~~~~~~~~^^
  File "D:\Users\Desktop\automator_project\venv\Lib\site-packages\telebot\util.py", line 110, in raise_exceptions
    raise self.exception_info
  File "D:\Users\Desktop\automator_project\venv\Lib\site-packages\telebot\util.py", line 92, in run
    task(*args, **kwargs)
    ~~~~^^^^^^^^^^^^^^^^^
  File "D:\Users\Desktop\automator_project\venv\Lib\site-packages\telebot\__init__.py", line 661, in __retrieve_updates
    updates = self.get_updates(offset=(self.last_update_id + 1),
                               allowed_updates=allowed_updates,
                               timeout=timeout, long_polling_timeout=long_polling_timeout)
  File "D:\Users\Desktop\automator_project\venv\Lib\site-packages\telebot\__init__.py", line 633, in get_updates
    json_updates = apihelper.get_updates(
        self.token, offset=offset, limit=limit, timeout=timeout, allowed_updates=allowed_updates,
        long_polling_timeout=long_polling_timeout)
  File "D:\Users\Desktop\automator_project\venv\Lib\site-packages\telebot\apihelper.py", line 321, in get_updates
    return _make_request(token, method_url, params=payload)
  File "D:\Users\Desktop\automator_project\venv\Lib\site-packages\telebot\apihelper.py", line 158, in _make_request
    result = _get_req_session().request(
        method, request_url, params=params, files=files,
        timeout=(connect_timeout, read_timeout), proxies=proxy)
  File "D:\Users\Desktop\automator_project\venv\Lib\site-packages\requests\sessions.py", line 589, in request
    resp = self.send(prep, **send_kwargs)
  File "D:\Users\Desktop\automator_project\venv\Lib\site-packages\requests\sessions.py", line 703, in send
    r = adapter.send(request, **kwargs)
  File "D:\Users\Desktop\automator_project\venv\Lib\site-packages\requests\adapters.py", line 519, in send
    raise ConnectionError(e, request=request)
requests.exceptions.ConnectionError: HTTPSConnectionPool(host='api.telegram.org', port=443): Max retries exceeded with url: /bot8730236171:AAFy_65gvPbjYkMvnxpGyZ5bOirrxUC6rJQ/getUpdates?offset=95087094&timeout=20 (Caused by NameResolutionError("HTTPSConnection(host='api.telegram.org', port=443): Failed to resolve 'api.telegram.org' ([Errno 11001] getaddrinfo failed)"))

2026-03-31 02:23:03,087 - TeleBot - ERROR - Infinity polling exception: HTTPSConnectionPool(host='api.telegram.org', port=443): Max retries exceeded with url: /bot8730236171:AAFy_65gvPbjYkMvnxpGyZ5bOirrxUC6rJQ/getUpdates?offset=95087094&timeout=20 (Caused by NameResolutionError("HTTPSConnection(host='api.telegram.org', port=443): Failed to resolve 'api.telegram.org' ([Errno 11001] getaddrinfo failed)"))
2026-03-31 02:23:03,095 - TeleBot - ERROR - Exception traceback:
Traceback (most recent call last):
  File "D:\Users\Desktop\automator_project\venv\Lib\site-packages\urllib3\connection.py", line 204, in _new_conn
    sock = connection.create_connection(
        (self._dns_host, self.port),
    ...<2 lines>...
        socket_options=self.socket_options,
    )
  File "D:\Users\Desktop\automator_project\venv\Lib\site-packages\urllib3\util\connection.py", line 60, in create_connection
    for res in socket.getaddrinfo(host, port, family, socket.SOCK_STREAM):
               ~~~~~~~~~~~~~~~~~~^^^^^^^^^^^^^^^^^^^^^^^^^^^^^^^^^^^^^^^^
  File "C:\Users\Simonoviya\AppData\Local\Programs\Python\Python314\Lib\socket.py", line 983, in getaddrinfo
    for res in _socket.getaddrinfo(host, port, family, type, proto, flags):
               ~~~~~~~~~~~~~~~~~~~^^^^^^^^^^^^^^^^^^^^^^^^^^^^^^^^^^^^^^^^
socket.gaierror: [Errno 11001] getaddrinfo failed

The above exception was the direct cause of the following exception:

Traceback (most recent call last):
  File "D:\Users\Desktop\automator_project\venv\Lib\site-packages\urllib3\connectionpool.py", line 787, in urlopen
    response = self._make_request(
        conn,
    ...<10 lines>...
        **response_kw,
    )
  File "D:\Users\Desktop\automator_project\venv\Lib\site-packages\urllib3\connectionpool.py", line 488, in _make_request
    raise new_e
  File "D:\Users\Desktop\automator_project\venv\Lib\site-packages\urllib3\connectionpool.py", line 464, in _make_request
    self._validate_conn(conn)
    ~~~~~~~~~~~~~~~~~~~^^^^^^
  File "D:\Users\Desktop\automator_project\venv\Lib\site-packages\urllib3\connectionpool.py", line 1093, in _validate_conn
    conn.connect()
    ~~~~~~~~~~~~^^
  File "D:\Users\Desktop\automator_project\venv\Lib\site-packages\urllib3\connection.py", line 759, in connect
    self.sock = sock = self._new_conn()
                       ~~~~~~~~~~~~~~^^
  File "D:\Users\Desktop\automator_project\venv\Lib\site-packages\urllib3\connection.py", line 211, in _new_conn
    raise NameResolutionError(self.host, self, e) from e
urllib3.exceptions.NameResolutionError: HTTPSConnection(host='api.telegram.org', port=443): Failed to resolve 'api.telegram.org' ([Errno 11001] getaddrinfo failed)

The above exception was the direct cause of the following exception:

Traceback (most recent call last):
  File "D:\Users\Desktop\automator_project\venv\Lib\site-packages\requests\adapters.py", line 486, in send
    resp = conn.urlopen(
        method=request.method,
    ...<9 lines>...
        chunked=chunked,
    )
  File "D:\Users\Desktop\automator_project\venv\Lib\site-packages\urllib3\connectionpool.py", line 841, in urlopen
    retries = retries.increment(
        method, url, error=new_e, _pool=self, _stacktrace=sys.exc_info()[2]
    )
  File "D:\Users\Desktop\automator_project\venv\Lib\site-packages\urllib3\util\retry.py", line 535, in increment
    raise MaxRetryError(_pool, url, reason) from reason  # type: ignore[arg-type]
    ^^^^^^^^^^^^^^^^^^^^^^^^^^^^^^^^^^^^^^^^^^^^^^^^^^^
urllib3.exceptions.MaxRetryError: HTTPSConnectionPool(host='api.telegram.org', port=443): Max retries exceeded with url: /bot8730236171:AAFy_65gvPbjYkMvnxpGyZ5bOirrxUC6rJQ/getUpdates?offset=95087094&timeout=20 (Caused by NameResolutionError("HTTPSConnection(host='api.telegram.org', port=443): Failed to resolve 'api.telegram.org' ([Errno 11001] getaddrinfo failed)"))

During handling of the above exception, another exception occurred:

Traceback (most recent call last):
  File "D:\Users\Desktop\automator_project\venv\Lib\site-packages\telebot\__init__.py", line 1016, in infinity_polling
    self.polling(non_stop=True, timeout=timeout, long_polling_timeout=long_polling_timeout,
    ~~~~~~~~~~~~^^^^^^^^^^^^^^^^^^^^^^^^^^^^^^^^^^^^^^^^^^^^^^^^^^^^^^^^^^^^^^^^^^^^^^^^^^^
                 logger_level=logger_level, allowed_updates=allowed_updates, restart_on_change=False,
                 ^^^^^^^^^^^^^^^^^^^^^^^^^^^^^^^^^^^^^^^^^^^^^^^^^^^^^^^^^^^^^^^^^^^^^^^^^^^^^^^^^^^^
                 *args, **kwargs)
                 ^^^^^^^^^^^^^^^^
  File "D:\Users\Desktop\automator_project\venv\Lib\site-packages\telebot\__init__.py", line 1104, in polling
    self.__threaded_polling(non_stop=non_stop, interval=interval, timeout=timeout, long_polling_timeout=long_polling_timeout,
    ~~~~~~~~~~~~~~~~~~~~~~~^^^^^^^^^^^^^^^^^^^^^^^^^^^^^^^^^^^^^^^^^^^^^^^^^^^^^^^^^^^^^^^^^^^^^^^^^^^^^^^^^^^^^^^^^^^^^^^^^^
                            logger_level=logger_level, allowed_updates=allowed_updates)
                            ^^^^^^^^^^^^^^^^^^^^^^^^^^^^^^^^^^^^^^^^^^^^^^^^^^^^^^^^^^^
  File "D:\Users\Desktop\automator_project\venv\Lib\site-packages\telebot\__init__.py", line 1179, in __threaded_polling
    raise e
  File "D:\Users\Desktop\automator_project\venv\Lib\site-packages\telebot\__init__.py", line 1140, in __threaded_polling
    polling_thread.raise_exceptions()
    ~~~~~~~~~~~~~~~~~~~~~~~~~~~~~~~^^
  File "D:\Users\Desktop\automator_project\venv\Lib\site-packages\telebot\util.py", line 110, in raise_exceptions
    raise self.exception_info
  File "D:\Users\Desktop\automator_project\venv\Lib\site-packages\telebot\util.py", line 92, in run
    task(*args, **kwargs)
    ~~~~^^^^^^^^^^^^^^^^^
  File "D:\Users\Desktop\automator_project\venv\Lib\site-packages\telebot\__init__.py", line 661, in __retrieve_updates
    updates = self.get_updates(offset=(self.last_update_id + 1),
                               allowed_updates=allowed_updates,
                               timeout=timeout, long_polling_timeout=long_polling_timeout)
  File "D:\Users\Desktop\automator_project\venv\Lib\site-packages\telebot\__init__.py", line 633, in get_updates
    json_updates = apihelper.get_updates(
        self.token, offset=offset, limit=limit, timeout=timeout, allowed_updates=allowed_updates,
        long_polling_timeout=long_polling_timeout)
  File "D:\Users\Desktop\automator_project\venv\Lib\site-packages\telebot\apihelper.py", line 321, in get_updates
    return _make_request(token, method_url, params=payload)
  File "D:\Users\Desktop\automator_project\venv\Lib\site-packages\telebot\apihelper.py", line 158, in _make_request
    result = _get_req_session().request(
        method, request_url, params=params, files=files,
        timeout=(connect_timeout, read_timeout), proxies=proxy)
  File "D:\Users\Desktop\automator_project\venv\Lib\site-packages\requests\sessions.py", line 589, in request
    resp = self.send(prep, **send_kwargs)
  File "D:\Users\Desktop\automator_project\venv\Lib\site-packages\requests\sessions.py", line 703, in send
    r = adapter.send(request, **kwargs)
  File "D:\Users\Desktop\automator_project\venv\Lib\site-packages\requests\adapters.py", line 519, in send
    raise ConnectionError(e, request=request)
requests.exceptions.ConnectionError: HTTPSConnectionPool(host='api.telegram.org', port=443): Max retries exceeded with url: /bot8730236171:AAFy_65gvPbjYkMvnxpGyZ5bOirrxUC6rJQ/getUpdates?offset=95087094&timeout=20 (Caused by NameResolutionError("HTTPSConnection(host='api.telegram.org', port=443): Failed to resolve 'api.telegram.org' ([Errno 11001] getaddrinfo failed)"))

2026-03-31 02:23:17,589 - TeleBot - ERROR - Infinity polling exception: HTTPSConnectionPool(host='api.telegram.org', port=443): Max retries exceeded with url: /bot8730236171:AAFy_65gvPbjYkMvnxpGyZ5bOirrxUC6rJQ/getUpdates?offset=95087094&timeout=20 (Caused by NameResolutionError("HTTPSConnection(host='api.telegram.org', port=443): Failed to resolve 'api.telegram.org' ([Errno 11001] getaddrinfo failed)"))
2026-03-31 02:23:17,597 - TeleBot - ERROR - Exception traceback:
Traceback (most recent call last):
  File "D:\Users\Desktop\automator_project\venv\Lib\site-packages\urllib3\connection.py", line 204, in _new_conn
    sock = connection.create_connection(
        (self._dns_host, self.port),
    ...<2 lines>...
        socket_options=self.socket_options,
    )
  File "D:\Users\Desktop\automator_project\venv\Lib\site-packages\urllib3\util\connection.py", line 60, in create_connection
    for res in socket.getaddrinfo(host, port, family, socket.SOCK_STREAM):
               ~~~~~~~~~~~~~~~~~~^^^^^^^^^^^^^^^^^^^^^^^^^^^^^^^^^^^^^^^^
  File "C:\Users\Simonoviya\AppData\Local\Programs\Python\Python314\Lib\socket.py", line 983, in getaddrinfo
    for res in _socket.getaddrinfo(host, port, family, type, proto, flags):
               ~~~~~~~~~~~~~~~~~~~^^^^^^^^^^^^^^^^^^^^^^^^^^^^^^^^^^^^^^^^
socket.gaierror: [Errno 11001] getaddrinfo failed

The above exception was the direct cause of the following exception:

Traceback (most recent call last):
  File "D:\Users\Desktop\automator_project\venv\Lib\site-packages\urllib3\connectionpool.py", line 787, in urlopen
    response = self._make_request(
        conn,
    ...<10 lines>...
        **response_kw,
    )
  File "D:\Users\Desktop\automator_project\venv\Lib\site-packages\urllib3\connectionpool.py", line 488, in _make_request
    raise new_e
  File "D:\Users\Desktop\automator_project\venv\Lib\site-packages\urllib3\connectionpool.py", line 464, in _make_request
    self._validate_conn(conn)
    ~~~~~~~~~~~~~~~~~~~^^^^^^
  File "D:\Users\Desktop\automator_project\venv\Lib\site-packages\urllib3\connectionpool.py", line 1093, in _validate_conn
    conn.connect()
    ~~~~~~~~~~~~^^
  File "D:\Users\Desktop\automator_project\venv\Lib\site-packages\urllib3\connection.py", line 759, in connect
    self.sock = sock = self._new_conn()
                       ~~~~~~~~~~~~~~^^
  File "D:\Users\Desktop\automator_project\venv\Lib\site-packages\urllib3\connection.py", line 211, in _new_conn
    raise NameResolutionError(self.host, self, e) from e
urllib3.exceptions.NameResolutionError: HTTPSConnection(host='api.telegram.org', port=443): Failed to resolve 'api.telegram.org' ([Errno 11001] getaddrinfo failed)

The above exception was the direct cause of the following exception:

Traceback (most recent call last):
  File "D:\Users\Desktop\automator_project\venv\Lib\site-packages\requests\adapters.py", line 486, in send
    resp = conn.urlopen(
        method=request.method,
    ...<9 lines>...
        chunked=chunked,
    )
  File "D:\Users\Desktop\automator_project\venv\Lib\site-packages\urllib3\connectionpool.py", line 841, in urlopen
    retries = retries.increment(
        method, url, error=new_e, _pool=self, _stacktrace=sys.exc_info()[2]
    )
  File "D:\Users\Desktop\automator_project\venv\Lib\site-packages\urllib3\util\retry.py", line 535, in increment
    raise MaxRetryError(_pool, url, reason) from reason  # type: ignore[arg-type]
    ^^^^^^^^^^^^^^^^^^^^^^^^^^^^^^^^^^^^^^^^^^^^^^^^^^^
urllib3.exceptions.MaxRetryError: HTTPSConnectionPool(host='api.telegram.org', port=443): Max retries exceeded with url: /bot8730236171:AAFy_65gvPbjYkMvnxpGyZ5bOirrxUC6rJQ/getUpdates?offset=95087094&timeout=20 (Caused by NameResolutionError("HTTPSConnection(host='api.telegram.org', port=443): Failed to resolve 'api.telegram.org' ([Errno 11001] getaddrinfo failed)"))

During handling of the above exception, another exception occurred:

Traceback (most recent call last):
  File "D:\Users\Desktop\automator_project\venv\Lib\site-packages\telebot\__init__.py", line 1016, in infinity_polling
    self.polling(non_stop=True, timeout=timeout, long_polling_timeout=long_polling_timeout,
    ~~~~~~~~~~~~^^^^^^^^^^^^^^^^^^^^^^^^^^^^^^^^^^^^^^^^^^^^^^^^^^^^^^^^^^^^^^^^^^^^^^^^^^^
                 logger_level=logger_level, allowed_updates=allowed_updates, restart_on_change=False,
                 ^^^^^^^^^^^^^^^^^^^^^^^^^^^^^^^^^^^^^^^^^^^^^^^^^^^^^^^^^^^^^^^^^^^^^^^^^^^^^^^^^^^^
                 *args, **kwargs)
                 ^^^^^^^^^^^^^^^^
  File "D:\Users\Desktop\automator_project\venv\Lib\site-packages\telebot\__init__.py", line 1104, in polling
    self.__threaded_polling(non_stop=non_stop, interval=interval, timeout=timeout, long_polling_timeout=long_polling_timeout,
    ~~~~~~~~~~~~~~~~~~~~~~~^^^^^^^^^^^^^^^^^^^^^^^^^^^^^^^^^^^^^^^^^^^^^^^^^^^^^^^^^^^^^^^^^^^^^^^^^^^^^^^^^^^^^^^^^^^^^^^^^^
                            logger_level=logger_level, allowed_updates=allowed_updates)
                            ^^^^^^^^^^^^^^^^^^^^^^^^^^^^^^^^^^^^^^^^^^^^^^^^^^^^^^^^^^^
  File "D:\Users\Desktop\automator_project\venv\Lib\site-packages\telebot\__init__.py", line 1179, in __threaded_polling
    raise e
  File "D:\Users\Desktop\automator_project\venv\Lib\site-packages\telebot\__init__.py", line 1140, in __threaded_polling
    polling_thread.raise_exceptions()
    ~~~~~~~~~~~~~~~~~~~~~~~~~~~~~~~^^
  File "D:\Users\Desktop\automator_project\venv\Lib\site-packages\telebot\util.py", line 110, in raise_exceptions
    raise self.exception_info
  File "D:\Users\Desktop\automator_project\venv\Lib\site-packages\telebot\util.py", line 92, in run
    task(*args, **kwargs)
    ~~~~^^^^^^^^^^^^^^^^^
  File "D:\Users\Desktop\automator_project\venv\Lib\site-packages\telebot\__init__.py", line 661, in __retrieve_updates
    updates = self.get_updates(offset=(self.last_update_id + 1),
                               allowed_updates=allowed_updates,
                               timeout=timeout, long_polling_timeout=long_polling_timeout)
  File "D:\Users\Desktop\automator_project\venv\Lib\site-packages\telebot\__init__.py", line 633, in get_updates
    json_updates = apihelper.get_updates(
        self.token, offset=offset, limit=limit, timeout=timeout, allowed_updates=allowed_updates,
        long_polling_timeout=long_polling_timeout)
  File "D:\Users\Desktop\automator_project\venv\Lib\site-packages\telebot\apihelper.py", line 321, in get_updates
    return _make_request(token, method_url, params=payload)
  File "D:\Users\Desktop\automator_project\venv\Lib\site-packages\telebot\apihelper.py", line 158, in _make_request
    result = _get_req_session().request(
        method, request_url, params=params, files=files,
        timeout=(connect_timeout, read_timeout), proxies=proxy)
  File "D:\Users\Desktop\automator_project\venv\Lib\site-packages\requests\sessions.py", line 589, in request
    resp = self.send(prep, **send_kwargs)
  File "D:\Users\Desktop\automator_project\venv\Lib\site-packages\requests\sessions.py", line 703, in send
    r = adapter.send(request, **kwargs)
  File "D:\Users\Desktop\automator_project\venv\Lib\site-packages\requests\adapters.py", line 519, in send
    raise ConnectionError(e, request=request)
requests.exceptions.ConnectionError: HTTPSConnectionPool(host='api.telegram.org', port=443): Max retries exceeded with url: /bot8730236171:AAFy_65gvPbjYkMvnxpGyZ5bOirrxUC6rJQ/getUpdates?offset=95087094&timeout=20 (Caused by NameResolutionError("HTTPSConnection(host='api.telegram.org', port=443): Failed to resolve 'api.telegram.org' ([Errno 11001] getaddrinfo failed)"))

2026-03-31 02:23:32,085 - TeleBot - ERROR - Infinity polling exception: HTTPSConnectionPool(host='api.telegram.org', port=443): Max retries exceeded with url: /bot8730236171:AAFy_65gvPbjYkMvnxpGyZ5bOirrxUC6rJQ/getUpdates?offset=95087094&timeout=20 (Caused by NameResolutionError("HTTPSConnection(host='api.telegram.org', port=443): Failed to resolve 'api.telegram.org' ([Errno 11001] getaddrinfo failed)"))
2026-03-31 02:23:32,094 - TeleBot - ERROR - Exception traceback:
Traceback (most recent call last):
  File "D:\Users\Desktop\automator_project\venv\Lib\site-packages\urllib3\connection.py", line 204, in _new_conn
    sock = connection.create_connection(
        (self._dns_host, self.port),
    ...<2 lines>...
        socket_options=self.socket_options,
    )
  File "D:\Users\Desktop\automator_project\venv\Lib\site-packages\urllib3\util\connection.py", line 60, in create_connection
    for res in socket.getaddrinfo(host, port, family, socket.SOCK_STREAM):
               ~~~~~~~~~~~~~~~~~~^^^^^^^^^^^^^^^^^^^^^^^^^^^^^^^^^^^^^^^^
  File "C:\Users\Simonoviya\AppData\Local\Programs\Python\Python314\Lib\socket.py", line 983, in getaddrinfo
    for res in _socket.getaddrinfo(host, port, family, type, proto, flags):
               ~~~~~~~~~~~~~~~~~~~^^^^^^^^^^^^^^^^^^^^^^^^^^^^^^^^^^^^^^^^
socket.gaierror: [Errno 11001] getaddrinfo failed

The above exception was the direct cause of the following exception:

Traceback (most recent call last):
  File "D:\Users\Desktop\automator_project\venv\Lib\site-packages\urllib3\connectionpool.py", line 787, in urlopen
    response = self._make_request(
        conn,
    ...<10 lines>...
        **response_kw,
    )
  File "D:\Users\Desktop\automator_project\venv\Lib\site-packages\urllib3\connectionpool.py", line 488, in _make_request
    raise new_e
  File "D:\Users\Desktop\automator_project\venv\Lib\site-packages\urllib3\connectionpool.py", line 464, in _make_request
    self._validate_conn(conn)
    ~~~~~~~~~~~~~~~~~~~^^^^^^
  File "D:\Users\Desktop\automator_project\venv\Lib\site-packages\urllib3\connectionpool.py", line 1093, in _validate_conn
    conn.connect()
    ~~~~~~~~~~~~^^
  File "D:\Users\Desktop\automator_project\venv\Lib\site-packages\urllib3\connection.py", line 759, in connect
    self.sock = sock = self._new_conn()
                       ~~~~~~~~~~~~~~^^
  File "D:\Users\Desktop\automator_project\venv\Lib\site-packages\urllib3\connection.py", line 211, in _new_conn
    raise NameResolutionError(self.host, self, e) from e
urllib3.exceptions.NameResolutionError: HTTPSConnection(host='api.telegram.org', port=443): Failed to resolve 'api.telegram.org' ([Errno 11001] getaddrinfo failed)

The above exception was the direct cause of the following exception:

Traceback (most recent call last):
  File "D:\Users\Desktop\automator_project\venv\Lib\site-packages\requests\adapters.py", line 486, in send
    resp = conn.urlopen(
        method=request.method,
    ...<9 lines>...
        chunked=chunked,
    )
  File "D:\Users\Desktop\automator_project\venv\Lib\site-packages\urllib3\connectionpool.py", line 841, in urlopen
    retries = retries.increment(
        method, url, error=new_e, _pool=self, _stacktrace=sys.exc_info()[2]
    )
  File "D:\Users\Desktop\automator_project\venv\Lib\site-packages\urllib3\util\retry.py", line 535, in increment
    raise MaxRetryError(_pool, url, reason) from reason  # type: ignore[arg-type]
    ^^^^^^^^^^^^^^^^^^^^^^^^^^^^^^^^^^^^^^^^^^^^^^^^^^^
urllib3.exceptions.MaxRetryError: HTTPSConnectionPool(host='api.telegram.org', port=443): Max retries exceeded with url: /bot8730236171:AAFy_65gvPbjYkMvnxpGyZ5bOirrxUC6rJQ/getUpdates?offset=95087094&timeout=20 (Caused by NameResolutionError("HTTPSConnection(host='api.telegram.org', port=443): Failed to resolve 'api.telegram.org' ([Errno 11001] getaddrinfo failed)"))

During handling of the above exception, another exception occurred:

Traceback (most recent call last):
  File "D:\Users\Desktop\automator_project\venv\Lib\site-packages\telebot\__init__.py", line 1016, in infinity_polling
    self.polling(non_stop=True, timeout=timeout, long_polling_timeout=long_polling_timeout,
    ~~~~~~~~~~~~^^^^^^^^^^^^^^^^^^^^^^^^^^^^^^^^^^^^^^^^^^^^^^^^^^^^^^^^^^^^^^^^^^^^^^^^^^^
                 logger_level=logger_level, allowed_updates=allowed_updates, restart_on_change=False,
                 ^^^^^^^^^^^^^^^^^^^^^^^^^^^^^^^^^^^^^^^^^^^^^^^^^^^^^^^^^^^^^^^^^^^^^^^^^^^^^^^^^^^^
                 *args, **kwargs)
                 ^^^^^^^^^^^^^^^^
  File "D:\Users\Desktop\automator_project\venv\Lib\site-packages\telebot\__init__.py", line 1104, in polling
    self.__threaded_polling(non_stop=non_stop, interval=interval, timeout=timeout, long_polling_timeout=long_polling_timeout,
    ~~~~~~~~~~~~~~~~~~~~~~~^^^^^^^^^^^^^^^^^^^^^^^^^^^^^^^^^^^^^^^^^^^^^^^^^^^^^^^^^^^^^^^^^^^^^^^^^^^^^^^^^^^^^^^^^^^^^^^^^^
                            logger_level=logger_level, allowed_updates=allowed_updates)
                            ^^^^^^^^^^^^^^^^^^^^^^^^^^^^^^^^^^^^^^^^^^^^^^^^^^^^^^^^^^^
  File "D:\Users\Desktop\automator_project\venv\Lib\site-packages\telebot\__init__.py", line 1179, in __threaded_polling
    raise e
  File "D:\Users\Desktop\automator_project\venv\Lib\site-packages\telebot\__init__.py", line 1140, in __threaded_polling
    polling_thread.raise_exceptions()
    ~~~~~~~~~~~~~~~~~~~~~~~~~~~~~~~^^
  File "D:\Users\Desktop\automator_project\venv\Lib\site-packages\telebot\util.py", line 110, in raise_exceptions
    raise self.exception_info
  File "D:\Users\Desktop\automator_project\venv\Lib\site-packages\telebot\util.py", line 92, in run
    task(*args, **kwargs)
    ~~~~^^^^^^^^^^^^^^^^^
  File "D:\Users\Desktop\automator_project\venv\Lib\site-packages\telebot\__init__.py", line 661, in __retrieve_updates
    updates = self.get_updates(offset=(self.last_update_id + 1),
                               allowed_updates=allowed_updates,
                               timeout=timeout, long_polling_timeout=long_polling_timeout)
  File "D:\Users\Desktop\automator_project\venv\Lib\site-packages\telebot\__init__.py", line 633, in get_updates
    json_updates = apihelper.get_updates(
        self.token, offset=offset, limit=limit, timeout=timeout, allowed_updates=allowed_updates,
        long_polling_timeout=long_polling_timeout)
  File "D:\Users\Desktop\automator_project\venv\Lib\site-packages\telebot\apihelper.py", line 321, in get_updates
    return _make_request(token, method_url, params=payload)
  File "D:\Users\Desktop\automator_project\venv\Lib\site-packages\telebot\apihelper.py", line 158, in _make_request
    result = _get_req_session().request(
        method, request_url, params=params, files=files,
        timeout=(connect_timeout, read_timeout), proxies=proxy)
  File "D:\Users\Desktop\automator_project\venv\Lib\site-packages\requests\sessions.py", line 589, in request
    resp = self.send(prep, **send_kwargs)
  File "D:\Users\Desktop\automator_project\venv\Lib\site-packages\requests\sessions.py", line 703, in send
    r = adapter.send(request, **kwargs)
  File "D:\Users\Desktop\automator_project\venv\Lib\site-packages\requests\adapters.py", line 519, in send
    raise ConnectionError(e, request=request)
requests.exceptions.ConnectionError: HTTPSConnectionPool(host='api.telegram.org', port=443): Max retries exceeded with url: /bot8730236171:AAFy_65gvPbjYkMvnxpGyZ5bOirrxUC6rJQ/getUpdates?offset=95087094&timeout=20 (Caused by NameResolutionError("HTTPSConnection(host='api.telegram.org', port=443): Failed to resolve 'api.telegram.org' ([Errno 11001] getaddrinfo failed)"))

2026-03-31 02:23:46,601 - TeleBot - ERROR - Infinity polling exception: HTTPSConnectionPool(host='api.telegram.org', port=443): Max retries exceeded with url: /bot8730236171:AAFy_65gvPbjYkMvnxpGyZ5bOirrxUC6rJQ/getUpdates?offset=95087094&timeout=20 (Caused by NameResolutionError("HTTPSConnection(host='api.telegram.org', port=443): Failed to resolve 'api.telegram.org' ([Errno 11001] getaddrinfo failed)"))
2026-03-31 02:23:46,610 - TeleBot - ERROR - Exception traceback:
Traceback (most recent call last):
  File "D:\Users\Desktop\automator_project\venv\Lib\site-packages\urllib3\connection.py", line 204, in _new_conn
    sock = connection.create_connection(
        (self._dns_host, self.port),
    ...<2 lines>...
        socket_options=self.socket_options,
    )
  File "D:\Users\Desktop\automator_project\venv\Lib\site-packages\urllib3\util\connection.py", line 60, in create_connection
    for res in socket.getaddrinfo(host, port, family, socket.SOCK_STREAM):
               ~~~~~~~~~~~~~~~~~~^^^^^^^^^^^^^^^^^^^^^^^^^^^^^^^^^^^^^^^^
  File "C:\Users\Simonoviya\AppData\Local\Programs\Python\Python314\Lib\socket.py", line 983, in getaddrinfo
    for res in _socket.getaddrinfo(host, port, family, type, proto, flags):
               ~~~~~~~~~~~~~~~~~~~^^^^^^^^^^^^^^^^^^^^^^^^^^^^^^^^^^^^^^^^
socket.gaierror: [Errno 11001] getaddrinfo failed

The above exception was the direct cause of the following exception:

Traceback (most recent call last):
  File "D:\Users\Desktop\automator_project\venv\Lib\site-packages\urllib3\connectionpool.py", line 787, in urlopen
    response = self._make_request(
        conn,
    ...<10 lines>...
        **response_kw,
    )
  File "D:\Users\Desktop\automator_project\venv\Lib\site-packages\urllib3\connectionpool.py", line 488, in _make_request
    raise new_e
  File "D:\Users\Desktop\automator_project\venv\Lib\site-packages\urllib3\connectionpool.py", line 464, in _make_request
    self._validate_conn(conn)
    ~~~~~~~~~~~~~~~~~~~^^^^^^
  File "D:\Users\Desktop\automator_project\venv\Lib\site-packages\urllib3\connectionpool.py", line 1093, in _validate_conn
    conn.connect()
    ~~~~~~~~~~~~^^
  File "D:\Users\Desktop\automator_project\venv\Lib\site-packages\urllib3\connection.py", line 759, in connect
    self.sock = sock = self._new_conn()
                       ~~~~~~~~~~~~~~^^
  File "D:\Users\Desktop\automator_project\venv\Lib\site-packages\urllib3\connection.py", line 211, in _new_conn
    raise NameResolutionError(self.host, self, e) from e
urllib3.exceptions.NameResolutionError: HTTPSConnection(host='api.telegram.org', port=443): Failed to resolve 'api.telegram.org' ([Errno 11001] getaddrinfo failed)

The above exception was the direct cause of the following exception:

Traceback (most recent call last):
  File "D:\Users\Desktop\automator_project\venv\Lib\site-packages\requests\adapters.py", line 486, in send
    resp = conn.urlopen(
        method=request.method,
    ...<9 lines>...
        chunked=chunked,
    )
  File "D:\Users\Desktop\automator_project\venv\Lib\site-packages\urllib3\connectionpool.py", line 841, in urlopen
    retries = retries.increment(
        method, url, error=new_e, _pool=self, _stacktrace=sys.exc_info()[2]
    )
  File "D:\Users\Desktop\automator_project\venv\Lib\site-packages\urllib3\util\retry.py", line 535, in increment
    raise MaxRetryError(_pool, url, reason) from reason  # type: ignore[arg-type]
    ^^^^^^^^^^^^^^^^^^^^^^^^^^^^^^^^^^^^^^^^^^^^^^^^^^^
urllib3.exceptions.MaxRetryError: HTTPSConnectionPool(host='api.telegram.org', port=443): Max retries exceeded with url: /bot8730236171:AAFy_65gvPbjYkMvnxpGyZ5bOirrxUC6rJQ/getUpdates?offset=95087094&timeout=20 (Caused by NameResolutionError("HTTPSConnection(host='api.telegram.org', port=443): Failed to resolve 'api.telegram.org' ([Errno 11001] getaddrinfo failed)"))

During handling of the above exception, another exception occurred:

Traceback (most recent call last):
  File "D:\Users\Desktop\automator_project\venv\Lib\site-packages\telebot\__init__.py", line 1016, in infinity_polling
    self.polling(non_stop=True, timeout=timeout, long_polling_timeout=long_polling_timeout,
    ~~~~~~~~~~~~^^^^^^^^^^^^^^^^^^^^^^^^^^^^^^^^^^^^^^^^^^^^^^^^^^^^^^^^^^^^^^^^^^^^^^^^^^^
                 logger_level=logger_level, allowed_updates=allowed_updates, restart_on_change=False,
                 ^^^^^^^^^^^^^^^^^^^^^^^^^^^^^^^^^^^^^^^^^^^^^^^^^^^^^^^^^^^^^^^^^^^^^^^^^^^^^^^^^^^^
                 *args, **kwargs)
                 ^^^^^^^^^^^^^^^^
  File "D:\Users\Desktop\automator_project\venv\Lib\site-packages\telebot\__init__.py", line 1104, in polling
    self.__threaded_polling(non_stop=non_stop, interval=interval, timeout=timeout, long_polling_timeout=long_polling_timeout,
    ~~~~~~~~~~~~~~~~~~~~~~~^^^^^^^^^^^^^^^^^^^^^^^^^^^^^^^^^^^^^^^^^^^^^^^^^^^^^^^^^^^^^^^^^^^^^^^^^^^^^^^^^^^^^^^^^^^^^^^^^^
                            logger_level=logger_level, allowed_updates=allowed_updates)
                            ^^^^^^^^^^^^^^^^^^^^^^^^^^^^^^^^^^^^^^^^^^^^^^^^^^^^^^^^^^^
  File "D:\Users\Desktop\automator_project\venv\Lib\site-packages\telebot\__init__.py", line 1179, in __threaded_polling
    raise e
  File "D:\Users\Desktop\automator_project\venv\Lib\site-packages\telebot\__init__.py", line 1140, in __threaded_polling
    polling_thread.raise_exceptions()
    ~~~~~~~~~~~~~~~~~~~~~~~~~~~~~~~^^
  File "D:\Users\Desktop\automator_project\venv\Lib\site-packages\telebot\util.py", line 110, in raise_exceptions
    raise self.exception_info
  File "D:\Users\Desktop\automator_project\venv\Lib\site-packages\telebot\util.py", line 92, in run
    task(*args, **kwargs)
    ~~~~^^^^^^^^^^^^^^^^^
  File "D:\Users\Desktop\automator_project\venv\Lib\site-packages\telebot\__init__.py", line 661, in __retrieve_updates
    updates = self.get_updates(offset=(self.last_update_id + 1),
                               allowed_updates=allowed_updates,
                               timeout=timeout, long_polling_timeout=long_polling_timeout)
  File "D:\Users\Desktop\automator_project\venv\Lib\site-packages\telebot\__init__.py", line 633, in get_updates
    json_updates = apihelper.get_updates(
        self.token, offset=offset, limit=limit, timeout=timeout, allowed_updates=allowed_updates,
        long_polling_timeout=long_polling_timeout)
  File "D:\Users\Desktop\automator_project\venv\Lib\site-packages\telebot\apihelper.py", line 321, in get_updates
    return _make_request(token, method_url, params=payload)
  File "D:\Users\Desktop\automator_project\venv\Lib\site-packages\telebot\apihelper.py", line 158, in _make_request
    result = _get_req_session().request(
        method, request_url, params=params, files=files,
        timeout=(connect_timeout, read_timeout), proxies=proxy)
  File "D:\Users\Desktop\automator_project\venv\Lib\site-packages\requests\sessions.py", line 589, in request
    resp = self.send(prep, **send_kwargs)
  File "D:\Users\Desktop\automator_project\venv\Lib\site-packages\requests\sessions.py", line 703, in send
    r = adapter.send(request, **kwargs)
  File "D:\Users\Desktop\automator_project\venv\Lib\site-packages\requests\adapters.py", line 519, in send
    raise ConnectionError(e, request=request)
requests.exceptions.ConnectionError: HTTPSConnectionPool(host='api.telegram.org', port=443): Max retries exceeded with url: /bot8730236171:AAFy_65gvPbjYkMvnxpGyZ5bOirrxUC6rJQ/getUpdates?offset=95087094&timeout=20 (Caused by NameResolutionError("HTTPSConnection(host='api.telegram.org', port=443): Failed to resolve 'api.telegram.org' ([Errno 11001] getaddrinfo failed)"))

2026-03-31 02:24:01,123 - TeleBot - ERROR - Infinity polling exception: HTTPSConnectionPool(host='api.telegram.org', port=443): Max retries exceeded with url: /bot8730236171:AAFy_65gvPbjYkMvnxpGyZ5bOirrxUC6rJQ/getUpdates?offset=95087094&timeout=20 (Caused by NameResolutionError("HTTPSConnection(host='api.telegram.org', port=443): Failed to resolve 'api.telegram.org' ([Errno 11001] getaddrinfo failed)"))
2026-03-31 02:24:01,133 - TeleBot - ERROR - Exception traceback:
Traceback (most recent call last):
  File "D:\Users\Desktop\automator_project\venv\Lib\site-packages\urllib3\connection.py", line 204, in _new_conn
    sock = connection.create_connection(
        (self._dns_host, self.port),
    ...<2 lines>...
        socket_options=self.socket_options,
    )
  File "D:\Users\Desktop\automator_project\venv\Lib\site-packages\urllib3\util\connection.py", line 60, in create_connection
    for res in socket.getaddrinfo(host, port, family, socket.SOCK_STREAM):
               ~~~~~~~~~~~~~~~~~~^^^^^^^^^^^^^^^^^^^^^^^^^^^^^^^^^^^^^^^^
  File "C:\Users\Simonoviya\AppData\Local\Programs\Python\Python314\Lib\socket.py", line 983, in getaddrinfo
    for res in _socket.getaddrinfo(host, port, family, type, proto, flags):
               ~~~~~~~~~~~~~~~~~~~^^^^^^^^^^^^^^^^^^^^^^^^^^^^^^^^^^^^^^^^
socket.gaierror: [Errno 11001] getaddrinfo failed

The above exception was the direct cause of the following exception:

Traceback (most recent call last):
  File "D:\Users\Desktop\automator_project\venv\Lib\site-packages\urllib3\connectionpool.py", line 787, in urlopen
    response = self._make_request(
        conn,
    ...<10 lines>...
        **response_kw,
    )
  File "D:\Users\Desktop\automator_project\venv\Lib\site-packages\urllib3\connectionpool.py", line 488, in _make_request
    raise new_e
  File "D:\Users\Desktop\automator_project\venv\Lib\site-packages\urllib3\connectionpool.py", line 464, in _make_request
    self._validate_conn(conn)
    ~~~~~~~~~~~~~~~~~~~^^^^^^
  File "D:\Users\Desktop\automator_project\venv\Lib\site-packages\urllib3\connectionpool.py", line 1093, in _validate_conn
    conn.connect()
    ~~~~~~~~~~~~^^
  File "D:\Users\Desktop\automator_project\venv\Lib\site-packages\urllib3\connection.py", line 759, in connect
    self.sock = sock = self._new_conn()
                       ~~~~~~~~~~~~~~^^
  File "D:\Users\Desktop\automator_project\venv\Lib\site-packages\urllib3\connection.py", line 211, in _new_conn
    raise NameResolutionError(self.host, self, e) from e
urllib3.exceptions.NameResolutionError: HTTPSConnection(host='api.telegram.org', port=443): Failed to resolve 'api.telegram.org' ([Errno 11001] getaddrinfo failed)

The above exception was the direct cause of the following exception:

Traceback (most recent call last):
  File "D:\Users\Desktop\automator_project\venv\Lib\site-packages\requests\adapters.py", line 486, in send
    resp = conn.urlopen(
        method=request.method,
    ...<9 lines>...
        chunked=chunked,
    )
  File "D:\Users\Desktop\automator_project\venv\Lib\site-packages\urllib3\connectionpool.py", line 841, in urlopen
    retries = retries.increment(
        method, url, error=new_e, _pool=self, _stacktrace=sys.exc_info()[2]
    )
  File "D:\Users\Desktop\automator_project\venv\Lib\site-packages\urllib3\util\retry.py", line 535, in increment
    raise MaxRetryError(_pool, url, reason) from reason  # type: ignore[arg-type]
    ^^^^^^^^^^^^^^^^^^^^^^^^^^^^^^^^^^^^^^^^^^^^^^^^^^^
urllib3.exceptions.MaxRetryError: HTTPSConnectionPool(host='api.telegram.org', port=443): Max retries exceeded with url: /bot8730236171:AAFy_65gvPbjYkMvnxpGyZ5bOirrxUC6rJQ/getUpdates?offset=95087094&timeout=20 (Caused by NameResolutionError("HTTPSConnection(host='api.telegram.org', port=443): Failed to resolve 'api.telegram.org' ([Errno 11001] getaddrinfo failed)"))

During handling of the above exception, another exception occurred:

Traceback (most recent call last):
  File "D:\Users\Desktop\automator_project\venv\Lib\site-packages\telebot\__init__.py", line 1016, in infinity_polling
    self.polling(non_stop=True, timeout=timeout, long_polling_timeout=long_polling_timeout,
    ~~~~~~~~~~~~^^^^^^^^^^^^^^^^^^^^^^^^^^^^^^^^^^^^^^^^^^^^^^^^^^^^^^^^^^^^^^^^^^^^^^^^^^^
                 logger_level=logger_level, allowed_updates=allowed_updates, restart_on_change=False,
                 ^^^^^^^^^^^^^^^^^^^^^^^^^^^^^^^^^^^^^^^^^^^^^^^^^^^^^^^^^^^^^^^^^^^^^^^^^^^^^^^^^^^^
                 *args, **kwargs)
                 ^^^^^^^^^^^^^^^^
  File "D:\Users\Desktop\automator_project\venv\Lib\site-packages\telebot\__init__.py", line 1104, in polling
    self.__threaded_polling(non_stop=non_stop, interval=interval, timeout=timeout, long_polling_timeout=long_polling_timeout,
    ~~~~~~~~~~~~~~~~~~~~~~~^^^^^^^^^^^^^^^^^^^^^^^^^^^^^^^^^^^^^^^^^^^^^^^^^^^^^^^^^^^^^^^^^^^^^^^^^^^^^^^^^^^^^^^^^^^^^^^^^^
                            logger_level=logger_level, allowed_updates=allowed_updates)
                            ^^^^^^^^^^^^^^^^^^^^^^^^^^^^^^^^^^^^^^^^^^^^^^^^^^^^^^^^^^^
  File "D:\Users\Desktop\automator_project\venv\Lib\site-packages\telebot\__init__.py", line 1179, in __threaded_polling
    raise e
  File "D:\Users\Desktop\automator_project\venv\Lib\site-packages\telebot\__init__.py", line 1140, in __threaded_polling
    polling_thread.raise_exceptions()
    ~~~~~~~~~~~~~~~~~~~~~~~~~~~~~~~^^
  File "D:\Users\Desktop\automator_project\venv\Lib\site-packages\telebot\util.py", line 110, in raise_exceptions
    raise self.exception_info
  File "D:\Users\Desktop\automator_project\venv\Lib\site-packages\telebot\util.py", line 92, in run
    task(*args, **kwargs)
    ~~~~^^^^^^^^^^^^^^^^^
  File "D:\Users\Desktop\automator_project\venv\Lib\site-packages\telebot\__init__.py", line 661, in __retrieve_updates
    updates = self.get_updates(offset=(self.last_update_id + 1),
                               allowed_updates=allowed_updates,
                               timeout=timeout, long_polling_timeout=long_polling_timeout)
  File "D:\Users\Desktop\automator_project\venv\Lib\site-packages\telebot\__init__.py", line 633, in get_updates
    json_updates = apihelper.get_updates(
        self.token, offset=offset, limit=limit, timeout=timeout, allowed_updates=allowed_updates,
        long_polling_timeout=long_polling_timeout)
  File "D:\Users\Desktop\automator_project\venv\Lib\site-packages\telebot\apihelper.py", line 321, in get_updates
    return _make_request(token, method_url, params=payload)
  File "D:\Users\Desktop\automator_project\venv\Lib\site-packages\telebot\apihelper.py", line 158, in _make_request
    result = _get_req_session().request(
        method, request_url, params=params, files=files,
        timeout=(connect_timeout, read_timeout), proxies=proxy)
  File "D:\Users\Desktop\automator_project\venv\Lib\site-packages\requests\sessions.py", line 589, in request
    resp = self.send(prep, **send_kwargs)
  File "D:\Users\Desktop\automator_project\venv\Lib\site-packages\requests\sessions.py", line 703, in send
    r = adapter.send(request, **kwargs)
  File "D:\Users\Desktop\automator_project\venv\Lib\site-packages\requests\adapters.py", line 519, in send
    raise ConnectionError(e, request=request)
requests.exceptions.ConnectionError: HTTPSConnectionPool(host='api.telegram.org', port=443): Max retries exceeded with url: /bot8730236171:AAFy_65gvPbjYkMvnxpGyZ5bOirrxUC6rJQ/getUpdates?offset=95087094&timeout=20 (Caused by NameResolutionError("HTTPSConnection(host='api.telegram.org', port=443): Failed to resolve 'api.telegram.org' ([Errno 11001] getaddrinfo failed)"))

2026-03-31 02:24:15,629 - TeleBot - ERROR - Infinity polling exception: HTTPSConnectionPool(host='api.telegram.org', port=443): Max retries exceeded with url: /bot8730236171:AAFy_65gvPbjYkMvnxpGyZ5bOirrxUC6rJQ/getUpdates?offset=95087094&timeout=20 (Caused by NameResolutionError("HTTPSConnection(host='api.telegram.org', port=443): Failed to resolve 'api.telegram.org' ([Errno 11001] getaddrinfo failed)"))
2026-03-31 02:24:15,638 - TeleBot - ERROR - Exception traceback:
Traceback (most recent call last):
  File "D:\Users\Desktop\automator_project\venv\Lib\site-packages\urllib3\connection.py", line 204, in _new_conn
    sock = connection.create_connection(
        (self._dns_host, self.port),
    ...<2 lines>...
        socket_options=self.socket_options,
    )
  File "D:\Users\Desktop\automator_project\venv\Lib\site-packages\urllib3\util\connection.py", line 60, in create_connection
    for res in socket.getaddrinfo(host, port, family, socket.SOCK_STREAM):
               ~~~~~~~~~~~~~~~~~~^^^^^^^^^^^^^^^^^^^^^^^^^^^^^^^^^^^^^^^^
  File "C:\Users\Simonoviya\AppData\Local\Programs\Python\Python314\Lib\socket.py", line 983, in getaddrinfo
    for res in _socket.getaddrinfo(host, port, family, type, proto, flags):
               ~~~~~~~~~~~~~~~~~~~^^^^^^^^^^^^^^^^^^^^^^^^^^^^^^^^^^^^^^^^
socket.gaierror: [Errno 11001] getaddrinfo failed

The above exception was the direct cause of the following exception:

Traceback (most recent call last):
  File "D:\Users\Desktop\automator_project\venv\Lib\site-packages\urllib3\connectionpool.py", line 787, in urlopen
    response = self._make_request(
        conn,
    ...<10 lines>...
        **response_kw,
    )
  File "D:\Users\Desktop\automator_project\venv\Lib\site-packages\urllib3\connectionpool.py", line 488, in _make_request
    raise new_e
  File "D:\Users\Desktop\automator_project\venv\Lib\site-packages\urllib3\connectionpool.py", line 464, in _make_request
    self._validate_conn(conn)
    ~~~~~~~~~~~~~~~~~~~^^^^^^
  File "D:\Users\Desktop\automator_project\venv\Lib\site-packages\urllib3\connectionpool.py", line 1093, in _validate_conn
    conn.connect()
    ~~~~~~~~~~~~^^
  File "D:\Users\Desktop\automator_project\venv\Lib\site-packages\urllib3\connection.py", line 759, in connect
    self.sock = sock = self._new_conn()
                       ~~~~~~~~~~~~~~^^
  File "D:\Users\Desktop\automator_project\venv\Lib\site-packages\urllib3\connection.py", line 211, in _new_conn
    raise NameResolutionError(self.host, self, e) from e
urllib3.exceptions.NameResolutionError: HTTPSConnection(host='api.telegram.org', port=443): Failed to resolve 'api.telegram.org' ([Errno 11001] getaddrinfo failed)

The above exception was the direct cause of the following exception:

Traceback (most recent call last):
  File "D:\Users\Desktop\automator_project\venv\Lib\site-packages\requests\adapters.py", line 486, in send
    resp = conn.urlopen(
        method=request.method,
    ...<9 lines>...
        chunked=chunked,
    )
  File "D:\Users\Desktop\automator_project\venv\Lib\site-packages\urllib3\connectionpool.py", line 841, in urlopen
    retries = retries.increment(
        method, url, error=new_e, _pool=self, _stacktrace=sys.exc_info()[2]
    )
  File "D:\Users\Desktop\automator_project\venv\Lib\site-packages\urllib3\util\retry.py", line 535, in increment
    raise MaxRetryError(_pool, url, reason) from reason  # type: ignore[arg-type]
    ^^^^^^^^^^^^^^^^^^^^^^^^^^^^^^^^^^^^^^^^^^^^^^^^^^^
urllib3.exceptions.MaxRetryError: HTTPSConnectionPool(host='api.telegram.org', port=443): Max retries exceeded with url: /bot8730236171:AAFy_65gvPbjYkMvnxpGyZ5bOirrxUC6rJQ/getUpdates?offset=95087094&timeout=20 (Caused by NameResolutionError("HTTPSConnection(host='api.telegram.org', port=443): Failed to resolve 'api.telegram.org' ([Errno 11001] getaddrinfo failed)"))

During handling of the above exception, another exception occurred:

Traceback (most recent call last):
  File "D:\Users\Desktop\automator_project\venv\Lib\site-packages\telebot\__init__.py", line 1016, in infinity_polling
    self.polling(non_stop=True, timeout=timeout, long_polling_timeout=long_polling_timeout,
    ~~~~~~~~~~~~^^^^^^^^^^^^^^^^^^^^^^^^^^^^^^^^^^^^^^^^^^^^^^^^^^^^^^^^^^^^^^^^^^^^^^^^^^^
                 logger_level=logger_level, allowed_updates=allowed_updates, restart_on_change=False,
                 ^^^^^^^^^^^^^^^^^^^^^^^^^^^^^^^^^^^^^^^^^^^^^^^^^^^^^^^^^^^^^^^^^^^^^^^^^^^^^^^^^^^^
                 *args, **kwargs)
                 ^^^^^^^^^^^^^^^^
  File "D:\Users\Desktop\automator_project\venv\Lib\site-packages\telebot\__init__.py", line 1104, in polling
    self.__threaded_polling(non_stop=non_stop, interval=interval, timeout=timeout, long_polling_timeout=long_polling_timeout,
    ~~~~~~~~~~~~~~~~~~~~~~~^^^^^^^^^^^^^^^^^^^^^^^^^^^^^^^^^^^^^^^^^^^^^^^^^^^^^^^^^^^^^^^^^^^^^^^^^^^^^^^^^^^^^^^^^^^^^^^^^^
                            logger_level=logger_level, allowed_updates=allowed_updates)
                            ^^^^^^^^^^^^^^^^^^^^^^^^^^^^^^^^^^^^^^^^^^^^^^^^^^^^^^^^^^^
  File "D:\Users\Desktop\automator_project\venv\Lib\site-packages\telebot\__init__.py", line 1179, in __threaded_polling
    raise e
  File "D:\Users\Desktop\automator_project\venv\Lib\site-packages\telebot\__init__.py", line 1140, in __threaded_polling
    polling_thread.raise_exceptions()
    ~~~~~~~~~~~~~~~~~~~~~~~~~~~~~~~^^
  File "D:\Users\Desktop\automator_project\venv\Lib\site-packages\telebot\util.py", line 110, in raise_exceptions
    raise self.exception_info
  File "D:\Users\Desktop\automator_project\venv\Lib\site-packages\telebot\util.py", line 92, in run
    task(*args, **kwargs)
    ~~~~^^^^^^^^^^^^^^^^^
  File "D:\Users\Desktop\automator_project\venv\Lib\site-packages\telebot\__init__.py", line 661, in __retrieve_updates
    updates = self.get_updates(offset=(self.last_update_id + 1),
                               allowed_updates=allowed_updates,
                               timeout=timeout, long_polling_timeout=long_polling_timeout)
  File "D:\Users\Desktop\automator_project\venv\Lib\site-packages\telebot\__init__.py", line 633, in get_updates
    json_updates = apihelper.get_updates(
        self.token, offset=offset, limit=limit, timeout=timeout, allowed_updates=allowed_updates,
        long_polling_timeout=long_polling_timeout)
  File "D:\Users\Desktop\automator_project\venv\Lib\site-packages\telebot\apihelper.py", line 321, in get_updates
    return _make_request(token, method_url, params=payload)
  File "D:\Users\Desktop\automator_project\venv\Lib\site-packages\telebot\apihelper.py", line 158, in _make_request
    result = _get_req_session().request(
        method, request_url, params=params, files=files,
        timeout=(connect_timeout, read_timeout), proxies=proxy)
  File "D:\Users\Desktop\automator_project\venv\Lib\site-packages\requests\sessions.py", line 589, in request
    resp = self.send(prep, **send_kwargs)
  File "D:\Users\Desktop\automator_project\venv\Lib\site-packages\requests\sessions.py", line 703, in send
    r = adapter.send(request, **kwargs)
  File "D:\Users\Desktop\automator_project\venv\Lib\site-packages\requests\adapters.py", line 519, in send
    raise ConnectionError(e, request=request)
requests.exceptions.ConnectionError: HTTPSConnectionPool(host='api.telegram.org', port=443): Max retries exceeded with url: /bot8730236171:AAFy_65gvPbjYkMvnxpGyZ5bOirrxUC6rJQ/getUpdates?offset=95087094&timeout=20 (Caused by NameResolutionError("HTTPSConnection(host='api.telegram.org', port=443): Failed to resolve 'api.telegram.org' ([Errno 11001] getaddrinfo failed)"))

2026-03-31 02:24:30,163 - TeleBot - ERROR - Infinity polling exception: HTTPSConnectionPool(host='api.telegram.org', port=443): Max retries exceeded with url: /bot8730236171:AAFy_65gvPbjYkMvnxpGyZ5bOirrxUC6rJQ/getUpdates?offset=95087094&timeout=20 (Caused by NameResolutionError("HTTPSConnection(host='api.telegram.org', port=443): Failed to resolve 'api.telegram.org' ([Errno 11001] getaddrinfo failed)"))
2026-03-31 02:24:30,171 - TeleBot - ERROR - Exception traceback:
Traceback (most recent call last):
  File "D:\Users\Desktop\automator_project\venv\Lib\site-packages\urllib3\connection.py", line 204, in _new_conn
    sock = connection.create_connection(
        (self._dns_host, self.port),
    ...<2 lines>...
        socket_options=self.socket_options,
    )
  File "D:\Users\Desktop\automator_project\venv\Lib\site-packages\urllib3\util\connection.py", line 60, in create_connection
    for res in socket.getaddrinfo(host, port, family, socket.SOCK_STREAM):
               ~~~~~~~~~~~~~~~~~~^^^^^^^^^^^^^^^^^^^^^^^^^^^^^^^^^^^^^^^^
  File "C:\Users\Simonoviya\AppData\Local\Programs\Python\Python314\Lib\socket.py", line 983, in getaddrinfo
    for res in _socket.getaddrinfo(host, port, family, type, proto, flags):
               ~~~~~~~~~~~~~~~~~~~^^^^^^^^^^^^^^^^^^^^^^^^^^^^^^^^^^^^^^^^
socket.gaierror: [Errno 11001] getaddrinfo failed

The above exception was the direct cause of the following exception:

Traceback (most recent call last):
  File "D:\Users\Desktop\automator_project\venv\Lib\site-packages\urllib3\connectionpool.py", line 787, in urlopen
    response = self._make_request(
        conn,
    ...<10 lines>...
        **response_kw,
    )
  File "D:\Users\Desktop\automator_project\venv\Lib\site-packages\urllib3\connectionpool.py", line 488, in _make_request
    raise new_e
  File "D:\Users\Desktop\automator_project\venv\Lib\site-packages\urllib3\connectionpool.py", line 464, in _make_request
    self._validate_conn(conn)
    ~~~~~~~~~~~~~~~~~~~^^^^^^
  File "D:\Users\Desktop\automator_project\venv\Lib\site-packages\urllib3\connectionpool.py", line 1093, in _validate_conn
    conn.connect()
    ~~~~~~~~~~~~^^
  File "D:\Users\Desktop\automator_project\venv\Lib\site-packages\urllib3\connection.py", line 759, in connect
    self.sock = sock = self._new_conn()
                       ~~~~~~~~~~~~~~^^
  File "D:\Users\Desktop\automator_project\venv\Lib\site-packages\urllib3\connection.py", line 211, in _new_conn
    raise NameResolutionError(self.host, self, e) from e
urllib3.exceptions.NameResolutionError: HTTPSConnection(host='api.telegram.org', port=443): Failed to resolve 'api.telegram.org' ([Errno 11001] getaddrinfo failed)

The above exception was the direct cause of the following exception:

Traceback (most recent call last):
  File "D:\Users\Desktop\automator_project\venv\Lib\site-packages\requests\adapters.py", line 486, in send
    resp = conn.urlopen(
        method=request.method,
    ...<9 lines>...
        chunked=chunked,
    )
  File "D:\Users\Desktop\automator_project\venv\Lib\site-packages\urllib3\connectionpool.py", line 841, in urlopen
    retries = retries.increment(
        method, url, error=new_e, _pool=self, _stacktrace=sys.exc_info()[2]
    )
  File "D:\Users\Desktop\automator_project\venv\Lib\site-packages\urllib3\util\retry.py", line 535, in increment
    raise MaxRetryError(_pool, url, reason) from reason  # type: ignore[arg-type]
    ^^^^^^^^^^^^^^^^^^^^^^^^^^^^^^^^^^^^^^^^^^^^^^^^^^^
urllib3.exceptions.MaxRetryError: HTTPSConnectionPool(host='api.telegram.org', port=443): Max retries exceeded with url: /bot8730236171:AAFy_65gvPbjYkMvnxpGyZ5bOirrxUC6rJQ/getUpdates?offset=95087094&timeout=20 (Caused by NameResolutionError("HTTPSConnection(host='api.telegram.org', port=443): Failed to resolve 'api.telegram.org' ([Errno 11001] getaddrinfo failed)"))

During handling of the above exception, another exception occurred:

Traceback (most recent call last):
  File "D:\Users\Desktop\automator_project\venv\Lib\site-packages\telebot\__init__.py", line 1016, in infinity_polling
    self.polling(non_stop=True, timeout=timeout, long_polling_timeout=long_polling_timeout,
    ~~~~~~~~~~~~^^^^^^^^^^^^^^^^^^^^^^^^^^^^^^^^^^^^^^^^^^^^^^^^^^^^^^^^^^^^^^^^^^^^^^^^^^^
                 logger_level=logger_level, allowed_updates=allowed_updates, restart_on_change=False,
                 ^^^^^^^^^^^^^^^^^^^^^^^^^^^^^^^^^^^^^^^^^^^^^^^^^^^^^^^^^^^^^^^^^^^^^^^^^^^^^^^^^^^^
                 *args, **kwargs)
                 ^^^^^^^^^^^^^^^^
  File "D:\Users\Desktop\automator_project\venv\Lib\site-packages\telebot\__init__.py", line 1104, in polling
    self.__threaded_polling(non_stop=non_stop, interval=interval, timeout=timeout, long_polling_timeout=long_polling_timeout,
    ~~~~~~~~~~~~~~~~~~~~~~~^^^^^^^^^^^^^^^^^^^^^^^^^^^^^^^^^^^^^^^^^^^^^^^^^^^^^^^^^^^^^^^^^^^^^^^^^^^^^^^^^^^^^^^^^^^^^^^^^^
                            logger_level=logger_level, allowed_updates=allowed_updates)
                            ^^^^^^^^^^^^^^^^^^^^^^^^^^^^^^^^^^^^^^^^^^^^^^^^^^^^^^^^^^^
  File "D:\Users\Desktop\automator_project\venv\Lib\site-packages\telebot\__init__.py", line 1179, in __threaded_polling
    raise e
  File "D:\Users\Desktop\automator_project\venv\Lib\site-packages\telebot\__init__.py", line 1140, in __threaded_polling
    polling_thread.raise_exceptions()
    ~~~~~~~~~~~~~~~~~~~~~~~~~~~~~~~^^
  File "D:\Users\Desktop\automator_project\venv\Lib\site-packages\telebot\util.py", line 110, in raise_exceptions
    raise self.exception_info
  File "D:\Users\Desktop\automator_project\venv\Lib\site-packages\telebot\util.py", line 92, in run
    task(*args, **kwargs)
    ~~~~^^^^^^^^^^^^^^^^^
  File "D:\Users\Desktop\automator_project\venv\Lib\site-packages\telebot\__init__.py", line 661, in __retrieve_updates
    updates = self.get_updates(offset=(self.last_update_id + 1),
                               allowed_updates=allowed_updates,
                               timeout=timeout, long_polling_timeout=long_polling_timeout)
  File "D:\Users\Desktop\automator_project\venv\Lib\site-packages\telebot\__init__.py", line 633, in get_updates
    json_updates = apihelper.get_updates(
        self.token, offset=offset, limit=limit, timeout=timeout, allowed_updates=allowed_updates,
        long_polling_timeout=long_polling_timeout)
  File "D:\Users\Desktop\automator_project\venv\Lib\site-packages\telebot\apihelper.py", line 321, in get_updates
    return _make_request(token, method_url, params=payload)
  File "D:\Users\Desktop\automator_project\venv\Lib\site-packages\telebot\apihelper.py", line 158, in _make_request
    result = _get_req_session().request(
        method, request_url, params=params, files=files,
        timeout=(connect_timeout, read_timeout), proxies=proxy)
  File "D:\Users\Desktop\automator_project\venv\Lib\site-packages\requests\sessions.py", line 589, in request
    resp = self.send(prep, **send_kwargs)
  File "D:\Users\Desktop\automator_project\venv\Lib\site-packages\requests\sessions.py", line 703, in send
    r = adapter.send(request, **kwargs)
  File "D:\Users\Desktop\automator_project\venv\Lib\site-packages\requests\adapters.py", line 519, in send
    raise ConnectionError(e, request=request)
requests.exceptions.ConnectionError: HTTPSConnectionPool(host='api.telegram.org', port=443): Max retries exceeded with url: /bot8730236171:AAFy_65gvPbjYkMvnxpGyZ5bOirrxUC6rJQ/getUpdates?offset=95087094&timeout=20 (Caused by NameResolutionError("HTTPSConnection(host='api.telegram.org', port=443): Failed to resolve 'api.telegram.org' ([Errno 11001] getaddrinfo failed)"))

2026-03-31 02:24:44,663 - TeleBot - ERROR - Infinity polling exception: HTTPSConnectionPool(host='api.telegram.org', port=443): Max retries exceeded with url: /bot8730236171:AAFy_65gvPbjYkMvnxpGyZ5bOirrxUC6rJQ/getUpdates?offset=95087094&timeout=20 (Caused by NameResolutionError("HTTPSConnection(host='api.telegram.org', port=443): Failed to resolve 'api.telegram.org' ([Errno 11001] getaddrinfo failed)"))
2026-03-31 02:24:44,672 - TeleBot - ERROR - Exception traceback:
Traceback (most recent call last):
  File "D:\Users\Desktop\automator_project\venv\Lib\site-packages\urllib3\connection.py", line 204, in _new_conn
    sock = connection.create_connection(
        (self._dns_host, self.port),
    ...<2 lines>...
        socket_options=self.socket_options,
    )
  File "D:\Users\Desktop\automator_project\venv\Lib\site-packages\urllib3\util\connection.py", line 60, in create_connection
    for res in socket.getaddrinfo(host, port, family, socket.SOCK_STREAM):
               ~~~~~~~~~~~~~~~~~~^^^^^^^^^^^^^^^^^^^^^^^^^^^^^^^^^^^^^^^^
  File "C:\Users\Simonoviya\AppData\Local\Programs\Python\Python314\Lib\socket.py", line 983, in getaddrinfo
    for res in _socket.getaddrinfo(host, port, family, type, proto, flags):
               ~~~~~~~~~~~~~~~~~~~^^^^^^^^^^^^^^^^^^^^^^^^^^^^^^^^^^^^^^^^
socket.gaierror: [Errno 11001] getaddrinfo failed

The above exception was the direct cause of the following exception:

Traceback (most recent call last):
  File "D:\Users\Desktop\automator_project\venv\Lib\site-packages\urllib3\connectionpool.py", line 787, in urlopen
    response = self._make_request(
        conn,
    ...<10 lines>...
        **response_kw,
    )
  File "D:\Users\Desktop\automator_project\venv\Lib\site-packages\urllib3\connectionpool.py", line 488, in _make_request
    raise new_e
  File "D:\Users\Desktop\automator_project\venv\Lib\site-packages\urllib3\connectionpool.py", line 464, in _make_request
    self._validate_conn(conn)
    ~~~~~~~~~~~~~~~~~~~^^^^^^
  File "D:\Users\Desktop\automator_project\venv\Lib\site-packages\urllib3\connectionpool.py", line 1093, in _validate_conn
    conn.connect()
    ~~~~~~~~~~~~^^
  File "D:\Users\Desktop\automator_project\venv\Lib\site-packages\urllib3\connection.py", line 759, in connect
    self.sock = sock = self._new_conn()
                       ~~~~~~~~~~~~~~^^
  File "D:\Users\Desktop\automator_project\venv\Lib\site-packages\urllib3\connection.py", line 211, in _new_conn
    raise NameResolutionError(self.host, self, e) from e
urllib3.exceptions.NameResolutionError: HTTPSConnection(host='api.telegram.org', port=443): Failed to resolve 'api.telegram.org' ([Errno 11001] getaddrinfo failed)

The above exception was the direct cause of the following exception:

Traceback (most recent call last):
  File "D:\Users\Desktop\automator_project\venv\Lib\site-packages\requests\adapters.py", line 486, in send
    resp = conn.urlopen(
        method=request.method,
    ...<9 lines>...
        chunked=chunked,
    )
  File "D:\Users\Desktop\automator_project\venv\Lib\site-packages\urllib3\connectionpool.py", line 841, in urlopen
    retries = retries.increment(
        method, url, error=new_e, _pool=self, _stacktrace=sys.exc_info()[2]
    )
  File "D:\Users\Desktop\automator_project\venv\Lib\site-packages\urllib3\util\retry.py", line 535, in increment
    raise MaxRetryError(_pool, url, reason) from reason  # type: ignore[arg-type]
    ^^^^^^^^^^^^^^^^^^^^^^^^^^^^^^^^^^^^^^^^^^^^^^^^^^^
urllib3.exceptions.MaxRetryError: HTTPSConnectionPool(host='api.telegram.org', port=443): Max retries exceeded with url: /bot8730236171:AAFy_65gvPbjYkMvnxpGyZ5bOirrxUC6rJQ/getUpdates?offset=95087094&timeout=20 (Caused by NameResolutionError("HTTPSConnection(host='api.telegram.org', port=443): Failed to resolve 'api.telegram.org' ([Errno 11001] getaddrinfo failed)"))

During handling of the above exception, another exception occurred:

Traceback (most recent call last):
  File "D:\Users\Desktop\automator_project\venv\Lib\site-packages\telebot\__init__.py", line 1016, in infinity_polling
    self.polling(non_stop=True, timeout=timeout, long_polling_timeout=long_polling_timeout,
    ~~~~~~~~~~~~^^^^^^^^^^^^^^^^^^^^^^^^^^^^^^^^^^^^^^^^^^^^^^^^^^^^^^^^^^^^^^^^^^^^^^^^^^^
                 logger_level=logger_level, allowed_updates=allowed_updates, restart_on_change=False,
                 ^^^^^^^^^^^^^^^^^^^^^^^^^^^^^^^^^^^^^^^^^^^^^^^^^^^^^^^^^^^^^^^^^^^^^^^^^^^^^^^^^^^^
                 *args, **kwargs)
                 ^^^^^^^^^^^^^^^^
  File "D:\Users\Desktop\automator_project\venv\Lib\site-packages\telebot\__init__.py", line 1104, in polling
    self.__threaded_polling(non_stop=non_stop, interval=interval, timeout=timeout, long_polling_timeout=long_polling_timeout,
    ~~~~~~~~~~~~~~~~~~~~~~~^^^^^^^^^^^^^^^^^^^^^^^^^^^^^^^^^^^^^^^^^^^^^^^^^^^^^^^^^^^^^^^^^^^^^^^^^^^^^^^^^^^^^^^^^^^^^^^^^^
                            logger_level=logger_level, allowed_updates=allowed_updates)
                            ^^^^^^^^^^^^^^^^^^^^^^^^^^^^^^^^^^^^^^^^^^^^^^^^^^^^^^^^^^^
  File "D:\Users\Desktop\automator_project\venv\Lib\site-packages\telebot\__init__.py", line 1179, in __threaded_polling
    raise e
  File "D:\Users\Desktop\automator_project\venv\Lib\site-packages\telebot\__init__.py", line 1140, in __threaded_polling
    polling_thread.raise_exceptions()
    ~~~~~~~~~~~~~~~~~~~~~~~~~~~~~~~^^
  File "D:\Users\Desktop\automator_project\venv\Lib\site-packages\telebot\util.py", line 110, in raise_exceptions
    raise self.exception_info
  File "D:\Users\Desktop\automator_project\venv\Lib\site-packages\telebot\util.py", line 92, in run
    task(*args, **kwargs)
    ~~~~^^^^^^^^^^^^^^^^^
  File "D:\Users\Desktop\automator_project\venv\Lib\site-packages\telebot\__init__.py", line 661, in __retrieve_updates
    updates = self.get_updates(offset=(self.last_update_id + 1),
                               allowed_updates=allowed_updates,
                               timeout=timeout, long_polling_timeout=long_polling_timeout)
  File "D:\Users\Desktop\automator_project\venv\Lib\site-packages\telebot\__init__.py", line 633, in get_updates
    json_updates = apihelper.get_updates(
        self.token, offset=offset, limit=limit, timeout=timeout, allowed_updates=allowed_updates,
        long_polling_timeout=long_polling_timeout)
  File "D:\Users\Desktop\automator_project\venv\Lib\site-packages\telebot\apihelper.py", line 321, in get_updates
    return _make_request(token, method_url, params=payload)
  File "D:\Users\Desktop\automator_project\venv\Lib\site-packages\telebot\apihelper.py", line 158, in _make_request
    result = _get_req_session().request(
        method, request_url, params=params, files=files,
        timeout=(connect_timeout, read_timeout), proxies=proxy)
  File "D:\Users\Desktop\automator_project\venv\Lib\site-packages\requests\sessions.py", line 589, in request
    resp = self.send(prep, **send_kwargs)
  File "D:\Users\Desktop\automator_project\venv\Lib\site-packages\requests\sessions.py", line 703, in send
    r = adapter.send(request, **kwargs)
  File "D:\Users\Desktop\automator_project\venv\Lib\site-packages\requests\adapters.py", line 519, in send
    raise ConnectionError(e, request=request)
requests.exceptions.ConnectionError: HTTPSConnectionPool(host='api.telegram.org', port=443): Max retries exceeded with url: /bot8730236171:AAFy_65gvPbjYkMvnxpGyZ5bOirrxUC6rJQ/getUpdates?offset=95087094&timeout=20 (Caused by NameResolutionError("HTTPSConnection(host='api.telegram.org', port=443): Failed to resolve 'api.telegram.org' ([Errno 11001] getaddrinfo failed)"))

2026-03-31 02:24:59,189 - TeleBot - ERROR - Infinity polling exception: HTTPSConnectionPool(host='api.telegram.org', port=443): Max retries exceeded with url: /bot8730236171:AAFy_65gvPbjYkMvnxpGyZ5bOirrxUC6rJQ/getUpdates?offset=95087094&timeout=20 (Caused by NameResolutionError("HTTPSConnection(host='api.telegram.org', port=443): Failed to resolve 'api.telegram.org' ([Errno 11001] getaddrinfo failed)"))
2026-03-31 02:24:59,196 - TeleBot - ERROR - Exception traceback:
Traceback (most recent call last):
  File "D:\Users\Desktop\automator_project\venv\Lib\site-packages\urllib3\connection.py", line 204, in _new_conn
    sock = connection.create_connection(
        (self._dns_host, self.port),
    ...<2 lines>...
        socket_options=self.socket_options,
    )
  File "D:\Users\Desktop\automator_project\venv\Lib\site-packages\urllib3\util\connection.py", line 60, in create_connection
    for res in socket.getaddrinfo(host, port, family, socket.SOCK_STREAM):
               ~~~~~~~~~~~~~~~~~~^^^^^^^^^^^^^^^^^^^^^^^^^^^^^^^^^^^^^^^^
  File "C:\Users\Simonoviya\AppData\Local\Programs\Python\Python314\Lib\socket.py", line 983, in getaddrinfo
    for res in _socket.getaddrinfo(host, port, family, type, proto, flags):
               ~~~~~~~~~~~~~~~~~~~^^^^^^^^^^^^^^^^^^^^^^^^^^^^^^^^^^^^^^^^
socket.gaierror: [Errno 11001] getaddrinfo failed

The above exception was the direct cause of the following exception:

Traceback (most recent call last):
  File "D:\Users\Desktop\automator_project\venv\Lib\site-packages\urllib3\connectionpool.py", line 787, in urlopen
    response = self._make_request(
        conn,
    ...<10 lines>...
        **response_kw,
    )
  File "D:\Users\Desktop\automator_project\venv\Lib\site-packages\urllib3\connectionpool.py", line 488, in _make_request
    raise new_e
  File "D:\Users\Desktop\automator_project\venv\Lib\site-packages\urllib3\connectionpool.py", line 464, in _make_request
    self._validate_conn(conn)
    ~~~~~~~~~~~~~~~~~~~^^^^^^
  File "D:\Users\Desktop\automator_project\venv\Lib\site-packages\urllib3\connectionpool.py", line 1093, in _validate_conn
    conn.connect()
    ~~~~~~~~~~~~^^
  File "D:\Users\Desktop\automator_project\venv\Lib\site-packages\urllib3\connection.py", line 759, in connect
    self.sock = sock = self._new_conn()
                       ~~~~~~~~~~~~~~^^
  File "D:\Users\Desktop\automator_project\venv\Lib\site-packages\urllib3\connection.py", line 211, in _new_conn
    raise NameResolutionError(self.host, self, e) from e
urllib3.exceptions.NameResolutionError: HTTPSConnection(host='api.telegram.org', port=443): Failed to resolve 'api.telegram.org' ([Errno 11001] getaddrinfo failed)

The above exception was the direct cause of the following exception:

Traceback (most recent call last):
  File "D:\Users\Desktop\automator_project\venv\Lib\site-packages\requests\adapters.py", line 486, in send
    resp = conn.urlopen(
        method=request.method,
    ...<9 lines>...
        chunked=chunked,
    )
  File "D:\Users\Desktop\automator_project\venv\Lib\site-packages\urllib3\connectionpool.py", line 841, in urlopen
    retries = retries.increment(
        method, url, error=new_e, _pool=self, _stacktrace=sys.exc_info()[2]
    )
  File "D:\Users\Desktop\automator_project\venv\Lib\site-packages\urllib3\util\retry.py", line 535, in increment
    raise MaxRetryError(_pool, url, reason) from reason  # type: ignore[arg-type]
    ^^^^^^^^^^^^^^^^^^^^^^^^^^^^^^^^^^^^^^^^^^^^^^^^^^^
urllib3.exceptions.MaxRetryError: HTTPSConnectionPool(host='api.telegram.org', port=443): Max retries exceeded with url: /bot8730236171:AAFy_65gvPbjYkMvnxpGyZ5bOirrxUC6rJQ/getUpdates?offset=95087094&timeout=20 (Caused by NameResolutionError("HTTPSConnection(host='api.telegram.org', port=443): Failed to resolve 'api.telegram.org' ([Errno 11001] getaddrinfo failed)"))

During handling of the above exception, another exception occurred:

Traceback (most recent call last):
  File "D:\Users\Desktop\automator_project\venv\Lib\site-packages\telebot\__init__.py", line 1016, in infinity_polling
    self.polling(non_stop=True, timeout=timeout, long_polling_timeout=long_polling_timeout,
    ~~~~~~~~~~~~^^^^^^^^^^^^^^^^^^^^^^^^^^^^^^^^^^^^^^^^^^^^^^^^^^^^^^^^^^^^^^^^^^^^^^^^^^^
                 logger_level=logger_level, allowed_updates=allowed_updates, restart_on_change=False,
                 ^^^^^^^^^^^^^^^^^^^^^^^^^^^^^^^^^^^^^^^^^^^^^^^^^^^^^^^^^^^^^^^^^^^^^^^^^^^^^^^^^^^^
                 *args, **kwargs)
                 ^^^^^^^^^^^^^^^^
  File "D:\Users\Desktop\automator_project\venv\Lib\site-packages\telebot\__init__.py", line 1104, in polling
    self.__threaded_polling(non_stop=non_stop, interval=interval, timeout=timeout, long_polling_timeout=long_polling_timeout,
    ~~~~~~~~~~~~~~~~~~~~~~~^^^^^^^^^^^^^^^^^^^^^^^^^^^^^^^^^^^^^^^^^^^^^^^^^^^^^^^^^^^^^^^^^^^^^^^^^^^^^^^^^^^^^^^^^^^^^^^^^^
                            logger_level=logger_level, allowed_updates=allowed_updates)
                            ^^^^^^^^^^^^^^^^^^^^^^^^^^^^^^^^^^^^^^^^^^^^^^^^^^^^^^^^^^^
  File "D:\Users\Desktop\automator_project\venv\Lib\site-packages\telebot\__init__.py", line 1179, in __threaded_polling
    raise e
  File "D:\Users\Desktop\automator_project\venv\Lib\site-packages\telebot\__init__.py", line 1140, in __threaded_polling
    polling_thread.raise_exceptions()
    ~~~~~~~~~~~~~~~~~~~~~~~~~~~~~~~^^
  File "D:\Users\Desktop\automator_project\venv\Lib\site-packages\telebot\util.py", line 110, in raise_exceptions
    raise self.exception_info
  File "D:\Users\Desktop\automator_project\venv\Lib\site-packages\telebot\util.py", line 92, in run
    task(*args, **kwargs)
    ~~~~^^^^^^^^^^^^^^^^^
  File "D:\Users\Desktop\automator_project\venv\Lib\site-packages\telebot\__init__.py", line 661, in __retrieve_updates
    updates = self.get_updates(offset=(self.last_update_id + 1),
                               allowed_updates=allowed_updates,
                               timeout=timeout, long_polling_timeout=long_polling_timeout)
  File "D:\Users\Desktop\automator_project\venv\Lib\site-packages\telebot\__init__.py", line 633, in get_updates
    json_updates = apihelper.get_updates(
        self.token, offset=offset, limit=limit, timeout=timeout, allowed_updates=allowed_updates,
        long_polling_timeout=long_polling_timeout)
  File "D:\Users\Desktop\automator_project\venv\Lib\site-packages\telebot\apihelper.py", line 321, in get_updates
    return _make_request(token, method_url, params=payload)
  File "D:\Users\Desktop\automator_project\venv\Lib\site-packages\telebot\apihelper.py", line 158, in _make_request
    result = _get_req_session().request(
        method, request_url, params=params, files=files,
        timeout=(connect_timeout, read_timeout), proxies=proxy)
  File "D:\Users\Desktop\automator_project\venv\Lib\site-packages\requests\sessions.py", line 589, in request
    resp = self.send(prep, **send_kwargs)
  File "D:\Users\Desktop\automator_project\venv\Lib\site-packages\requests\sessions.py", line 703, in send
    r = adapter.send(request, **kwargs)
  File "D:\Users\Desktop\automator_project\venv\Lib\site-packages\requests\adapters.py", line 519, in send
    raise ConnectionError(e, request=request)
requests.exceptions.ConnectionError: HTTPSConnectionPool(host='api.telegram.org', port=443): Max retries exceeded with url: /bot8730236171:AAFy_65gvPbjYkMvnxpGyZ5bOirrxUC6rJQ/getUpdates?offset=95087094&timeout=20 (Caused by NameResolutionError("HTTPSConnection(host='api.telegram.org', port=443): Failed to resolve 'api.telegram.org' ([Errno 11001] getaddrinfo failed)"))

2026-03-31 02:25:13,702 - TeleBot - ERROR - Infinity polling exception: HTTPSConnectionPool(host='api.telegram.org', port=443): Max retries exceeded with url: /bot8730236171:AAFy_65gvPbjYkMvnxpGyZ5bOirrxUC6rJQ/getUpdates?offset=95087094&timeout=20 (Caused by NameResolutionError("HTTPSConnection(host='api.telegram.org', port=443): Failed to resolve 'api.telegram.org' ([Errno 11001] getaddrinfo failed)"))
2026-03-31 02:25:13,710 - TeleBot - ERROR - Exception traceback:
Traceback (most recent call last):
  File "D:\Users\Desktop\automator_project\venv\Lib\site-packages\urllib3\connection.py", line 204, in _new_conn
    sock = connection.create_connection(
        (self._dns_host, self.port),
    ...<2 lines>...
        socket_options=self.socket_options,
    )
  File "D:\Users\Desktop\automator_project\venv\Lib\site-packages\urllib3\util\connection.py", line 60, in create_connection
    for res in socket.getaddrinfo(host, port, family, socket.SOCK_STREAM):
               ~~~~~~~~~~~~~~~~~~^^^^^^^^^^^^^^^^^^^^^^^^^^^^^^^^^^^^^^^^
  File "C:\Users\Simonoviya\AppData\Local\Programs\Python\Python314\Lib\socket.py", line 983, in getaddrinfo
    for res in _socket.getaddrinfo(host, port, family, type, proto, flags):
               ~~~~~~~~~~~~~~~~~~~^^^^^^^^^^^^^^^^^^^^^^^^^^^^^^^^^^^^^^^^
socket.gaierror: [Errno 11001] getaddrinfo failed

The above exception was the direct cause of the following exception:

Traceback (most recent call last):
  File "D:\Users\Desktop\automator_project\venv\Lib\site-packages\urllib3\connectionpool.py", line 787, in urlopen
    response = self._make_request(
        conn,
    ...<10 lines>...
        **response_kw,
    )
  File "D:\Users\Desktop\automator_project\venv\Lib\site-packages\urllib3\connectionpool.py", line 488, in _make_request
    raise new_e
  File "D:\Users\Desktop\automator_project\venv\Lib\site-packages\urllib3\connectionpool.py", line 464, in _make_request
    self._validate_conn(conn)
    ~~~~~~~~~~~~~~~~~~~^^^^^^
  File "D:\Users\Desktop\automator_project\venv\Lib\site-packages\urllib3\connectionpool.py", line 1093, in _validate_conn
    conn.connect()
    ~~~~~~~~~~~~^^
  File "D:\Users\Desktop\automator_project\venv\Lib\site-packages\urllib3\connection.py", line 759, in connect
    self.sock = sock = self._new_conn()
                       ~~~~~~~~~~~~~~^^
  File "D:\Users\Desktop\automator_project\venv\Lib\site-packages\urllib3\connection.py", line 211, in _new_conn
    raise NameResolutionError(self.host, self, e) from e
urllib3.exceptions.NameResolutionError: HTTPSConnection(host='api.telegram.org', port=443): Failed to resolve 'api.telegram.org' ([Errno 11001] getaddrinfo failed)

The above exception was the direct cause of the following exception:

Traceback (most recent call last):
  File "D:\Users\Desktop\automator_project\venv\Lib\site-packages\requests\adapters.py", line 486, in send
    resp = conn.urlopen(
        method=request.method,
    ...<9 lines>...
        chunked=chunked,
    )
  File "D:\Users\Desktop\automator_project\venv\Lib\site-packages\urllib3\connectionpool.py", line 841, in urlopen
    retries = retries.increment(
        method, url, error=new_e, _pool=self, _stacktrace=sys.exc_info()[2]
    )
  File "D:\Users\Desktop\automator_project\venv\Lib\site-packages\urllib3\util\retry.py", line 535, in increment
    raise MaxRetryError(_pool, url, reason) from reason  # type: ignore[arg-type]
    ^^^^^^^^^^^^^^^^^^^^^^^^^^^^^^^^^^^^^^^^^^^^^^^^^^^
urllib3.exceptions.MaxRetryError: HTTPSConnectionPool(host='api.telegram.org', port=443): Max retries exceeded with url: /bot8730236171:AAFy_65gvPbjYkMvnxpGyZ5bOirrxUC6rJQ/getUpdates?offset=95087094&timeout=20 (Caused by NameResolutionError("HTTPSConnection(host='api.telegram.org', port=443): Failed to resolve 'api.telegram.org' ([Errno 11001] getaddrinfo failed)"))

During handling of the above exception, another exception occurred:

Traceback (most recent call last):
  File "D:\Users\Desktop\automator_project\venv\Lib\site-packages\telebot\__init__.py", line 1016, in infinity_polling
    self.polling(non_stop=True, timeout=timeout, long_polling_timeout=long_polling_timeout,
    ~~~~~~~~~~~~^^^^^^^^^^^^^^^^^^^^^^^^^^^^^^^^^^^^^^^^^^^^^^^^^^^^^^^^^^^^^^^^^^^^^^^^^^^
                 logger_level=logger_level, allowed_updates=allowed_updates, restart_on_change=False,
                 ^^^^^^^^^^^^^^^^^^^^^^^^^^^^^^^^^^^^^^^^^^^^^^^^^^^^^^^^^^^^^^^^^^^^^^^^^^^^^^^^^^^^
                 *args, **kwargs)
                 ^^^^^^^^^^^^^^^^
  File "D:\Users\Desktop\automator_project\venv\Lib\site-packages\telebot\__init__.py", line 1104, in polling
    self.__threaded_polling(non_stop=non_stop, interval=interval, timeout=timeout, long_polling_timeout=long_polling_timeout,
    ~~~~~~~~~~~~~~~~~~~~~~~^^^^^^^^^^^^^^^^^^^^^^^^^^^^^^^^^^^^^^^^^^^^^^^^^^^^^^^^^^^^^^^^^^^^^^^^^^^^^^^^^^^^^^^^^^^^^^^^^^
                            logger_level=logger_level, allowed_updates=allowed_updates)
                            ^^^^^^^^^^^^^^^^^^^^^^^^^^^^^^^^^^^^^^^^^^^^^^^^^^^^^^^^^^^
  File "D:\Users\Desktop\automator_project\venv\Lib\site-packages\telebot\__init__.py", line 1179, in __threaded_polling
    raise e
  File "D:\Users\Desktop\automator_project\venv\Lib\site-packages\telebot\__init__.py", line 1140, in __threaded_polling
    polling_thread.raise_exceptions()
    ~~~~~~~~~~~~~~~~~~~~~~~~~~~~~~~^^
  File "D:\Users\Desktop\automator_project\venv\Lib\site-packages\telebot\util.py", line 110, in raise_exceptions
    raise self.exception_info
  File "D:\Users\Desktop\automator_project\venv\Lib\site-packages\telebot\util.py", line 92, in run
    task(*args, **kwargs)
    ~~~~^^^^^^^^^^^^^^^^^
  File "D:\Users\Desktop\automator_project\venv\Lib\site-packages\telebot\__init__.py", line 661, in __retrieve_updates
    updates = self.get_updates(offset=(self.last_update_id + 1),
                               allowed_updates=allowed_updates,
                               timeout=timeout, long_polling_timeout=long_polling_timeout)
  File "D:\Users\Desktop\automator_project\venv\Lib\site-packages\telebot\__init__.py", line 633, in get_updates
    json_updates = apihelper.get_updates(
        self.token, offset=offset, limit=limit, timeout=timeout, allowed_updates=allowed_updates,
        long_polling_timeout=long_polling_timeout)
  File "D:\Users\Desktop\automator_project\venv\Lib\site-packages\telebot\apihelper.py", line 321, in get_updates
    return _make_request(token, method_url, params=payload)
  File "D:\Users\Desktop\automator_project\venv\Lib\site-packages\telebot\apihelper.py", line 158, in _make_request
    result = _get_req_session().request(
        method, request_url, params=params, files=files,
        timeout=(connect_timeout, read_timeout), proxies=proxy)
  File "D:\Users\Desktop\automator_project\venv\Lib\site-packages\requests\sessions.py", line 589, in request
    resp = self.send(prep, **send_kwargs)
  File "D:\Users\Desktop\automator_project\venv\Lib\site-packages\requests\sessions.py", line 703, in send
    r = adapter.send(request, **kwargs)
  File "D:\Users\Desktop\automator_project\venv\Lib\site-packages\requests\adapters.py", line 519, in send
    raise ConnectionError(e, request=request)
requests.exceptions.ConnectionError: HTTPSConnectionPool(host='api.telegram.org', port=443): Max retries exceeded with url: /bot8730236171:AAFy_65gvPbjYkMvnxpGyZ5bOirrxUC6rJQ/getUpdates?offset=95087094&timeout=20 (Caused by NameResolutionError("HTTPSConnection(host='api.telegram.org', port=443): Failed to resolve 'api.telegram.org' ([Errno 11001] getaddrinfo failed)"))

2026-03-31 02:25:28,223 - TeleBot - ERROR - Infinity polling exception: HTTPSConnectionPool(host='api.telegram.org', port=443): Max retries exceeded with url: /bot8730236171:AAFy_65gvPbjYkMvnxpGyZ5bOirrxUC6rJQ/getUpdates?offset=95087094&timeout=20 (Caused by NameResolutionError("HTTPSConnection(host='api.telegram.org', port=443): Failed to resolve 'api.telegram.org' ([Errno 11001] getaddrinfo failed)"))
2026-03-31 02:25:28,232 - TeleBot - ERROR - Exception traceback:
Traceback (most recent call last):
  File "D:\Users\Desktop\automator_project\venv\Lib\site-packages\urllib3\connection.py", line 204, in _new_conn
    sock = connection.create_connection(
        (self._dns_host, self.port),
    ...<2 lines>...
        socket_options=self.socket_options,
    )
  File "D:\Users\Desktop\automator_project\venv\Lib\site-packages\urllib3\util\connection.py", line 60, in create_connection
    for res in socket.getaddrinfo(host, port, family, socket.SOCK_STREAM):
               ~~~~~~~~~~~~~~~~~~^^^^^^^^^^^^^^^^^^^^^^^^^^^^^^^^^^^^^^^^
  File "C:\Users\Simonoviya\AppData\Local\Programs\Python\Python314\Lib\socket.py", line 983, in getaddrinfo
    for res in _socket.getaddrinfo(host, port, family, type, proto, flags):
               ~~~~~~~~~~~~~~~~~~~^^^^^^^^^^^^^^^^^^^^^^^^^^^^^^^^^^^^^^^^
socket.gaierror: [Errno 11001] getaddrinfo failed

The above exception was the direct cause of the following exception:

Traceback (most recent call last):
  File "D:\Users\Desktop\automator_project\venv\Lib\site-packages\urllib3\connectionpool.py", line 787, in urlopen
    response = self._make_request(
        conn,
    ...<10 lines>...
        **response_kw,
    )
  File "D:\Users\Desktop\automator_project\venv\Lib\site-packages\urllib3\connectionpool.py", line 488, in _make_request
    raise new_e
  File "D:\Users\Desktop\automator_project\venv\Lib\site-packages\urllib3\connectionpool.py", line 464, in _make_request
    self._validate_conn(conn)
    ~~~~~~~~~~~~~~~~~~~^^^^^^
  File "D:\Users\Desktop\automator_project\venv\Lib\site-packages\urllib3\connectionpool.py", line 1093, in _validate_conn
    conn.connect()
    ~~~~~~~~~~~~^^
  File "D:\Users\Desktop\automator_project\venv\Lib\site-packages\urllib3\connection.py", line 759, in connect
    self.sock = sock = self._new_conn()
                       ~~~~~~~~~~~~~~^^
  File "D:\Users\Desktop\automator_project\venv\Lib\site-packages\urllib3\connection.py", line 211, in _new_conn
    raise NameResolutionError(self.host, self, e) from e
urllib3.exceptions.NameResolutionError: HTTPSConnection(host='api.telegram.org', port=443): Failed to resolve 'api.telegram.org' ([Errno 11001] getaddrinfo failed)

The above exception was the direct cause of the following exception:

Traceback (most recent call last):
  File "D:\Users\Desktop\automator_project\venv\Lib\site-packages\requests\adapters.py", line 486, in send
    resp = conn.urlopen(
        method=request.method,
    ...<9 lines>...
        chunked=chunked,
    )
  File "D:\Users\Desktop\automator_project\venv\Lib\site-packages\urllib3\connectionpool.py", line 841, in urlopen
    retries = retries.increment(
        method, url, error=new_e, _pool=self, _stacktrace=sys.exc_info()[2]
    )
  File "D:\Users\Desktop\automator_project\venv\Lib\site-packages\urllib3\util\retry.py", line 535, in increment
    raise MaxRetryError(_pool, url, reason) from reason  # type: ignore[arg-type]
    ^^^^^^^^^^^^^^^^^^^^^^^^^^^^^^^^^^^^^^^^^^^^^^^^^^^
urllib3.exceptions.MaxRetryError: HTTPSConnectionPool(host='api.telegram.org', port=443): Max retries exceeded with url: /bot8730236171:AAFy_65gvPbjYkMvnxpGyZ5bOirrxUC6rJQ/getUpdates?offset=95087094&timeout=20 (Caused by NameResolutionError("HTTPSConnection(host='api.telegram.org', port=443): Failed to resolve 'api.telegram.org' ([Errno 11001] getaddrinfo failed)"))

During handling of the above exception, another exception occurred:

Traceback (most recent call last):
  File "D:\Users\Desktop\automator_project\venv\Lib\site-packages\telebot\__init__.py", line 1016, in infinity_polling
    self.polling(non_stop=True, timeout=timeout, long_polling_timeout=long_polling_timeout,
    ~~~~~~~~~~~~^^^^^^^^^^^^^^^^^^^^^^^^^^^^^^^^^^^^^^^^^^^^^^^^^^^^^^^^^^^^^^^^^^^^^^^^^^^
                 logger_level=logger_level, allowed_updates=allowed_updates, restart_on_change=False,
                 ^^^^^^^^^^^^^^^^^^^^^^^^^^^^^^^^^^^^^^^^^^^^^^^^^^^^^^^^^^^^^^^^^^^^^^^^^^^^^^^^^^^^
                 *args, **kwargs)
                 ^^^^^^^^^^^^^^^^
  File "D:\Users\Desktop\automator_project\venv\Lib\site-packages\telebot\__init__.py", line 1104, in polling
    self.__threaded_polling(non_stop=non_stop, interval=interval, timeout=timeout, long_polling_timeout=long_polling_timeout,
    ~~~~~~~~~~~~~~~~~~~~~~~^^^^^^^^^^^^^^^^^^^^^^^^^^^^^^^^^^^^^^^^^^^^^^^^^^^^^^^^^^^^^^^^^^^^^^^^^^^^^^^^^^^^^^^^^^^^^^^^^^
                            logger_level=logger_level, allowed_updates=allowed_updates)
                            ^^^^^^^^^^^^^^^^^^^^^^^^^^^^^^^^^^^^^^^^^^^^^^^^^^^^^^^^^^^
  File "D:\Users\Desktop\automator_project\venv\Lib\site-packages\telebot\__init__.py", line 1179, in __threaded_polling
    raise e
  File "D:\Users\Desktop\automator_project\venv\Lib\site-packages\telebot\__init__.py", line 1140, in __threaded_polling
    polling_thread.raise_exceptions()
    ~~~~~~~~~~~~~~~~~~~~~~~~~~~~~~~^^
  File "D:\Users\Desktop\automator_project\venv\Lib\site-packages\telebot\util.py", line 110, in raise_exceptions
    raise self.exception_info
  File "D:\Users\Desktop\automator_project\venv\Lib\site-packages\telebot\util.py", line 92, in run
    task(*args, **kwargs)
    ~~~~^^^^^^^^^^^^^^^^^
  File "D:\Users\Desktop\automator_project\venv\Lib\site-packages\telebot\__init__.py", line 661, in __retrieve_updates
    updates = self.get_updates(offset=(self.last_update_id + 1),
                               allowed_updates=allowed_updates,
                               timeout=timeout, long_polling_timeout=long_polling_timeout)
  File "D:\Users\Desktop\automator_project\venv\Lib\site-packages\telebot\__init__.py", line 633, in get_updates
    json_updates = apihelper.get_updates(
        self.token, offset=offset, limit=limit, timeout=timeout, allowed_updates=allowed_updates,
        long_polling_timeout=long_polling_timeout)
  File "D:\Users\Desktop\automator_project\venv\Lib\site-packages\telebot\apihelper.py", line 321, in get_updates
    return _make_request(token, method_url, params=payload)
  File "D:\Users\Desktop\automator_project\venv\Lib\site-packages\telebot\apihelper.py", line 158, in _make_request
    result = _get_req_session().request(
        method, request_url, params=params, files=files,
        timeout=(connect_timeout, read_timeout), proxies=proxy)
  File "D:\Users\Desktop\automator_project\venv\Lib\site-packages\requests\sessions.py", line 589, in request
    resp = self.send(prep, **send_kwargs)
  File "D:\Users\Desktop\automator_project\venv\Lib\site-packages\requests\sessions.py", line 703, in send
    r = adapter.send(request, **kwargs)
  File "D:\Users\Desktop\automator_project\venv\Lib\site-packages\requests\adapters.py", line 519, in send
    raise ConnectionError(e, request=request)
requests.exceptions.ConnectionError: HTTPSConnectionPool(host='api.telegram.org', port=443): Max retries exceeded with url: /bot8730236171:AAFy_65gvPbjYkMvnxpGyZ5bOirrxUC6rJQ/getUpdates?offset=95087094&timeout=20 (Caused by NameResolutionError("HTTPSConnection(host='api.telegram.org', port=443): Failed to resolve 'api.telegram.org' ([Errno 11001] getaddrinfo failed)"))

2026-03-31 02:25:42,736 - TeleBot - ERROR - Infinity polling exception: HTTPSConnectionPool(host='api.telegram.org', port=443): Max retries exceeded with url: /bot8730236171:AAFy_65gvPbjYkMvnxpGyZ5bOirrxUC6rJQ/getUpdates?offset=95087094&timeout=20 (Caused by NameResolutionError("HTTPSConnection(host='api.telegram.org', port=443): Failed to resolve 'api.telegram.org' ([Errno 11001] getaddrinfo failed)"))
2026-03-31 02:25:42,745 - TeleBot - ERROR - Exception traceback:
Traceback (most recent call last):
  File "D:\Users\Desktop\automator_project\venv\Lib\site-packages\urllib3\connection.py", line 204, in _new_conn
    sock = connection.create_connection(
        (self._dns_host, self.port),
    ...<2 lines>...
        socket_options=self.socket_options,
    )
  File "D:\Users\Desktop\automator_project\venv\Lib\site-packages\urllib3\util\connection.py", line 60, in create_connection
    for res in socket.getaddrinfo(host, port, family, socket.SOCK_STREAM):
               ~~~~~~~~~~~~~~~~~~^^^^^^^^^^^^^^^^^^^^^^^^^^^^^^^^^^^^^^^^
  File "C:\Users\Simonoviya\AppData\Local\Programs\Python\Python314\Lib\socket.py", line 983, in getaddrinfo
    for res in _socket.getaddrinfo(host, port, family, type, proto, flags):
               ~~~~~~~~~~~~~~~~~~~^^^^^^^^^^^^^^^^^^^^^^^^^^^^^^^^^^^^^^^^
socket.gaierror: [Errno 11001] getaddrinfo failed

The above exception was the direct cause of the following exception:

Traceback (most recent call last):
  File "D:\Users\Desktop\automator_project\venv\Lib\site-packages\urllib3\connectionpool.py", line 787, in urlopen
    response = self._make_request(
        conn,
    ...<10 lines>...
        **response_kw,
    )
  File "D:\Users\Desktop\automator_project\venv\Lib\site-packages\urllib3\connectionpool.py", line 488, in _make_request
    raise new_e
  File "D:\Users\Desktop\automator_project\venv\Lib\site-packages\urllib3\connectionpool.py", line 464, in _make_request
    self._validate_conn(conn)
    ~~~~~~~~~~~~~~~~~~~^^^^^^
  File "D:\Users\Desktop\automator_project\venv\Lib\site-packages\urllib3\connectionpool.py", line 1093, in _validate_conn
    conn.connect()
    ~~~~~~~~~~~~^^
  File "D:\Users\Desktop\automator_project\venv\Lib\site-packages\urllib3\connection.py", line 759, in connect
    self.sock = sock = self._new_conn()
                       ~~~~~~~~~~~~~~^^
  File "D:\Users\Desktop\automator_project\venv\Lib\site-packages\urllib3\connection.py", line 211, in _new_conn
    raise NameResolutionError(self.host, self, e) from e
urllib3.exceptions.NameResolutionError: HTTPSConnection(host='api.telegram.org', port=443): Failed to resolve 'api.telegram.org' ([Errno 11001] getaddrinfo failed)

The above exception was the direct cause of the following exception:

Traceback (most recent call last):
  File "D:\Users\Desktop\automator_project\venv\Lib\site-packages\requests\adapters.py", line 486, in send
    resp = conn.urlopen(
        method=request.method,
    ...<9 lines>...
        chunked=chunked,
    )
  File "D:\Users\Desktop\automator_project\venv\Lib\site-packages\urllib3\connectionpool.py", line 841, in urlopen
    retries = retries.increment(
        method, url, error=new_e, _pool=self, _stacktrace=sys.exc_info()[2]
    )
  File "D:\Users\Desktop\automator_project\venv\Lib\site-packages\urllib3\util\retry.py", line 535, in increment
    raise MaxRetryError(_pool, url, reason) from reason  # type: ignore[arg-type]
    ^^^^^^^^^^^^^^^^^^^^^^^^^^^^^^^^^^^^^^^^^^^^^^^^^^^
urllib3.exceptions.MaxRetryError: HTTPSConnectionPool(host='api.telegram.org', port=443): Max retries exceeded with url: /bot8730236171:AAFy_65gvPbjYkMvnxpGyZ5bOirrxUC6rJQ/getUpdates?offset=95087094&timeout=20 (Caused by NameResolutionError("HTTPSConnection(host='api.telegram.org', port=443): Failed to resolve 'api.telegram.org' ([Errno 11001] getaddrinfo failed)"))

During handling of the above exception, another exception occurred:

Traceback (most recent call last):
  File "D:\Users\Desktop\automator_project\venv\Lib\site-packages\telebot\__init__.py", line 1016, in infinity_polling
    self.polling(non_stop=True, timeout=timeout, long_polling_timeout=long_polling_timeout,
    ~~~~~~~~~~~~^^^^^^^^^^^^^^^^^^^^^^^^^^^^^^^^^^^^^^^^^^^^^^^^^^^^^^^^^^^^^^^^^^^^^^^^^^^
                 logger_level=logger_level, allowed_updates=allowed_updates, restart_on_change=False,
                 ^^^^^^^^^^^^^^^^^^^^^^^^^^^^^^^^^^^^^^^^^^^^^^^^^^^^^^^^^^^^^^^^^^^^^^^^^^^^^^^^^^^^
                 *args, **kwargs)
                 ^^^^^^^^^^^^^^^^
  File "D:\Users\Desktop\automator_project\venv\Lib\site-packages\telebot\__init__.py", line 1104, in polling
    self.__threaded_polling(non_stop=non_stop, interval=interval, timeout=timeout, long_polling_timeout=long_polling_timeout,
    ~~~~~~~~~~~~~~~~~~~~~~~^^^^^^^^^^^^^^^^^^^^^^^^^^^^^^^^^^^^^^^^^^^^^^^^^^^^^^^^^^^^^^^^^^^^^^^^^^^^^^^^^^^^^^^^^^^^^^^^^^
                            logger_level=logger_level, allowed_updates=allowed_updates)
                            ^^^^^^^^^^^^^^^^^^^^^^^^^^^^^^^^^^^^^^^^^^^^^^^^^^^^^^^^^^^
  File "D:\Users\Desktop\automator_project\venv\Lib\site-packages\telebot\__init__.py", line 1179, in __threaded_polling
    raise e
  File "D:\Users\Desktop\automator_project\venv\Lib\site-packages\telebot\__init__.py", line 1140, in __threaded_polling
    polling_thread.raise_exceptions()
    ~~~~~~~~~~~~~~~~~~~~~~~~~~~~~~~^^
  File "D:\Users\Desktop\automator_project\venv\Lib\site-packages\telebot\util.py", line 110, in raise_exceptions
    raise self.exception_info
  File "D:\Users\Desktop\automator_project\venv\Lib\site-packages\telebot\util.py", line 92, in run
    task(*args, **kwargs)
    ~~~~^^^^^^^^^^^^^^^^^
  File "D:\Users\Desktop\automator_project\venv\Lib\site-packages\telebot\__init__.py", line 661, in __retrieve_updates
    updates = self.get_updates(offset=(self.last_update_id + 1),
                               allowed_updates=allowed_updates,
                               timeout=timeout, long_polling_timeout=long_polling_timeout)
  File "D:\Users\Desktop\automator_project\venv\Lib\site-packages\telebot\__init__.py", line 633, in get_updates
    json_updates = apihelper.get_updates(
        self.token, offset=offset, limit=limit, timeout=timeout, allowed_updates=allowed_updates,
        long_polling_timeout=long_polling_timeout)
  File "D:\Users\Desktop\automator_project\venv\Lib\site-packages\telebot\apihelper.py", line 321, in get_updates
    return _make_request(token, method_url, params=payload)
  File "D:\Users\Desktop\automator_project\venv\Lib\site-packages\telebot\apihelper.py", line 158, in _make_request
    result = _get_req_session().request(
        method, request_url, params=params, files=files,
        timeout=(connect_timeout, read_timeout), proxies=proxy)
  File "D:\Users\Desktop\automator_project\venv\Lib\site-packages\requests\sessions.py", line 589, in request
    resp = self.send(prep, **send_kwargs)
  File "D:\Users\Desktop\automator_project\venv\Lib\site-packages\requests\sessions.py", line 703, in send
    r = adapter.send(request, **kwargs)
  File "D:\Users\Desktop\automator_project\venv\Lib\site-packages\requests\adapters.py", line 519, in send
    raise ConnectionError(e, request=request)
requests.exceptions.ConnectionError: HTTPSConnectionPool(host='api.telegram.org', port=443): Max retries exceeded with url: /bot8730236171:AAFy_65gvPbjYkMvnxpGyZ5bOirrxUC6rJQ/getUpdates?offset=95087094&timeout=20 (Caused by NameResolutionError("HTTPSConnection(host='api.telegram.org', port=443): Failed to resolve 'api.telegram.org' ([Errno 11001] getaddrinfo failed)"))

2026-03-31 02:25:57,255 - TeleBot - ERROR - Infinity polling exception: HTTPSConnectionPool(host='api.telegram.org', port=443): Max retries exceeded with url: /bot8730236171:AAFy_65gvPbjYkMvnxpGyZ5bOirrxUC6rJQ/getUpdates?offset=95087094&timeout=20 (Caused by NameResolutionError("HTTPSConnection(host='api.telegram.org', port=443): Failed to resolve 'api.telegram.org' ([Errno 11001] getaddrinfo failed)"))
2026-03-31 02:25:57,264 - TeleBot - ERROR - Exception traceback:
Traceback (most recent call last):
  File "D:\Users\Desktop\automator_project\venv\Lib\site-packages\urllib3\connection.py", line 204, in _new_conn
    sock = connection.create_connection(
        (self._dns_host, self.port),
    ...<2 lines>...
        socket_options=self.socket_options,
    )
  File "D:\Users\Desktop\automator_project\venv\Lib\site-packages\urllib3\util\connection.py", line 60, in create_connection
    for res in socket.getaddrinfo(host, port, family, socket.SOCK_STREAM):
               ~~~~~~~~~~~~~~~~~~^^^^^^^^^^^^^^^^^^^^^^^^^^^^^^^^^^^^^^^^
  File "C:\Users\Simonoviya\AppData\Local\Programs\Python\Python314\Lib\socket.py", line 983, in getaddrinfo
    for res in _socket.getaddrinfo(host, port, family, type, proto, flags):
               ~~~~~~~~~~~~~~~~~~~^^^^^^^^^^^^^^^^^^^^^^^^^^^^^^^^^^^^^^^^
socket.gaierror: [Errno 11001] getaddrinfo failed

The above exception was the direct cause of the following exception:

Traceback (most recent call last):
  File "D:\Users\Desktop\automator_project\venv\Lib\site-packages\urllib3\connectionpool.py", line 787, in urlopen
    response = self._make_request(
        conn,
    ...<10 lines>...
        **response_kw,
    )
  File "D:\Users\Desktop\automator_project\venv\Lib\site-packages\urllib3\connectionpool.py", line 488, in _make_request
    raise new_e
  File "D:\Users\Desktop\automator_project\venv\Lib\site-packages\urllib3\connectionpool.py", line 464, in _make_request
    self._validate_conn(conn)
    ~~~~~~~~~~~~~~~~~~~^^^^^^
  File "D:\Users\Desktop\automator_project\venv\Lib\site-packages\urllib3\connectionpool.py", line 1093, in _validate_conn
    conn.connect()
    ~~~~~~~~~~~~^^
  File "D:\Users\Desktop\automator_project\venv\Lib\site-packages\urllib3\connection.py", line 759, in connect
    self.sock = sock = self._new_conn()
                       ~~~~~~~~~~~~~~^^
  File "D:\Users\Desktop\automator_project\venv\Lib\site-packages\urllib3\connection.py", line 211, in _new_conn
    raise NameResolutionError(self.host, self, e) from e
urllib3.exceptions.NameResolutionError: HTTPSConnection(host='api.telegram.org', port=443): Failed to resolve 'api.telegram.org' ([Errno 11001] getaddrinfo failed)

The above exception was the direct cause of the following exception:

Traceback (most recent call last):
  File "D:\Users\Desktop\automator_project\venv\Lib\site-packages\requests\adapters.py", line 486, in send
    resp = conn.urlopen(
        method=request.method,
    ...<9 lines>...
        chunked=chunked,
    )
  File "D:\Users\Desktop\automator_project\venv\Lib\site-packages\urllib3\connectionpool.py", line 841, in urlopen
    retries = retries.increment(
        method, url, error=new_e, _pool=self, _stacktrace=sys.exc_info()[2]
    )
  File "D:\Users\Desktop\automator_project\venv\Lib\site-packages\urllib3\util\retry.py", line 535, in increment
    raise MaxRetryError(_pool, url, reason) from reason  # type: ignore[arg-type]
    ^^^^^^^^^^^^^^^^^^^^^^^^^^^^^^^^^^^^^^^^^^^^^^^^^^^
urllib3.exceptions.MaxRetryError: HTTPSConnectionPool(host='api.telegram.org', port=443): Max retries exceeded with url: /bot8730236171:AAFy_65gvPbjYkMvnxpGyZ5bOirrxUC6rJQ/getUpdates?offset=95087094&timeout=20 (Caused by NameResolutionError("HTTPSConnection(host='api.telegram.org', port=443): Failed to resolve 'api.telegram.org' ([Errno 11001] getaddrinfo failed)"))

During handling of the above exception, another exception occurred:

Traceback (most recent call last):
  File "D:\Users\Desktop\automator_project\venv\Lib\site-packages\telebot\__init__.py", line 1016, in infinity_polling
    self.polling(non_stop=True, timeout=timeout, long_polling_timeout=long_polling_timeout,
    ~~~~~~~~~~~~^^^^^^^^^^^^^^^^^^^^^^^^^^^^^^^^^^^^^^^^^^^^^^^^^^^^^^^^^^^^^^^^^^^^^^^^^^^
                 logger_level=logger_level, allowed_updates=allowed_updates, restart_on_change=False,
                 ^^^^^^^^^^^^^^^^^^^^^^^^^^^^^^^^^^^^^^^^^^^^^^^^^^^^^^^^^^^^^^^^^^^^^^^^^^^^^^^^^^^^
                 *args, **kwargs)
                 ^^^^^^^^^^^^^^^^
  File "D:\Users\Desktop\automator_project\venv\Lib\site-packages\telebot\__init__.py", line 1104, in polling
    self.__threaded_polling(non_stop=non_stop, interval=interval, timeout=timeout, long_polling_timeout=long_polling_timeout,
    ~~~~~~~~~~~~~~~~~~~~~~~^^^^^^^^^^^^^^^^^^^^^^^^^^^^^^^^^^^^^^^^^^^^^^^^^^^^^^^^^^^^^^^^^^^^^^^^^^^^^^^^^^^^^^^^^^^^^^^^^^
                            logger_level=logger_level, allowed_updates=allowed_updates)
                            ^^^^^^^^^^^^^^^^^^^^^^^^^^^^^^^^^^^^^^^^^^^^^^^^^^^^^^^^^^^
  File "D:\Users\Desktop\automator_project\venv\Lib\site-packages\telebot\__init__.py", line 1179, in __threaded_polling
    raise e
  File "D:\Users\Desktop\automator_project\venv\Lib\site-packages\telebot\__init__.py", line 1140, in __threaded_polling
    polling_thread.raise_exceptions()
    ~~~~~~~~~~~~~~~~~~~~~~~~~~~~~~~^^
  File "D:\Users\Desktop\automator_project\venv\Lib\site-packages\telebot\util.py", line 110, in raise_exceptions
    raise self.exception_info
  File "D:\Users\Desktop\automator_project\venv\Lib\site-packages\telebot\util.py", line 92, in run
    task(*args, **kwargs)
    ~~~~^^^^^^^^^^^^^^^^^
  File "D:\Users\Desktop\automator_project\venv\Lib\site-packages\telebot\__init__.py", line 661, in __retrieve_updates
    updates = self.get_updates(offset=(self.last_update_id + 1),
                               allowed_updates=allowed_updates,
                               timeout=timeout, long_polling_timeout=long_polling_timeout)
  File "D:\Users\Desktop\automator_project\venv\Lib\site-packages\telebot\__init__.py", line 633, in get_updates
    json_updates = apihelper.get_updates(
        self.token, offset=offset, limit=limit, timeout=timeout, allowed_updates=allowed_updates,
        long_polling_timeout=long_polling_timeout)
  File "D:\Users\Desktop\automator_project\venv\Lib\site-packages\telebot\apihelper.py", line 321, in get_updates
    return _make_request(token, method_url, params=payload)
  File "D:\Users\Desktop\automator_project\venv\Lib\site-packages\telebot\apihelper.py", line 158, in _make_request
    result = _get_req_session().request(
        method, request_url, params=params, files=files,
        timeout=(connect_timeout, read_timeout), proxies=proxy)
  File "D:\Users\Desktop\automator_project\venv\Lib\site-packages\requests\sessions.py", line 589, in request
    resp = self.send(prep, **send_kwargs)
  File "D:\Users\Desktop\automator_project\venv\Lib\site-packages\requests\sessions.py", line 703, in send
    r = adapter.send(request, **kwargs)
  File "D:\Users\Desktop\automator_project\venv\Lib\site-packages\requests\adapters.py", line 519, in send
    raise ConnectionError(e, request=request)
requests.exceptions.ConnectionError: HTTPSConnectionPool(host='api.telegram.org', port=443): Max retries exceeded with url: /bot8730236171:AAFy_65gvPbjYkMvnxpGyZ5bOirrxUC6rJQ/getUpdates?offset=95087094&timeout=20 (Caused by NameResolutionError("HTTPSConnection(host='api.telegram.org', port=443): Failed to resolve 'api.telegram.org' ([Errno 11001] getaddrinfo failed)"))

2026-03-31 02:26:11,752 - TeleBot - ERROR - Infinity polling exception: HTTPSConnectionPool(host='api.telegram.org', port=443): Max retries exceeded with url: /bot8730236171:AAFy_65gvPbjYkMvnxpGyZ5bOirrxUC6rJQ/getUpdates?offset=95087094&timeout=20 (Caused by NameResolutionError("HTTPSConnection(host='api.telegram.org', port=443): Failed to resolve 'api.telegram.org' ([Errno 11001] getaddrinfo failed)"))
2026-03-31 02:26:11,761 - TeleBot - ERROR - Exception traceback:
Traceback (most recent call last):
  File "D:\Users\Desktop\automator_project\venv\Lib\site-packages\urllib3\connection.py", line 204, in _new_conn
    sock = connection.create_connection(
        (self._dns_host, self.port),
    ...<2 lines>...
        socket_options=self.socket_options,
    )
  File "D:\Users\Desktop\automator_project\venv\Lib\site-packages\urllib3\util\connection.py", line 60, in create_connection
    for res in socket.getaddrinfo(host, port, family, socket.SOCK_STREAM):
               ~~~~~~~~~~~~~~~~~~^^^^^^^^^^^^^^^^^^^^^^^^^^^^^^^^^^^^^^^^
  File "C:\Users\Simonoviya\AppData\Local\Programs\Python\Python314\Lib\socket.py", line 983, in getaddrinfo
    for res in _socket.getaddrinfo(host, port, family, type, proto, flags):
               ~~~~~~~~~~~~~~~~~~~^^^^^^^^^^^^^^^^^^^^^^^^^^^^^^^^^^^^^^^^
socket.gaierror: [Errno 11001] getaddrinfo failed

The above exception was the direct cause of the following exception:

Traceback (most recent call last):
  File "D:\Users\Desktop\automator_project\venv\Lib\site-packages\urllib3\connectionpool.py", line 787, in urlopen
    response = self._make_request(
        conn,
    ...<10 lines>...
        **response_kw,
    )
  File "D:\Users\Desktop\automator_project\venv\Lib\site-packages\urllib3\connectionpool.py", line 488, in _make_request
    raise new_e
  File "D:\Users\Desktop\automator_project\venv\Lib\site-packages\urllib3\connectionpool.py", line 464, in _make_request
    self._validate_conn(conn)
    ~~~~~~~~~~~~~~~~~~~^^^^^^
  File "D:\Users\Desktop\automator_project\venv\Lib\site-packages\urllib3\connectionpool.py", line 1093, in _validate_conn
    conn.connect()
    ~~~~~~~~~~~~^^
  File "D:\Users\Desktop\automator_project\venv\Lib\site-packages\urllib3\connection.py", line 759, in connect
    self.sock = sock = self._new_conn()
                       ~~~~~~~~~~~~~~^^
  File "D:\Users\Desktop\automator_project\venv\Lib\site-packages\urllib3\connection.py", line 211, in _new_conn
    raise NameResolutionError(self.host, self, e) from e
urllib3.exceptions.NameResolutionError: HTTPSConnection(host='api.telegram.org', port=443): Failed to resolve 'api.telegram.org' ([Errno 11001] getaddrinfo failed)

The above exception was the direct cause of the following exception:

Traceback (most recent call last):
  File "D:\Users\Desktop\automator_project\venv\Lib\site-packages\requests\adapters.py", line 486, in send
    resp = conn.urlopen(
        method=request.method,
    ...<9 lines>...
        chunked=chunked,
    )
  File "D:\Users\Desktop\automator_project\venv\Lib\site-packages\urllib3\connectionpool.py", line 841, in urlopen
    retries = retries.increment(
        method, url, error=new_e, _pool=self, _stacktrace=sys.exc_info()[2]
    )
  File "D:\Users\Desktop\automator_project\venv\Lib\site-packages\urllib3\util\retry.py", line 535, in increment
    raise MaxRetryError(_pool, url, reason) from reason  # type: ignore[arg-type]
    ^^^^^^^^^^^^^^^^^^^^^^^^^^^^^^^^^^^^^^^^^^^^^^^^^^^
urllib3.exceptions.MaxRetryError: HTTPSConnectionPool(host='api.telegram.org', port=443): Max retries exceeded with url: /bot8730236171:AAFy_65gvPbjYkMvnxpGyZ5bOirrxUC6rJQ/getUpdates?offset=95087094&timeout=20 (Caused by NameResolutionError("HTTPSConnection(host='api.telegram.org', port=443): Failed to resolve 'api.telegram.org' ([Errno 11001] getaddrinfo failed)"))

During handling of the above exception, another exception occurred:

Traceback (most recent call last):
  File "D:\Users\Desktop\automator_project\venv\Lib\site-packages\telebot\__init__.py", line 1016, in infinity_polling
    self.polling(non_stop=True, timeout=timeout, long_polling_timeout=long_polling_timeout,
    ~~~~~~~~~~~~^^^^^^^^^^^^^^^^^^^^^^^^^^^^^^^^^^^^^^^^^^^^^^^^^^^^^^^^^^^^^^^^^^^^^^^^^^^
                 logger_level=logger_level, allowed_updates=allowed_updates, restart_on_change=False,
                 ^^^^^^^^^^^^^^^^^^^^^^^^^^^^^^^^^^^^^^^^^^^^^^^^^^^^^^^^^^^^^^^^^^^^^^^^^^^^^^^^^^^^
                 *args, **kwargs)
                 ^^^^^^^^^^^^^^^^
  File "D:\Users\Desktop\automator_project\venv\Lib\site-packages\telebot\__init__.py", line 1104, in polling
    self.__threaded_polling(non_stop=non_stop, interval=interval, timeout=timeout, long_polling_timeout=long_polling_timeout,
    ~~~~~~~~~~~~~~~~~~~~~~~^^^^^^^^^^^^^^^^^^^^^^^^^^^^^^^^^^^^^^^^^^^^^^^^^^^^^^^^^^^^^^^^^^^^^^^^^^^^^^^^^^^^^^^^^^^^^^^^^^
                            logger_level=logger_level, allowed_updates=allowed_updates)
                            ^^^^^^^^^^^^^^^^^^^^^^^^^^^^^^^^^^^^^^^^^^^^^^^^^^^^^^^^^^^
  File "D:\Users\Desktop\automator_project\venv\Lib\site-packages\telebot\__init__.py", line 1179, in __threaded_polling
    raise e
  File "D:\Users\Desktop\automator_project\venv\Lib\site-packages\telebot\__init__.py", line 1140, in __threaded_polling
    polling_thread.raise_exceptions()
    ~~~~~~~~~~~~~~~~~~~~~~~~~~~~~~~^^
  File "D:\Users\Desktop\automator_project\venv\Lib\site-packages\telebot\util.py", line 110, in raise_exceptions
    raise self.exception_info
  File "D:\Users\Desktop\automator_project\venv\Lib\site-packages\telebot\util.py", line 92, in run
    task(*args, **kwargs)
    ~~~~^^^^^^^^^^^^^^^^^
  File "D:\Users\Desktop\automator_project\venv\Lib\site-packages\telebot\__init__.py", line 661, in __retrieve_updates
    updates = self.get_updates(offset=(self.last_update_id + 1),
                               allowed_updates=allowed_updates,
                               timeout=timeout, long_polling_timeout=long_polling_timeout)
  File "D:\Users\Desktop\automator_project\venv\Lib\site-packages\telebot\__init__.py", line 633, in get_updates
    json_updates = apihelper.get_updates(
        self.token, offset=offset, limit=limit, timeout=timeout, allowed_updates=allowed_updates,
        long_polling_timeout=long_polling_timeout)
  File "D:\Users\Desktop\automator_project\venv\Lib\site-packages\telebot\apihelper.py", line 321, in get_updates
    return _make_request(token, method_url, params=payload)
  File "D:\Users\Desktop\automator_project\venv\Lib\site-packages\telebot\apihelper.py", line 158, in _make_request
    result = _get_req_session().request(
        method, request_url, params=params, files=files,
        timeout=(connect_timeout, read_timeout), proxies=proxy)
  File "D:\Users\Desktop\automator_project\venv\Lib\site-packages\requests\sessions.py", line 589, in request
    resp = self.send(prep, **send_kwargs)
  File "D:\Users\Desktop\automator_project\venv\Lib\site-packages\requests\sessions.py", line 703, in send
    r = adapter.send(request, **kwargs)
  File "D:\Users\Desktop\automator_project\venv\Lib\site-packages\requests\adapters.py", line 519, in send
    raise ConnectionError(e, request=request)
requests.exceptions.ConnectionError: HTTPSConnectionPool(host='api.telegram.org', port=443): Max retries exceeded with url: /bot8730236171:AAFy_65gvPbjYkMvnxpGyZ5bOirrxUC6rJQ/getUpdates?offset=95087094&timeout=20 (Caused by NameResolutionError("HTTPSConnection(host='api.telegram.org', port=443): Failed to resolve 'api.telegram.org' ([Errno 11001] getaddrinfo failed)"))

2026-03-31 02:26:26,247 - TeleBot - ERROR - Infinity polling exception: HTTPSConnectionPool(host='api.telegram.org', port=443): Max retries exceeded with url: /bot8730236171:AAFy_65gvPbjYkMvnxpGyZ5bOirrxUC6rJQ/getUpdates?offset=95087094&timeout=20 (Caused by NameResolutionError("HTTPSConnection(host='api.telegram.org', port=443): Failed to resolve 'api.telegram.org' ([Errno 11001] getaddrinfo failed)"))
2026-03-31 02:26:26,254 - TeleBot - ERROR - Exception traceback:
Traceback (most recent call last):
  File "D:\Users\Desktop\automator_project\venv\Lib\site-packages\urllib3\connection.py", line 204, in _new_conn
    sock = connection.create_connection(
        (self._dns_host, self.port),
    ...<2 lines>...
        socket_options=self.socket_options,
    )
  File "D:\Users\Desktop\automator_project\venv\Lib\site-packages\urllib3\util\connection.py", line 60, in create_connection
    for res in socket.getaddrinfo(host, port, family, socket.SOCK_STREAM):
               ~~~~~~~~~~~~~~~~~~^^^^^^^^^^^^^^^^^^^^^^^^^^^^^^^^^^^^^^^^
  File "C:\Users\Simonoviya\AppData\Local\Programs\Python\Python314\Lib\socket.py", line 983, in getaddrinfo
    for res in _socket.getaddrinfo(host, port, family, type, proto, flags):
               ~~~~~~~~~~~~~~~~~~~^^^^^^^^^^^^^^^^^^^^^^^^^^^^^^^^^^^^^^^^
socket.gaierror: [Errno 11001] getaddrinfo failed

The above exception was the direct cause of the following exception:

Traceback (most recent call last):
  File "D:\Users\Desktop\automator_project\venv\Lib\site-packages\urllib3\connectionpool.py", line 787, in urlopen
    response = self._make_request(
        conn,
    ...<10 lines>...
        **response_kw,
    )
  File "D:\Users\Desktop\automator_project\venv\Lib\site-packages\urllib3\connectionpool.py", line 488, in _make_request
    raise new_e
  File "D:\Users\Desktop\automator_project\venv\Lib\site-packages\urllib3\connectionpool.py", line 464, in _make_request
    self._validate_conn(conn)
    ~~~~~~~~~~~~~~~~~~~^^^^^^
  File "D:\Users\Desktop\automator_project\venv\Lib\site-packages\urllib3\connectionpool.py", line 1093, in _validate_conn
    conn.connect()
    ~~~~~~~~~~~~^^
  File "D:\Users\Desktop\automator_project\venv\Lib\site-packages\urllib3\connection.py", line 759, in connect
    self.sock = sock = self._new_conn()
                       ~~~~~~~~~~~~~~^^
  File "D:\Users\Desktop\automator_project\venv\Lib\site-packages\urllib3\connection.py", line 211, in _new_conn
    raise NameResolutionError(self.host, self, e) from e
urllib3.exceptions.NameResolutionError: HTTPSConnection(host='api.telegram.org', port=443): Failed to resolve 'api.telegram.org' ([Errno 11001] getaddrinfo failed)

The above exception was the direct cause of the following exception:

Traceback (most recent call last):
  File "D:\Users\Desktop\automator_project\venv\Lib\site-packages\requests\adapters.py", line 486, in send
    resp = conn.urlopen(
        method=request.method,
    ...<9 lines>...
        chunked=chunked,
    )
  File "D:\Users\Desktop\automator_project\venv\Lib\site-packages\urllib3\connectionpool.py", line 841, in urlopen
    retries = retries.increment(
        method, url, error=new_e, _pool=self, _stacktrace=sys.exc_info()[2]
    )
  File "D:\Users\Desktop\automator_project\venv\Lib\site-packages\urllib3\util\retry.py", line 535, in increment
    raise MaxRetryError(_pool, url, reason) from reason  # type: ignore[arg-type]
    ^^^^^^^^^^^^^^^^^^^^^^^^^^^^^^^^^^^^^^^^^^^^^^^^^^^
urllib3.exceptions.MaxRetryError: HTTPSConnectionPool(host='api.telegram.org', port=443): Max retries exceeded with url: /bot8730236171:AAFy_65gvPbjYkMvnxpGyZ5bOirrxUC6rJQ/getUpdates?offset=95087094&timeout=20 (Caused by NameResolutionError("HTTPSConnection(host='api.telegram.org', port=443): Failed to resolve 'api.telegram.org' ([Errno 11001] getaddrinfo failed)"))

During handling of the above exception, another exception occurred:

Traceback (most recent call last):
  File "D:\Users\Desktop\automator_project\venv\Lib\site-packages\telebot\__init__.py", line 1016, in infinity_polling
    self.polling(non_stop=True, timeout=timeout, long_polling_timeout=long_polling_timeout,
    ~~~~~~~~~~~~^^^^^^^^^^^^^^^^^^^^^^^^^^^^^^^^^^^^^^^^^^^^^^^^^^^^^^^^^^^^^^^^^^^^^^^^^^^
                 logger_level=logger_level, allowed_updates=allowed_updates, restart_on_change=False,
                 ^^^^^^^^^^^^^^^^^^^^^^^^^^^^^^^^^^^^^^^^^^^^^^^^^^^^^^^^^^^^^^^^^^^^^^^^^^^^^^^^^^^^
                 *args, **kwargs)
                 ^^^^^^^^^^^^^^^^
  File "D:\Users\Desktop\automator_project\venv\Lib\site-packages\telebot\__init__.py", line 1104, in polling
    self.__threaded_polling(non_stop=non_stop, interval=interval, timeout=timeout, long_polling_timeout=long_polling_timeout,
    ~~~~~~~~~~~~~~~~~~~~~~~^^^^^^^^^^^^^^^^^^^^^^^^^^^^^^^^^^^^^^^^^^^^^^^^^^^^^^^^^^^^^^^^^^^^^^^^^^^^^^^^^^^^^^^^^^^^^^^^^^
                            logger_level=logger_level, allowed_updates=allowed_updates)
                            ^^^^^^^^^^^^^^^^^^^^^^^^^^^^^^^^^^^^^^^^^^^^^^^^^^^^^^^^^^^
  File "D:\Users\Desktop\automator_project\venv\Lib\site-packages\telebot\__init__.py", line 1179, in __threaded_polling
    raise e
  File "D:\Users\Desktop\automator_project\venv\Lib\site-packages\telebot\__init__.py", line 1140, in __threaded_polling
    polling_thread.raise_exceptions()
    ~~~~~~~~~~~~~~~~~~~~~~~~~~~~~~~^^
  File "D:\Users\Desktop\automator_project\venv\Lib\site-packages\telebot\util.py", line 110, in raise_exceptions
    raise self.exception_info
  File "D:\Users\Desktop\automator_project\venv\Lib\site-packages\telebot\util.py", line 92, in run
    task(*args, **kwargs)
    ~~~~^^^^^^^^^^^^^^^^^
  File "D:\Users\Desktop\automator_project\venv\Lib\site-packages\telebot\__init__.py", line 661, in __retrieve_updates
    updates = self.get_updates(offset=(self.last_update_id + 1),
                               allowed_updates=allowed_updates,
                               timeout=timeout, long_polling_timeout=long_polling_timeout)
  File "D:\Users\Desktop\automator_project\venv\Lib\site-packages\telebot\__init__.py", line 633, in get_updates
    json_updates = apihelper.get_updates(
        self.token, offset=offset, limit=limit, timeout=timeout, allowed_updates=allowed_updates,
        long_polling_timeout=long_polling_timeout)
  File "D:\Users\Desktop\automator_project\venv\Lib\site-packages\telebot\apihelper.py", line 321, in get_updates
    return _make_request(token, method_url, params=payload)
  File "D:\Users\Desktop\automator_project\venv\Lib\site-packages\telebot\apihelper.py", line 158, in _make_request
    result = _get_req_session().request(
        method, request_url, params=params, files=files,
        timeout=(connect_timeout, read_timeout), proxies=proxy)
  File "D:\Users\Desktop\automator_project\venv\Lib\site-packages\requests\sessions.py", line 589, in request
    resp = self.send(prep, **send_kwargs)
  File "D:\Users\Desktop\automator_project\venv\Lib\site-packages\requests\sessions.py", line 703, in send
    r = adapter.send(request, **kwargs)
  File "D:\Users\Desktop\automator_project\venv\Lib\site-packages\requests\adapters.py", line 519, in send
    raise ConnectionError(e, request=request)
requests.exceptions.ConnectionError: HTTPSConnectionPool(host='api.telegram.org', port=443): Max retries exceeded with url: /bot8730236171:AAFy_65gvPbjYkMvnxpGyZ5bOirrxUC6rJQ/getUpdates?offset=95087094&timeout=20 (Caused by NameResolutionError("HTTPSConnection(host='api.telegram.org', port=443): Failed to resolve 'api.telegram.org' ([Errno 11001] getaddrinfo failed)"))

2026-03-31 02:26:40,747 - TeleBot - ERROR - Infinity polling exception: HTTPSConnectionPool(host='api.telegram.org', port=443): Max retries exceeded with url: /bot8730236171:AAFy_65gvPbjYkMvnxpGyZ5bOirrxUC6rJQ/getUpdates?offset=95087094&timeout=20 (Caused by NameResolutionError("HTTPSConnection(host='api.telegram.org', port=443): Failed to resolve 'api.telegram.org' ([Errno 11001] getaddrinfo failed)"))
2026-03-31 02:26:40,756 - TeleBot - ERROR - Exception traceback:
Traceback (most recent call last):
  File "D:\Users\Desktop\automator_project\venv\Lib\site-packages\urllib3\connection.py", line 204, in _new_conn
    sock = connection.create_connection(
        (self._dns_host, self.port),
    ...<2 lines>...
        socket_options=self.socket_options,
    )
  File "D:\Users\Desktop\automator_project\venv\Lib\site-packages\urllib3\util\connection.py", line 60, in create_connection
    for res in socket.getaddrinfo(host, port, family, socket.SOCK_STREAM):
               ~~~~~~~~~~~~~~~~~~^^^^^^^^^^^^^^^^^^^^^^^^^^^^^^^^^^^^^^^^
  File "C:\Users\Simonoviya\AppData\Local\Programs\Python\Python314\Lib\socket.py", line 983, in getaddrinfo
    for res in _socket.getaddrinfo(host, port, family, type, proto, flags):
               ~~~~~~~~~~~~~~~~~~~^^^^^^^^^^^^^^^^^^^^^^^^^^^^^^^^^^^^^^^^
socket.gaierror: [Errno 11001] getaddrinfo failed

The above exception was the direct cause of the following exception:

Traceback (most recent call last):
  File "D:\Users\Desktop\automator_project\venv\Lib\site-packages\urllib3\connectionpool.py", line 787, in urlopen
    response = self._make_request(
        conn,
    ...<10 lines>...
        **response_kw,
    )
  File "D:\Users\Desktop\automator_project\venv\Lib\site-packages\urllib3\connectionpool.py", line 488, in _make_request
    raise new_e
  File "D:\Users\Desktop\automator_project\venv\Lib\site-packages\urllib3\connectionpool.py", line 464, in _make_request
    self._validate_conn(conn)
    ~~~~~~~~~~~~~~~~~~~^^^^^^
  File "D:\Users\Desktop\automator_project\venv\Lib\site-packages\urllib3\connectionpool.py", line 1093, in _validate_conn
    conn.connect()
    ~~~~~~~~~~~~^^
  File "D:\Users\Desktop\automator_project\venv\Lib\site-packages\urllib3\connection.py", line 759, in connect
    self.sock = sock = self._new_conn()
                       ~~~~~~~~~~~~~~^^
  File "D:\Users\Desktop\automator_project\venv\Lib\site-packages\urllib3\connection.py", line 211, in _new_conn
    raise NameResolutionError(self.host, self, e) from e
urllib3.exceptions.NameResolutionError: HTTPSConnection(host='api.telegram.org', port=443): Failed to resolve 'api.telegram.org' ([Errno 11001] getaddrinfo failed)

The above exception was the direct cause of the following exception:

Traceback (most recent call last):
  File "D:\Users\Desktop\automator_project\venv\Lib\site-packages\requests\adapters.py", line 486, in send
    resp = conn.urlopen(
        method=request.method,
    ...<9 lines>...
        chunked=chunked,
    )
  File "D:\Users\Desktop\automator_project\venv\Lib\site-packages\urllib3\connectionpool.py", line 841, in urlopen
    retries = retries.increment(
        method, url, error=new_e, _pool=self, _stacktrace=sys.exc_info()[2]
    )
  File "D:\Users\Desktop\automator_project\venv\Lib\site-packages\urllib3\util\retry.py", line 535, in increment
    raise MaxRetryError(_pool, url, reason) from reason  # type: ignore[arg-type]
    ^^^^^^^^^^^^^^^^^^^^^^^^^^^^^^^^^^^^^^^^^^^^^^^^^^^
urllib3.exceptions.MaxRetryError: HTTPSConnectionPool(host='api.telegram.org', port=443): Max retries exceeded with url: /bot8730236171:AAFy_65gvPbjYkMvnxpGyZ5bOirrxUC6rJQ/getUpdates?offset=95087094&timeout=20 (Caused by NameResolutionError("HTTPSConnection(host='api.telegram.org', port=443): Failed to resolve 'api.telegram.org' ([Errno 11001] getaddrinfo failed)"))

During handling of the above exception, another exception occurred:

Traceback (most recent call last):
  File "D:\Users\Desktop\automator_project\venv\Lib\site-packages\telebot\__init__.py", line 1016, in infinity_polling
    self.polling(non_stop=True, timeout=timeout, long_polling_timeout=long_polling_timeout,
    ~~~~~~~~~~~~^^^^^^^^^^^^^^^^^^^^^^^^^^^^^^^^^^^^^^^^^^^^^^^^^^^^^^^^^^^^^^^^^^^^^^^^^^^
                 logger_level=logger_level, allowed_updates=allowed_updates, restart_on_change=False,
                 ^^^^^^^^^^^^^^^^^^^^^^^^^^^^^^^^^^^^^^^^^^^^^^^^^^^^^^^^^^^^^^^^^^^^^^^^^^^^^^^^^^^^
                 *args, **kwargs)
                 ^^^^^^^^^^^^^^^^
  File "D:\Users\Desktop\automator_project\venv\Lib\site-packages\telebot\__init__.py", line 1104, in polling
    self.__threaded_polling(non_stop=non_stop, interval=interval, timeout=timeout, long_polling_timeout=long_polling_timeout,
    ~~~~~~~~~~~~~~~~~~~~~~~^^^^^^^^^^^^^^^^^^^^^^^^^^^^^^^^^^^^^^^^^^^^^^^^^^^^^^^^^^^^^^^^^^^^^^^^^^^^^^^^^^^^^^^^^^^^^^^^^^
                            logger_level=logger_level, allowed_updates=allowed_updates)
                            ^^^^^^^^^^^^^^^^^^^^^^^^^^^^^^^^^^^^^^^^^^^^^^^^^^^^^^^^^^^
  File "D:\Users\Desktop\automator_project\venv\Lib\site-packages\telebot\__init__.py", line 1179, in __threaded_polling
    raise e
  File "D:\Users\Desktop\automator_project\venv\Lib\site-packages\telebot\__init__.py", line 1140, in __threaded_polling
    polling_thread.raise_exceptions()
    ~~~~~~~~~~~~~~~~~~~~~~~~~~~~~~~^^
  File "D:\Users\Desktop\automator_project\venv\Lib\site-packages\telebot\util.py", line 110, in raise_exceptions
    raise self.exception_info
  File "D:\Users\Desktop\automator_project\venv\Lib\site-packages\telebot\util.py", line 92, in run
    task(*args, **kwargs)
    ~~~~^^^^^^^^^^^^^^^^^
  File "D:\Users\Desktop\automator_project\venv\Lib\site-packages\telebot\__init__.py", line 661, in __retrieve_updates
    updates = self.get_updates(offset=(self.last_update_id + 1),
                               allowed_updates=allowed_updates,
                               timeout=timeout, long_polling_timeout=long_polling_timeout)
  File "D:\Users\Desktop\automator_project\venv\Lib\site-packages\telebot\__init__.py", line 633, in get_updates
    json_updates = apihelper.get_updates(
        self.token, offset=offset, limit=limit, timeout=timeout, allowed_updates=allowed_updates,
        long_polling_timeout=long_polling_timeout)
  File "D:\Users\Desktop\automator_project\venv\Lib\site-packages\telebot\apihelper.py", line 321, in get_updates
    return _make_request(token, method_url, params=payload)
  File "D:\Users\Desktop\automator_project\venv\Lib\site-packages\telebot\apihelper.py", line 158, in _make_request
    result = _get_req_session().request(
        method, request_url, params=params, files=files,
        timeout=(connect_timeout, read_timeout), proxies=proxy)
  File "D:\Users\Desktop\automator_project\venv\Lib\site-packages\requests\sessions.py", line 589, in request
    resp = self.send(prep, **send_kwargs)
  File "D:\Users\Desktop\automator_project\venv\Lib\site-packages\requests\sessions.py", line 703, in send
    r = adapter.send(request, **kwargs)
  File "D:\Users\Desktop\automator_project\venv\Lib\site-packages\requests\adapters.py", line 519, in send
    raise ConnectionError(e, request=request)
requests.exceptions.ConnectionError: HTTPSConnectionPool(host='api.telegram.org', port=443): Max retries exceeded with url: /bot8730236171:AAFy_65gvPbjYkMvnxpGyZ5bOirrxUC6rJQ/getUpdates?offset=95087094&timeout=20 (Caused by NameResolutionError("HTTPSConnection(host='api.telegram.org', port=443): Failed to resolve 'api.telegram.org' ([Errno 11001] getaddrinfo failed)"))

2026-03-31 02:26:55,254 - TeleBot - ERROR - Infinity polling exception: HTTPSConnectionPool(host='api.telegram.org', port=443): Max retries exceeded with url: /bot8730236171:AAFy_65gvPbjYkMvnxpGyZ5bOirrxUC6rJQ/getUpdates?offset=95087094&timeout=20 (Caused by NameResolutionError("HTTPSConnection(host='api.telegram.org', port=443): Failed to resolve 'api.telegram.org' ([Errno 11001] getaddrinfo failed)"))
2026-03-31 02:26:55,262 - TeleBot - ERROR - Exception traceback:
Traceback (most recent call last):
  File "D:\Users\Desktop\automator_project\venv\Lib\site-packages\urllib3\connection.py", line 204, in _new_conn
    sock = connection.create_connection(
        (self._dns_host, self.port),
    ...<2 lines>...
        socket_options=self.socket_options,
    )
  File "D:\Users\Desktop\automator_project\venv\Lib\site-packages\urllib3\util\connection.py", line 60, in create_connection
    for res in socket.getaddrinfo(host, port, family, socket.SOCK_STREAM):
               ~~~~~~~~~~~~~~~~~~^^^^^^^^^^^^^^^^^^^^^^^^^^^^^^^^^^^^^^^^
  File "C:\Users\Simonoviya\AppData\Local\Programs\Python\Python314\Lib\socket.py", line 983, in getaddrinfo
    for res in _socket.getaddrinfo(host, port, family, type, proto, flags):
               ~~~~~~~~~~~~~~~~~~~^^^^^^^^^^^^^^^^^^^^^^^^^^^^^^^^^^^^^^^^
socket.gaierror: [Errno 11001] getaddrinfo failed

The above exception was the direct cause of the following exception:

Traceback (most recent call last):
  File "D:\Users\Desktop\automator_project\venv\Lib\site-packages\urllib3\connectionpool.py", line 787, in urlopen
    response = self._make_request(
        conn,
    ...<10 lines>...
        **response_kw,
    )
  File "D:\Users\Desktop\automator_project\venv\Lib\site-packages\urllib3\connectionpool.py", line 488, in _make_request
    raise new_e
  File "D:\Users\Desktop\automator_project\venv\Lib\site-packages\urllib3\connectionpool.py", line 464, in _make_request
    self._validate_conn(conn)
    ~~~~~~~~~~~~~~~~~~~^^^^^^
  File "D:\Users\Desktop\automator_project\venv\Lib\site-packages\urllib3\connectionpool.py", line 1093, in _validate_conn
    conn.connect()
    ~~~~~~~~~~~~^^
  File "D:\Users\Desktop\automator_project\venv\Lib\site-packages\urllib3\connection.py", line 759, in connect
    self.sock = sock = self._new_conn()
                       ~~~~~~~~~~~~~~^^
  File "D:\Users\Desktop\automator_project\venv\Lib\site-packages\urllib3\connection.py", line 211, in _new_conn
    raise NameResolutionError(self.host, self, e) from e
urllib3.exceptions.NameResolutionError: HTTPSConnection(host='api.telegram.org', port=443): Failed to resolve 'api.telegram.org' ([Errno 11001] getaddrinfo failed)

The above exception was the direct cause of the following exception:

Traceback (most recent call last):
  File "D:\Users\Desktop\automator_project\venv\Lib\site-packages\requests\adapters.py", line 486, in send
    resp = conn.urlopen(
        method=request.method,
    ...<9 lines>...
        chunked=chunked,
    )
  File "D:\Users\Desktop\automator_project\venv\Lib\site-packages\urllib3\connectionpool.py", line 841, in urlopen
    retries = retries.increment(
        method, url, error=new_e, _pool=self, _stacktrace=sys.exc_info()[2]
    )
  File "D:\Users\Desktop\automator_project\venv\Lib\site-packages\urllib3\util\retry.py", line 535, in increment
    raise MaxRetryError(_pool, url, reason) from reason  # type: ignore[arg-type]
    ^^^^^^^^^^^^^^^^^^^^^^^^^^^^^^^^^^^^^^^^^^^^^^^^^^^
urllib3.exceptions.MaxRetryError: HTTPSConnectionPool(host='api.telegram.org', port=443): Max retries exceeded with url: /bot8730236171:AAFy_65gvPbjYkMvnxpGyZ5bOirrxUC6rJQ/getUpdates?offset=95087094&timeout=20 (Caused by NameResolutionError("HTTPSConnection(host='api.telegram.org', port=443): Failed to resolve 'api.telegram.org' ([Errno 11001] getaddrinfo failed)"))

During handling of the above exception, another exception occurred:

Traceback (most recent call last):
  File "D:\Users\Desktop\automator_project\venv\Lib\site-packages\telebot\__init__.py", line 1016, in infinity_polling
    self.polling(non_stop=True, timeout=timeout, long_polling_timeout=long_polling_timeout,
    ~~~~~~~~~~~~^^^^^^^^^^^^^^^^^^^^^^^^^^^^^^^^^^^^^^^^^^^^^^^^^^^^^^^^^^^^^^^^^^^^^^^^^^^
                 logger_level=logger_level, allowed_updates=allowed_updates, restart_on_change=False,
                 ^^^^^^^^^^^^^^^^^^^^^^^^^^^^^^^^^^^^^^^^^^^^^^^^^^^^^^^^^^^^^^^^^^^^^^^^^^^^^^^^^^^^
                 *args, **kwargs)
                 ^^^^^^^^^^^^^^^^
  File "D:\Users\Desktop\automator_project\venv\Lib\site-packages\telebot\__init__.py", line 1104, in polling
    self.__threaded_polling(non_stop=non_stop, interval=interval, timeout=timeout, long_polling_timeout=long_polling_timeout,
    ~~~~~~~~~~~~~~~~~~~~~~~^^^^^^^^^^^^^^^^^^^^^^^^^^^^^^^^^^^^^^^^^^^^^^^^^^^^^^^^^^^^^^^^^^^^^^^^^^^^^^^^^^^^^^^^^^^^^^^^^^
                            logger_level=logger_level, allowed_updates=allowed_updates)
                            ^^^^^^^^^^^^^^^^^^^^^^^^^^^^^^^^^^^^^^^^^^^^^^^^^^^^^^^^^^^
  File "D:\Users\Desktop\automator_project\venv\Lib\site-packages\telebot\__init__.py", line 1179, in __threaded_polling
    raise e
  File "D:\Users\Desktop\automator_project\venv\Lib\site-packages\telebot\__init__.py", line 1140, in __threaded_polling
    polling_thread.raise_exceptions()
    ~~~~~~~~~~~~~~~~~~~~~~~~~~~~~~~^^
  File "D:\Users\Desktop\automator_project\venv\Lib\site-packages\telebot\util.py", line 110, in raise_exceptions
    raise self.exception_info
  File "D:\Users\Desktop\automator_project\venv\Lib\site-packages\telebot\util.py", line 92, in run
    task(*args, **kwargs)
    ~~~~^^^^^^^^^^^^^^^^^
  File "D:\Users\Desktop\automator_project\venv\Lib\site-packages\telebot\__init__.py", line 661, in __retrieve_updates
    updates = self.get_updates(offset=(self.last_update_id + 1),
                               allowed_updates=allowed_updates,
                               timeout=timeout, long_polling_timeout=long_polling_timeout)
  File "D:\Users\Desktop\automator_project\venv\Lib\site-packages\telebot\__init__.py", line 633, in get_updates
    json_updates = apihelper.get_updates(
        self.token, offset=offset, limit=limit, timeout=timeout, allowed_updates=allowed_updates,
        long_polling_timeout=long_polling_timeout)
  File "D:\Users\Desktop\automator_project\venv\Lib\site-packages\telebot\apihelper.py", line 321, in get_updates
    return _make_request(token, method_url, params=payload)
  File "D:\Users\Desktop\automator_project\venv\Lib\site-packages\telebot\apihelper.py", line 158, in _make_request
    result = _get_req_session().request(
        method, request_url, params=params, files=files,
        timeout=(connect_timeout, read_timeout), proxies=proxy)
  File "D:\Users\Desktop\automator_project\venv\Lib\site-packages\requests\sessions.py", line 589, in request
    resp = self.send(prep, **send_kwargs)
  File "D:\Users\Desktop\automator_project\venv\Lib\site-packages\requests\sessions.py", line 703, in send
    r = adapter.send(request, **kwargs)
  File "D:\Users\Desktop\automator_project\venv\Lib\site-packages\requests\adapters.py", line 519, in send
    raise ConnectionError(e, request=request)
requests.exceptions.ConnectionError: HTTPSConnectionPool(host='api.telegram.org', port=443): Max retries exceeded with url: /bot8730236171:AAFy_65gvPbjYkMvnxpGyZ5bOirrxUC6rJQ/getUpdates?offset=95087094&timeout=20 (Caused by NameResolutionError("HTTPSConnection(host='api.telegram.org', port=443): Failed to resolve 'api.telegram.org' ([Errno 11001] getaddrinfo failed)"))

2026-03-31 02:27:09,754 - TeleBot - ERROR - Infinity polling exception: HTTPSConnectionPool(host='api.telegram.org', port=443): Max retries exceeded with url: /bot8730236171:AAFy_65gvPbjYkMvnxpGyZ5bOirrxUC6rJQ/getUpdates?offset=95087094&timeout=20 (Caused by NameResolutionError("HTTPSConnection(host='api.telegram.org', port=443): Failed to resolve 'api.telegram.org' ([Errno 11001] getaddrinfo failed)"))
2026-03-31 02:27:09,762 - TeleBot - ERROR - Exception traceback:
Traceback (most recent call last):
  File "D:\Users\Desktop\automator_project\venv\Lib\site-packages\urllib3\connection.py", line 204, in _new_conn
    sock = connection.create_connection(
        (self._dns_host, self.port),
    ...<2 lines>...
        socket_options=self.socket_options,
    )
  File "D:\Users\Desktop\automator_project\venv\Lib\site-packages\urllib3\util\connection.py", line 60, in create_connection
    for res in socket.getaddrinfo(host, port, family, socket.SOCK_STREAM):
               ~~~~~~~~~~~~~~~~~~^^^^^^^^^^^^^^^^^^^^^^^^^^^^^^^^^^^^^^^^
  File "C:\Users\Simonoviya\AppData\Local\Programs\Python\Python314\Lib\socket.py", line 983, in getaddrinfo
    for res in _socket.getaddrinfo(host, port, family, type, proto, flags):
               ~~~~~~~~~~~~~~~~~~~^^^^^^^^^^^^^^^^^^^^^^^^^^^^^^^^^^^^^^^^
socket.gaierror: [Errno 11001] getaddrinfo failed

The above exception was the direct cause of the following exception:

Traceback (most recent call last):
  File "D:\Users\Desktop\automator_project\venv\Lib\site-packages\urllib3\connectionpool.py", line 787, in urlopen
    response = self._make_request(
        conn,
    ...<10 lines>...
        **response_kw,
    )
  File "D:\Users\Desktop\automator_project\venv\Lib\site-packages\urllib3\connectionpool.py", line 488, in _make_request
    raise new_e
  File "D:\Users\Desktop\automator_project\venv\Lib\site-packages\urllib3\connectionpool.py", line 464, in _make_request
    self._validate_conn(conn)
    ~~~~~~~~~~~~~~~~~~~^^^^^^
  File "D:\Users\Desktop\automator_project\venv\Lib\site-packages\urllib3\connectionpool.py", line 1093, in _validate_conn
    conn.connect()
    ~~~~~~~~~~~~^^
  File "D:\Users\Desktop\automator_project\venv\Lib\site-packages\urllib3\connection.py", line 759, in connect
    self.sock = sock = self._new_conn()
                       ~~~~~~~~~~~~~~^^
  File "D:\Users\Desktop\automator_project\venv\Lib\site-packages\urllib3\connection.py", line 211, in _new_conn
    raise NameResolutionError(self.host, self, e) from e
urllib3.exceptions.NameResolutionError: HTTPSConnection(host='api.telegram.org', port=443): Failed to resolve 'api.telegram.org' ([Errno 11001] getaddrinfo failed)

The above exception was the direct cause of the following exception:

Traceback (most recent call last):
  File "D:\Users\Desktop\automator_project\venv\Lib\site-packages\requests\adapters.py", line 486, in send
    resp = conn.urlopen(
        method=request.method,
    ...<9 lines>...
        chunked=chunked,
    )
  File "D:\Users\Desktop\automator_project\venv\Lib\site-packages\urllib3\connectionpool.py", line 841, in urlopen
    retries = retries.increment(
        method, url, error=new_e, _pool=self, _stacktrace=sys.exc_info()[2]
    )
  File "D:\Users\Desktop\automator_project\venv\Lib\site-packages\urllib3\util\retry.py", line 535, in increment
    raise MaxRetryError(_pool, url, reason) from reason  # type: ignore[arg-type]
    ^^^^^^^^^^^^^^^^^^^^^^^^^^^^^^^^^^^^^^^^^^^^^^^^^^^
urllib3.exceptions.MaxRetryError: HTTPSConnectionPool(host='api.telegram.org', port=443): Max retries exceeded with url: /bot8730236171:AAFy_65gvPbjYkMvnxpGyZ5bOirrxUC6rJQ/getUpdates?offset=95087094&timeout=20 (Caused by NameResolutionError("HTTPSConnection(host='api.telegram.org', port=443): Failed to resolve 'api.telegram.org' ([Errno 11001] getaddrinfo failed)"))

During handling of the above exception, another exception occurred:

Traceback (most recent call last):
  File "D:\Users\Desktop\automator_project\venv\Lib\site-packages\telebot\__init__.py", line 1016, in infinity_polling
    self.polling(non_stop=True, timeout=timeout, long_polling_timeout=long_polling_timeout,
    ~~~~~~~~~~~~^^^^^^^^^^^^^^^^^^^^^^^^^^^^^^^^^^^^^^^^^^^^^^^^^^^^^^^^^^^^^^^^^^^^^^^^^^^
                 logger_level=logger_level, allowed_updates=allowed_updates, restart_on_change=False,
                 ^^^^^^^^^^^^^^^^^^^^^^^^^^^^^^^^^^^^^^^^^^^^^^^^^^^^^^^^^^^^^^^^^^^^^^^^^^^^^^^^^^^^
                 *args, **kwargs)
                 ^^^^^^^^^^^^^^^^
  File "D:\Users\Desktop\automator_project\venv\Lib\site-packages\telebot\__init__.py", line 1104, in polling
    self.__threaded_polling(non_stop=non_stop, interval=interval, timeout=timeout, long_polling_timeout=long_polling_timeout,
    ~~~~~~~~~~~~~~~~~~~~~~~^^^^^^^^^^^^^^^^^^^^^^^^^^^^^^^^^^^^^^^^^^^^^^^^^^^^^^^^^^^^^^^^^^^^^^^^^^^^^^^^^^^^^^^^^^^^^^^^^^
                            logger_level=logger_level, allowed_updates=allowed_updates)
                            ^^^^^^^^^^^^^^^^^^^^^^^^^^^^^^^^^^^^^^^^^^^^^^^^^^^^^^^^^^^
  File "D:\Users\Desktop\automator_project\venv\Lib\site-packages\telebot\__init__.py", line 1179, in __threaded_polling
    raise e
  File "D:\Users\Desktop\automator_project\venv\Lib\site-packages\telebot\__init__.py", line 1140, in __threaded_polling
    polling_thread.raise_exceptions()
    ~~~~~~~~~~~~~~~~~~~~~~~~~~~~~~~^^
  File "D:\Users\Desktop\automator_project\venv\Lib\site-packages\telebot\util.py", line 110, in raise_exceptions
    raise self.exception_info
  File "D:\Users\Desktop\automator_project\venv\Lib\site-packages\telebot\util.py", line 92, in run
    task(*args, **kwargs)
    ~~~~^^^^^^^^^^^^^^^^^
  File "D:\Users\Desktop\automator_project\venv\Lib\site-packages\telebot\__init__.py", line 661, in __retrieve_updates
    updates = self.get_updates(offset=(self.last_update_id + 1),
                               allowed_updates=allowed_updates,
                               timeout=timeout, long_polling_timeout=long_polling_timeout)
  File "D:\Users\Desktop\automator_project\venv\Lib\site-packages\telebot\__init__.py", line 633, in get_updates
    json_updates = apihelper.get_updates(
        self.token, offset=offset, limit=limit, timeout=timeout, allowed_updates=allowed_updates,
        long_polling_timeout=long_polling_timeout)
  File "D:\Users\Desktop\automator_project\venv\Lib\site-packages\telebot\apihelper.py", line 321, in get_updates
    return _make_request(token, method_url, params=payload)
  File "D:\Users\Desktop\automator_project\venv\Lib\site-packages\telebot\apihelper.py", line 158, in _make_request
    result = _get_req_session().request(
        method, request_url, params=params, files=files,
        timeout=(connect_timeout, read_timeout), proxies=proxy)
  File "D:\Users\Desktop\automator_project\venv\Lib\site-packages\requests\sessions.py", line 589, in request
    resp = self.send(prep, **send_kwargs)
  File "D:\Users\Desktop\automator_project\venv\Lib\site-packages\requests\sessions.py", line 703, in send
    r = adapter.send(request, **kwargs)
  File "D:\Users\Desktop\automator_project\venv\Lib\site-packages\requests\adapters.py", line 519, in send
    raise ConnectionError(e, request=request)
requests.exceptions.ConnectionError: HTTPSConnectionPool(host='api.telegram.org', port=443): Max retries exceeded with url: /bot8730236171:AAFy_65gvPbjYkMvnxpGyZ5bOirrxUC6rJQ/getUpdates?offset=95087094&timeout=20 (Caused by NameResolutionError("HTTPSConnection(host='api.telegram.org', port=443): Failed to resolve 'api.telegram.org' ([Errno 11001] getaddrinfo failed)"))

2026-03-31 02:27:24,266 - TeleBot - ERROR - Infinity polling exception: HTTPSConnectionPool(host='api.telegram.org', port=443): Max retries exceeded with url: /bot8730236171:AAFy_65gvPbjYkMvnxpGyZ5bOirrxUC6rJQ/getUpdates?offset=95087094&timeout=20 (Caused by NameResolutionError("HTTPSConnection(host='api.telegram.org', port=443): Failed to resolve 'api.telegram.org' ([Errno 11001] getaddrinfo failed)"))
2026-03-31 02:27:24,274 - TeleBot - ERROR - Exception traceback:
Traceback (most recent call last):
  File "D:\Users\Desktop\automator_project\venv\Lib\site-packages\urllib3\connection.py", line 204, in _new_conn
    sock = connection.create_connection(
        (self._dns_host, self.port),
    ...<2 lines>...
        socket_options=self.socket_options,
    )
  File "D:\Users\Desktop\automator_project\venv\Lib\site-packages\urllib3\util\connection.py", line 60, in create_connection
    for res in socket.getaddrinfo(host, port, family, socket.SOCK_STREAM):
               ~~~~~~~~~~~~~~~~~~^^^^^^^^^^^^^^^^^^^^^^^^^^^^^^^^^^^^^^^^
  File "C:\Users\Simonoviya\AppData\Local\Programs\Python\Python314\Lib\socket.py", line 983, in getaddrinfo
    for res in _socket.getaddrinfo(host, port, family, type, proto, flags):
               ~~~~~~~~~~~~~~~~~~~^^^^^^^^^^^^^^^^^^^^^^^^^^^^^^^^^^^^^^^^
socket.gaierror: [Errno 11001] getaddrinfo failed

The above exception was the direct cause of the following exception:

Traceback (most recent call last):
  File "D:\Users\Desktop\automator_project\venv\Lib\site-packages\urllib3\connectionpool.py", line 787, in urlopen
    response = self._make_request(
        conn,
    ...<10 lines>...
        **response_kw,
    )
  File "D:\Users\Desktop\automator_project\venv\Lib\site-packages\urllib3\connectionpool.py", line 488, in _make_request
    raise new_e
  File "D:\Users\Desktop\automator_project\venv\Lib\site-packages\urllib3\connectionpool.py", line 464, in _make_request
    self._validate_conn(conn)
    ~~~~~~~~~~~~~~~~~~~^^^^^^
  File "D:\Users\Desktop\automator_project\venv\Lib\site-packages\urllib3\connectionpool.py", line 1093, in _validate_conn
    conn.connect()
    ~~~~~~~~~~~~^^
  File "D:\Users\Desktop\automator_project\venv\Lib\site-packages\urllib3\connection.py", line 759, in connect
    self.sock = sock = self._new_conn()
                       ~~~~~~~~~~~~~~^^
  File "D:\Users\Desktop\automator_project\venv\Lib\site-packages\urllib3\connection.py", line 211, in _new_conn
    raise NameResolutionError(self.host, self, e) from e
urllib3.exceptions.NameResolutionError: HTTPSConnection(host='api.telegram.org', port=443): Failed to resolve 'api.telegram.org' ([Errno 11001] getaddrinfo failed)

The above exception was the direct cause of the following exception:

Traceback (most recent call last):
  File "D:\Users\Desktop\automator_project\venv\Lib\site-packages\requests\adapters.py", line 486, in send
    resp = conn.urlopen(
        method=request.method,
    ...<9 lines>...
        chunked=chunked,
    )
  File "D:\Users\Desktop\automator_project\venv\Lib\site-packages\urllib3\connectionpool.py", line 841, in urlopen
    retries = retries.increment(
        method, url, error=new_e, _pool=self, _stacktrace=sys.exc_info()[2]
    )
  File "D:\Users\Desktop\automator_project\venv\Lib\site-packages\urllib3\util\retry.py", line 535, in increment
    raise MaxRetryError(_pool, url, reason) from reason  # type: ignore[arg-type]
    ^^^^^^^^^^^^^^^^^^^^^^^^^^^^^^^^^^^^^^^^^^^^^^^^^^^
urllib3.exceptions.MaxRetryError: HTTPSConnectionPool(host='api.telegram.org', port=443): Max retries exceeded with url: /bot8730236171:AAFy_65gvPbjYkMvnxpGyZ5bOirrxUC6rJQ/getUpdates?offset=95087094&timeout=20 (Caused by NameResolutionError("HTTPSConnection(host='api.telegram.org', port=443): Failed to resolve 'api.telegram.org' ([Errno 11001] getaddrinfo failed)"))

During handling of the above exception, another exception occurred:

Traceback (most recent call last):
  File "D:\Users\Desktop\automator_project\venv\Lib\site-packages\telebot\__init__.py", line 1016, in infinity_polling
    self.polling(non_stop=True, timeout=timeout, long_polling_timeout=long_polling_timeout,
    ~~~~~~~~~~~~^^^^^^^^^^^^^^^^^^^^^^^^^^^^^^^^^^^^^^^^^^^^^^^^^^^^^^^^^^^^^^^^^^^^^^^^^^^
                 logger_level=logger_level, allowed_updates=allowed_updates, restart_on_change=False,
                 ^^^^^^^^^^^^^^^^^^^^^^^^^^^^^^^^^^^^^^^^^^^^^^^^^^^^^^^^^^^^^^^^^^^^^^^^^^^^^^^^^^^^
                 *args, **kwargs)
                 ^^^^^^^^^^^^^^^^
  File "D:\Users\Desktop\automator_project\venv\Lib\site-packages\telebot\__init__.py", line 1104, in polling
    self.__threaded_polling(non_stop=non_stop, interval=interval, timeout=timeout, long_polling_timeout=long_polling_timeout,
    ~~~~~~~~~~~~~~~~~~~~~~~^^^^^^^^^^^^^^^^^^^^^^^^^^^^^^^^^^^^^^^^^^^^^^^^^^^^^^^^^^^^^^^^^^^^^^^^^^^^^^^^^^^^^^^^^^^^^^^^^^
                            logger_level=logger_level, allowed_updates=allowed_updates)
                            ^^^^^^^^^^^^^^^^^^^^^^^^^^^^^^^^^^^^^^^^^^^^^^^^^^^^^^^^^^^
  File "D:\Users\Desktop\automator_project\venv\Lib\site-packages\telebot\__init__.py", line 1179, in __threaded_polling
    raise e
  File "D:\Users\Desktop\automator_project\venv\Lib\site-packages\telebot\__init__.py", line 1140, in __threaded_polling
    polling_thread.raise_exceptions()
    ~~~~~~~~~~~~~~~~~~~~~~~~~~~~~~~^^
  File "D:\Users\Desktop\automator_project\venv\Lib\site-packages\telebot\util.py", line 110, in raise_exceptions
    raise self.exception_info
  File "D:\Users\Desktop\automator_project\venv\Lib\site-packages\telebot\util.py", line 92, in run
    task(*args, **kwargs)
    ~~~~^^^^^^^^^^^^^^^^^
  File "D:\Users\Desktop\automator_project\venv\Lib\site-packages\telebot\__init__.py", line 661, in __retrieve_updates
    updates = self.get_updates(offset=(self.last_update_id + 1),
                               allowed_updates=allowed_updates,
                               timeout=timeout, long_polling_timeout=long_polling_timeout)
  File "D:\Users\Desktop\automator_project\venv\Lib\site-packages\telebot\__init__.py", line 633, in get_updates
    json_updates = apihelper.get_updates(
        self.token, offset=offset, limit=limit, timeout=timeout, allowed_updates=allowed_updates,
        long_polling_timeout=long_polling_timeout)
  File "D:\Users\Desktop\automator_project\venv\Lib\site-packages\telebot\apihelper.py", line 321, in get_updates
    return _make_request(token, method_url, params=payload)
  File "D:\Users\Desktop\automator_project\venv\Lib\site-packages\telebot\apihelper.py", line 158, in _make_request
    result = _get_req_session().request(
        method, request_url, params=params, files=files,
        timeout=(connect_timeout, read_timeout), proxies=proxy)
  File "D:\Users\Desktop\automator_project\venv\Lib\site-packages\requests\sessions.py", line 589, in request
    resp = self.send(prep, **send_kwargs)
  File "D:\Users\Desktop\automator_project\venv\Lib\site-packages\requests\sessions.py", line 703, in send
    r = adapter.send(request, **kwargs)
  File "D:\Users\Desktop\automator_project\venv\Lib\site-packages\requests\adapters.py", line 519, in send
    raise ConnectionError(e, request=request)
requests.exceptions.ConnectionError: HTTPSConnectionPool(host='api.telegram.org', port=443): Max retries exceeded with url: /bot8730236171:AAFy_65gvPbjYkMvnxpGyZ5bOirrxUC6rJQ/getUpdates?offset=95087094&timeout=20 (Caused by NameResolutionError("HTTPSConnection(host='api.telegram.org', port=443): Failed to resolve 'api.telegram.org' ([Errno 11001] getaddrinfo failed)"))

2026-03-31 02:27:38,765 - TeleBot - ERROR - Infinity polling exception: HTTPSConnectionPool(host='api.telegram.org', port=443): Max retries exceeded with url: /bot8730236171:AAFy_65gvPbjYkMvnxpGyZ5bOirrxUC6rJQ/getUpdates?offset=95087094&timeout=20 (Caused by NameResolutionError("HTTPSConnection(host='api.telegram.org', port=443): Failed to resolve 'api.telegram.org' ([Errno 11001] getaddrinfo failed)"))
2026-03-31 02:27:38,773 - TeleBot - ERROR - Exception traceback:
Traceback (most recent call last):
  File "D:\Users\Desktop\automator_project\venv\Lib\site-packages\urllib3\connection.py", line 204, in _new_conn
    sock = connection.create_connection(
        (self._dns_host, self.port),
    ...<2 lines>...
        socket_options=self.socket_options,
    )
  File "D:\Users\Desktop\automator_project\venv\Lib\site-packages\urllib3\util\connection.py", line 60, in create_connection
    for res in socket.getaddrinfo(host, port, family, socket.SOCK_STREAM):
               ~~~~~~~~~~~~~~~~~~^^^^^^^^^^^^^^^^^^^^^^^^^^^^^^^^^^^^^^^^
  File "C:\Users\Simonoviya\AppData\Local\Programs\Python\Python314\Lib\socket.py", line 983, in getaddrinfo
    for res in _socket.getaddrinfo(host, port, family, type, proto, flags):
               ~~~~~~~~~~~~~~~~~~~^^^^^^^^^^^^^^^^^^^^^^^^^^^^^^^^^^^^^^^^
socket.gaierror: [Errno 11001] getaddrinfo failed

The above exception was the direct cause of the following exception:

Traceback (most recent call last):
  File "D:\Users\Desktop\automator_project\venv\Lib\site-packages\urllib3\connectionpool.py", line 787, in urlopen
    response = self._make_request(
        conn,
    ...<10 lines>...
        **response_kw,
    )
  File "D:\Users\Desktop\automator_project\venv\Lib\site-packages\urllib3\connectionpool.py", line 488, in _make_request
    raise new_e
  File "D:\Users\Desktop\automator_project\venv\Lib\site-packages\urllib3\connectionpool.py", line 464, in _make_request
    self._validate_conn(conn)
    ~~~~~~~~~~~~~~~~~~~^^^^^^
  File "D:\Users\Desktop\automator_project\venv\Lib\site-packages\urllib3\connectionpool.py", line 1093, in _validate_conn
    conn.connect()
    ~~~~~~~~~~~~^^
  File "D:\Users\Desktop\automator_project\venv\Lib\site-packages\urllib3\connection.py", line 759, in connect
    self.sock = sock = self._new_conn()
                       ~~~~~~~~~~~~~~^^
  File "D:\Users\Desktop\automator_project\venv\Lib\site-packages\urllib3\connection.py", line 211, in _new_conn
    raise NameResolutionError(self.host, self, e) from e
urllib3.exceptions.NameResolutionError: HTTPSConnection(host='api.telegram.org', port=443): Failed to resolve 'api.telegram.org' ([Errno 11001] getaddrinfo failed)

The above exception was the direct cause of the following exception:

Traceback (most recent call last):
  File "D:\Users\Desktop\automator_project\venv\Lib\site-packages\requests\adapters.py", line 486, in send
    resp = conn.urlopen(
        method=request.method,
    ...<9 lines>...
        chunked=chunked,
    )
  File "D:\Users\Desktop\automator_project\venv\Lib\site-packages\urllib3\connectionpool.py", line 841, in urlopen
    retries = retries.increment(
        method, url, error=new_e, _pool=self, _stacktrace=sys.exc_info()[2]
    )
  File "D:\Users\Desktop\automator_project\venv\Lib\site-packages\urllib3\util\retry.py", line 535, in increment
    raise MaxRetryError(_pool, url, reason) from reason  # type: ignore[arg-type]
    ^^^^^^^^^^^^^^^^^^^^^^^^^^^^^^^^^^^^^^^^^^^^^^^^^^^
urllib3.exceptions.MaxRetryError: HTTPSConnectionPool(host='api.telegram.org', port=443): Max retries exceeded with url: /bot8730236171:AAFy_65gvPbjYkMvnxpGyZ5bOirrxUC6rJQ/getUpdates?offset=95087094&timeout=20 (Caused by NameResolutionError("HTTPSConnection(host='api.telegram.org', port=443): Failed to resolve 'api.telegram.org' ([Errno 11001] getaddrinfo failed)"))

During handling of the above exception, another exception occurred:

Traceback (most recent call last):
  File "D:\Users\Desktop\automator_project\venv\Lib\site-packages\telebot\__init__.py", line 1016, in infinity_polling
    self.polling(non_stop=True, timeout=timeout, long_polling_timeout=long_polling_timeout,
    ~~~~~~~~~~~~^^^^^^^^^^^^^^^^^^^^^^^^^^^^^^^^^^^^^^^^^^^^^^^^^^^^^^^^^^^^^^^^^^^^^^^^^^^
                 logger_level=logger_level, allowed_updates=allowed_updates, restart_on_change=False,
                 ^^^^^^^^^^^^^^^^^^^^^^^^^^^^^^^^^^^^^^^^^^^^^^^^^^^^^^^^^^^^^^^^^^^^^^^^^^^^^^^^^^^^
                 *args, **kwargs)
                 ^^^^^^^^^^^^^^^^
  File "D:\Users\Desktop\automator_project\venv\Lib\site-packages\telebot\__init__.py", line 1104, in polling
    self.__threaded_polling(non_stop=non_stop, interval=interval, timeout=timeout, long_polling_timeout=long_polling_timeout,
    ~~~~~~~~~~~~~~~~~~~~~~~^^^^^^^^^^^^^^^^^^^^^^^^^^^^^^^^^^^^^^^^^^^^^^^^^^^^^^^^^^^^^^^^^^^^^^^^^^^^^^^^^^^^^^^^^^^^^^^^^^
                            logger_level=logger_level, allowed_updates=allowed_updates)
                            ^^^^^^^^^^^^^^^^^^^^^^^^^^^^^^^^^^^^^^^^^^^^^^^^^^^^^^^^^^^
  File "D:\Users\Desktop\automator_project\venv\Lib\site-packages\telebot\__init__.py", line 1179, in __threaded_polling
    raise e
  File "D:\Users\Desktop\automator_project\venv\Lib\site-packages\telebot\__init__.py", line 1140, in __threaded_polling
    polling_thread.raise_exceptions()
    ~~~~~~~~~~~~~~~~~~~~~~~~~~~~~~~^^
  File "D:\Users\Desktop\automator_project\venv\Lib\site-packages\telebot\util.py", line 110, in raise_exceptions
    raise self.exception_info
  File "D:\Users\Desktop\automator_project\venv\Lib\site-packages\telebot\util.py", line 92, in run
    task(*args, **kwargs)
    ~~~~^^^^^^^^^^^^^^^^^
  File "D:\Users\Desktop\automator_project\venv\Lib\site-packages\telebot\__init__.py", line 661, in __retrieve_updates
    updates = self.get_updates(offset=(self.last_update_id + 1),
                               allowed_updates=allowed_updates,
                               timeout=timeout, long_polling_timeout=long_polling_timeout)
  File "D:\Users\Desktop\automator_project\venv\Lib\site-packages\telebot\__init__.py", line 633, in get_updates
    json_updates = apihelper.get_updates(
        self.token, offset=offset, limit=limit, timeout=timeout, allowed_updates=allowed_updates,
        long_polling_timeout=long_polling_timeout)
  File "D:\Users\Desktop\automator_project\venv\Lib\site-packages\telebot\apihelper.py", line 321, in get_updates
    return _make_request(token, method_url, params=payload)
  File "D:\Users\Desktop\automator_project\venv\Lib\site-packages\telebot\apihelper.py", line 158, in _make_request
    result = _get_req_session().request(
        method, request_url, params=params, files=files,
        timeout=(connect_timeout, read_timeout), proxies=proxy)
  File "D:\Users\Desktop\automator_project\venv\Lib\site-packages\requests\sessions.py", line 589, in request
    resp = self.send(prep, **send_kwargs)
  File "D:\Users\Desktop\automator_project\venv\Lib\site-packages\requests\sessions.py", line 703, in send
    r = adapter.send(request, **kwargs)
  File "D:\Users\Desktop\automator_project\venv\Lib\site-packages\requests\adapters.py", line 519, in send
    raise ConnectionError(e, request=request)
requests.exceptions.ConnectionError: HTTPSConnectionPool(host='api.telegram.org', port=443): Max retries exceeded with url: /bot8730236171:AAFy_65gvPbjYkMvnxpGyZ5bOirrxUC6rJQ/getUpdates?offset=95087094&timeout=20 (Caused by NameResolutionError("HTTPSConnection(host='api.telegram.org', port=443): Failed to resolve 'api.telegram.org' ([Errno 11001] getaddrinfo failed)"))

2026-03-31 02:27:53,250 - TeleBot - ERROR - Infinity polling exception: HTTPSConnectionPool(host='api.telegram.org', port=443): Max retries exceeded with url: /bot8730236171:AAFy_65gvPbjYkMvnxpGyZ5bOirrxUC6rJQ/getUpdates?offset=95087094&timeout=20 (Caused by NameResolutionError("HTTPSConnection(host='api.telegram.org', port=443): Failed to resolve 'api.telegram.org' ([Errno 11001] getaddrinfo failed)"))
2026-03-31 02:27:53,257 - TeleBot - ERROR - Exception traceback:
Traceback (most recent call last):
  File "D:\Users\Desktop\automator_project\venv\Lib\site-packages\urllib3\connection.py", line 204, in _new_conn
    sock = connection.create_connection(
        (self._dns_host, self.port),
    ...<2 lines>...
        socket_options=self.socket_options,
    )
  File "D:\Users\Desktop\automator_project\venv\Lib\site-packages\urllib3\util\connection.py", line 60, in create_connection
    for res in socket.getaddrinfo(host, port, family, socket.SOCK_STREAM):
               ~~~~~~~~~~~~~~~~~~^^^^^^^^^^^^^^^^^^^^^^^^^^^^^^^^^^^^^^^^
  File "C:\Users\Simonoviya\AppData\Local\Programs\Python\Python314\Lib\socket.py", line 983, in getaddrinfo
    for res in _socket.getaddrinfo(host, port, family, type, proto, flags):
               ~~~~~~~~~~~~~~~~~~~^^^^^^^^^^^^^^^^^^^^^^^^^^^^^^^^^^^^^^^^
socket.gaierror: [Errno 11001] getaddrinfo failed

The above exception was the direct cause of the following exception:

Traceback (most recent call last):
  File "D:\Users\Desktop\automator_project\venv\Lib\site-packages\urllib3\connectionpool.py", line 787, in urlopen
    response = self._make_request(
        conn,
    ...<10 lines>...
        **response_kw,
    )
  File "D:\Users\Desktop\automator_project\venv\Lib\site-packages\urllib3\connectionpool.py", line 488, in _make_request
    raise new_e
  File "D:\Users\Desktop\automator_project\venv\Lib\site-packages\urllib3\connectionpool.py", line 464, in _make_request
    self._validate_conn(conn)
    ~~~~~~~~~~~~~~~~~~~^^^^^^
  File "D:\Users\Desktop\automator_project\venv\Lib\site-packages\urllib3\connectionpool.py", line 1093, in _validate_conn
    conn.connect()
    ~~~~~~~~~~~~^^
  File "D:\Users\Desktop\automator_project\venv\Lib\site-packages\urllib3\connection.py", line 759, in connect
    self.sock = sock = self._new_conn()
                       ~~~~~~~~~~~~~~^^
  File "D:\Users\Desktop\automator_project\venv\Lib\site-packages\urllib3\connection.py", line 211, in _new_conn
    raise NameResolutionError(self.host, self, e) from e
urllib3.exceptions.NameResolutionError: HTTPSConnection(host='api.telegram.org', port=443): Failed to resolve 'api.telegram.org' ([Errno 11001] getaddrinfo failed)

The above exception was the direct cause of the following exception:

Traceback (most recent call last):
  File "D:\Users\Desktop\automator_project\venv\Lib\site-packages\requests\adapters.py", line 486, in send
    resp = conn.urlopen(
        method=request.method,
    ...<9 lines>...
        chunked=chunked,
    )
  File "D:\Users\Desktop\automator_project\venv\Lib\site-packages\urllib3\connectionpool.py", line 841, in urlopen
    retries = retries.increment(
        method, url, error=new_e, _pool=self, _stacktrace=sys.exc_info()[2]
    )
  File "D:\Users\Desktop\automator_project\venv\Lib\site-packages\urllib3\util\retry.py", line 535, in increment
    raise MaxRetryError(_pool, url, reason) from reason  # type: ignore[arg-type]
    ^^^^^^^^^^^^^^^^^^^^^^^^^^^^^^^^^^^^^^^^^^^^^^^^^^^
urllib3.exceptions.MaxRetryError: HTTPSConnectionPool(host='api.telegram.org', port=443): Max retries exceeded with url: /bot8730236171:AAFy_65gvPbjYkMvnxpGyZ5bOirrxUC6rJQ/getUpdates?offset=95087094&timeout=20 (Caused by NameResolutionError("HTTPSConnection(host='api.telegram.org', port=443): Failed to resolve 'api.telegram.org' ([Errno 11001] getaddrinfo failed)"))

During handling of the above exception, another exception occurred:

Traceback (most recent call last):
  File "D:\Users\Desktop\automator_project\venv\Lib\site-packages\telebot\__init__.py", line 1016, in infinity_polling
    self.polling(non_stop=True, timeout=timeout, long_polling_timeout=long_polling_timeout,
    ~~~~~~~~~~~~^^^^^^^^^^^^^^^^^^^^^^^^^^^^^^^^^^^^^^^^^^^^^^^^^^^^^^^^^^^^^^^^^^^^^^^^^^^
                 logger_level=logger_level, allowed_updates=allowed_updates, restart_on_change=False,
                 ^^^^^^^^^^^^^^^^^^^^^^^^^^^^^^^^^^^^^^^^^^^^^^^^^^^^^^^^^^^^^^^^^^^^^^^^^^^^^^^^^^^^
                 *args, **kwargs)
                 ^^^^^^^^^^^^^^^^
  File "D:\Users\Desktop\automator_project\venv\Lib\site-packages\telebot\__init__.py", line 1104, in polling
    self.__threaded_polling(non_stop=non_stop, interval=interval, timeout=timeout, long_polling_timeout=long_polling_timeout,
    ~~~~~~~~~~~~~~~~~~~~~~~^^^^^^^^^^^^^^^^^^^^^^^^^^^^^^^^^^^^^^^^^^^^^^^^^^^^^^^^^^^^^^^^^^^^^^^^^^^^^^^^^^^^^^^^^^^^^^^^^^
                            logger_level=logger_level, allowed_updates=allowed_updates)
                            ^^^^^^^^^^^^^^^^^^^^^^^^^^^^^^^^^^^^^^^^^^^^^^^^^^^^^^^^^^^
  File "D:\Users\Desktop\automator_project\venv\Lib\site-packages\telebot\__init__.py", line 1179, in __threaded_polling
    raise e
  File "D:\Users\Desktop\automator_project\venv\Lib\site-packages\telebot\__init__.py", line 1140, in __threaded_polling
    polling_thread.raise_exceptions()
    ~~~~~~~~~~~~~~~~~~~~~~~~~~~~~~~^^
  File "D:\Users\Desktop\automator_project\venv\Lib\site-packages\telebot\util.py", line 110, in raise_exceptions
    raise self.exception_info
  File "D:\Users\Desktop\automator_project\venv\Lib\site-packages\telebot\util.py", line 92, in run
    task(*args, **kwargs)
    ~~~~^^^^^^^^^^^^^^^^^
  File "D:\Users\Desktop\automator_project\venv\Lib\site-packages\telebot\__init__.py", line 661, in __retrieve_updates
    updates = self.get_updates(offset=(self.last_update_id + 1),
                               allowed_updates=allowed_updates,
                               timeout=timeout, long_polling_timeout=long_polling_timeout)
  File "D:\Users\Desktop\automator_project\venv\Lib\site-packages\telebot\__init__.py", line 633, in get_updates
    json_updates = apihelper.get_updates(
        self.token, offset=offset, limit=limit, timeout=timeout, allowed_updates=allowed_updates,
        long_polling_timeout=long_polling_timeout)
  File "D:\Users\Desktop\automator_project\venv\Lib\site-packages\telebot\apihelper.py", line 321, in get_updates
    return _make_request(token, method_url, params=payload)
  File "D:\Users\Desktop\automator_project\venv\Lib\site-packages\telebot\apihelper.py", line 158, in _make_request
    result = _get_req_session().request(
        method, request_url, params=params, files=files,
        timeout=(connect_timeout, read_timeout), proxies=proxy)
  File "D:\Users\Desktop\automator_project\venv\Lib\site-packages\requests\sessions.py", line 589, in request
    resp = self.send(prep, **send_kwargs)
  File "D:\Users\Desktop\automator_project\venv\Lib\site-packages\requests\sessions.py", line 703, in send
    r = adapter.send(request, **kwargs)
  File "D:\Users\Desktop\automator_project\venv\Lib\site-packages\requests\adapters.py", line 519, in send
    raise ConnectionError(e, request=request)
requests.exceptions.ConnectionError: HTTPSConnectionPool(host='api.telegram.org', port=443): Max retries exceeded with url: /bot8730236171:AAFy_65gvPbjYkMvnxpGyZ5bOirrxUC6rJQ/getUpdates?offset=95087094&timeout=20 (Caused by NameResolutionError("HTTPSConnection(host='api.telegram.org', port=443): Failed to resolve 'api.telegram.org' ([Errno 11001] getaddrinfo failed)"))

2026-03-31 02:28:07,753 - TeleBot - ERROR - Infinity polling exception: HTTPSConnectionPool(host='api.telegram.org', port=443): Max retries exceeded with url: /bot8730236171:AAFy_65gvPbjYkMvnxpGyZ5bOirrxUC6rJQ/getUpdates?offset=95087094&timeout=20 (Caused by NameResolutionError("HTTPSConnection(host='api.telegram.org', port=443): Failed to resolve 'api.telegram.org' ([Errno 11001] getaddrinfo failed)"))
2026-03-31 02:28:07,762 - TeleBot - ERROR - Exception traceback:
Traceback (most recent call last):
  File "D:\Users\Desktop\automator_project\venv\Lib\site-packages\urllib3\connection.py", line 204, in _new_conn
    sock = connection.create_connection(
        (self._dns_host, self.port),
    ...<2 lines>...
        socket_options=self.socket_options,
    )
  File "D:\Users\Desktop\automator_project\venv\Lib\site-packages\urllib3\util\connection.py", line 60, in create_connection
    for res in socket.getaddrinfo(host, port, family, socket.SOCK_STREAM):
               ~~~~~~~~~~~~~~~~~~^^^^^^^^^^^^^^^^^^^^^^^^^^^^^^^^^^^^^^^^
  File "C:\Users\Simonoviya\AppData\Local\Programs\Python\Python314\Lib\socket.py", line 983, in getaddrinfo
    for res in _socket.getaddrinfo(host, port, family, type, proto, flags):
               ~~~~~~~~~~~~~~~~~~~^^^^^^^^^^^^^^^^^^^^^^^^^^^^^^^^^^^^^^^^
socket.gaierror: [Errno 11001] getaddrinfo failed

The above exception was the direct cause of the following exception:

Traceback (most recent call last):
  File "D:\Users\Desktop\automator_project\venv\Lib\site-packages\urllib3\connectionpool.py", line 787, in urlopen
    response = self._make_request(
        conn,
    ...<10 lines>...
        **response_kw,
    )
  File "D:\Users\Desktop\automator_project\venv\Lib\site-packages\urllib3\connectionpool.py", line 488, in _make_request
    raise new_e
  File "D:\Users\Desktop\automator_project\venv\Lib\site-packages\urllib3\connectionpool.py", line 464, in _make_request
    self._validate_conn(conn)
    ~~~~~~~~~~~~~~~~~~~^^^^^^
  File "D:\Users\Desktop\automator_project\venv\Lib\site-packages\urllib3\connectionpool.py", line 1093, in _validate_conn
    conn.connect()
    ~~~~~~~~~~~~^^
  File "D:\Users\Desktop\automator_project\venv\Lib\site-packages\urllib3\connection.py", line 759, in connect
    self.sock = sock = self._new_conn()
                       ~~~~~~~~~~~~~~^^
  File "D:\Users\Desktop\automator_project\venv\Lib\site-packages\urllib3\connection.py", line 211, in _new_conn
    raise NameResolutionError(self.host, self, e) from e
urllib3.exceptions.NameResolutionError: HTTPSConnection(host='api.telegram.org', port=443): Failed to resolve 'api.telegram.org' ([Errno 11001] getaddrinfo failed)

The above exception was the direct cause of the following exception:

Traceback (most recent call last):
  File "D:\Users\Desktop\automator_project\venv\Lib\site-packages\requests\adapters.py", line 486, in send
    resp = conn.urlopen(
        method=request.method,
    ...<9 lines>...
        chunked=chunked,
    )
  File "D:\Users\Desktop\automator_project\venv\Lib\site-packages\urllib3\connectionpool.py", line 841, in urlopen
    retries = retries.increment(
        method, url, error=new_e, _pool=self, _stacktrace=sys.exc_info()[2]
    )
  File "D:\Users\Desktop\automator_project\venv\Lib\site-packages\urllib3\util\retry.py", line 535, in increment
    raise MaxRetryError(_pool, url, reason) from reason  # type: ignore[arg-type]
    ^^^^^^^^^^^^^^^^^^^^^^^^^^^^^^^^^^^^^^^^^^^^^^^^^^^
urllib3.exceptions.MaxRetryError: HTTPSConnectionPool(host='api.telegram.org', port=443): Max retries exceeded with url: /bot8730236171:AAFy_65gvPbjYkMvnxpGyZ5bOirrxUC6rJQ/getUpdates?offset=95087094&timeout=20 (Caused by NameResolutionError("HTTPSConnection(host='api.telegram.org', port=443): Failed to resolve 'api.telegram.org' ([Errno 11001] getaddrinfo failed)"))

During handling of the above exception, another exception occurred:

Traceback (most recent call last):
  File "D:\Users\Desktop\automator_project\venv\Lib\site-packages\telebot\__init__.py", line 1016, in infinity_polling
    self.polling(non_stop=True, timeout=timeout, long_polling_timeout=long_polling_timeout,
    ~~~~~~~~~~~~^^^^^^^^^^^^^^^^^^^^^^^^^^^^^^^^^^^^^^^^^^^^^^^^^^^^^^^^^^^^^^^^^^^^^^^^^^^
                 logger_level=logger_level, allowed_updates=allowed_updates, restart_on_change=False,
                 ^^^^^^^^^^^^^^^^^^^^^^^^^^^^^^^^^^^^^^^^^^^^^^^^^^^^^^^^^^^^^^^^^^^^^^^^^^^^^^^^^^^^
                 *args, **kwargs)
                 ^^^^^^^^^^^^^^^^
  File "D:\Users\Desktop\automator_project\venv\Lib\site-packages\telebot\__init__.py", line 1104, in polling
    self.__threaded_polling(non_stop=non_stop, interval=interval, timeout=timeout, long_polling_timeout=long_polling_timeout,
    ~~~~~~~~~~~~~~~~~~~~~~~^^^^^^^^^^^^^^^^^^^^^^^^^^^^^^^^^^^^^^^^^^^^^^^^^^^^^^^^^^^^^^^^^^^^^^^^^^^^^^^^^^^^^^^^^^^^^^^^^^
                            logger_level=logger_level, allowed_updates=allowed_updates)
                            ^^^^^^^^^^^^^^^^^^^^^^^^^^^^^^^^^^^^^^^^^^^^^^^^^^^^^^^^^^^
  File "D:\Users\Desktop\automator_project\venv\Lib\site-packages\telebot\__init__.py", line 1179, in __threaded_polling
    raise e
  File "D:\Users\Desktop\automator_project\venv\Lib\site-packages\telebot\__init__.py", line 1140, in __threaded_polling
    polling_thread.raise_exceptions()
    ~~~~~~~~~~~~~~~~~~~~~~~~~~~~~~~^^
  File "D:\Users\Desktop\automator_project\venv\Lib\site-packages\telebot\util.py", line 110, in raise_exceptions
    raise self.exception_info
  File "D:\Users\Desktop\automator_project\venv\Lib\site-packages\telebot\util.py", line 92, in run
    task(*args, **kwargs)
    ~~~~^^^^^^^^^^^^^^^^^
  File "D:\Users\Desktop\automator_project\venv\Lib\site-packages\telebot\__init__.py", line 661, in __retrieve_updates
    updates = self.get_updates(offset=(self.last_update_id + 1),
                               allowed_updates=allowed_updates,
                               timeout=timeout, long_polling_timeout=long_polling_timeout)
  File "D:\Users\Desktop\automator_project\venv\Lib\site-packages\telebot\__init__.py", line 633, in get_updates
    json_updates = apihelper.get_updates(
        self.token, offset=offset, limit=limit, timeout=timeout, allowed_updates=allowed_updates,
        long_polling_timeout=long_polling_timeout)
  File "D:\Users\Desktop\automator_project\venv\Lib\site-packages\telebot\apihelper.py", line 321, in get_updates
    return _make_request(token, method_url, params=payload)
  File "D:\Users\Desktop\automator_project\venv\Lib\site-packages\telebot\apihelper.py", line 158, in _make_request
    result = _get_req_session().request(
        method, request_url, params=params, files=files,
        timeout=(connect_timeout, read_timeout), proxies=proxy)
  File "D:\Users\Desktop\automator_project\venv\Lib\site-packages\requests\sessions.py", line 589, in request
    resp = self.send(prep, **send_kwargs)
  File "D:\Users\Desktop\automator_project\venv\Lib\site-packages\requests\sessions.py", line 703, in send
    r = adapter.send(request, **kwargs)
  File "D:\Users\Desktop\automator_project\venv\Lib\site-packages\requests\adapters.py", line 519, in send
    raise ConnectionError(e, request=request)
requests.exceptions.ConnectionError: HTTPSConnectionPool(host='api.telegram.org', port=443): Max retries exceeded with url: /bot8730236171:AAFy_65gvPbjYkMvnxpGyZ5bOirrxUC6rJQ/getUpdates?offset=95087094&timeout=20 (Caused by NameResolutionError("HTTPSConnection(host='api.telegram.org', port=443): Failed to resolve 'api.telegram.org' ([Errno 11001] getaddrinfo failed)"))

2026-03-31 02:28:22,276 - TeleBot - ERROR - Infinity polling exception: HTTPSConnectionPool(host='api.telegram.org', port=443): Max retries exceeded with url: /bot8730236171:AAFy_65gvPbjYkMvnxpGyZ5bOirrxUC6rJQ/getUpdates?offset=95087094&timeout=20 (Caused by NameResolutionError("HTTPSConnection(host='api.telegram.org', port=443): Failed to resolve 'api.telegram.org' ([Errno 11001] getaddrinfo failed)"))
2026-03-31 02:28:22,284 - TeleBot - ERROR - Exception traceback:
Traceback (most recent call last):
  File "D:\Users\Desktop\automator_project\venv\Lib\site-packages\urllib3\connection.py", line 204, in _new_conn
    sock = connection.create_connection(
        (self._dns_host, self.port),
    ...<2 lines>...
        socket_options=self.socket_options,
    )
  File "D:\Users\Desktop\automator_project\venv\Lib\site-packages\urllib3\util\connection.py", line 60, in create_connection
    for res in socket.getaddrinfo(host, port, family, socket.SOCK_STREAM):
               ~~~~~~~~~~~~~~~~~~^^^^^^^^^^^^^^^^^^^^^^^^^^^^^^^^^^^^^^^^
  File "C:\Users\Simonoviya\AppData\Local\Programs\Python\Python314\Lib\socket.py", line 983, in getaddrinfo
    for res in _socket.getaddrinfo(host, port, family, type, proto, flags):
               ~~~~~~~~~~~~~~~~~~~^^^^^^^^^^^^^^^^^^^^^^^^^^^^^^^^^^^^^^^^
socket.gaierror: [Errno 11001] getaddrinfo failed

The above exception was the direct cause of the following exception:

Traceback (most recent call last):
  File "D:\Users\Desktop\automator_project\venv\Lib\site-packages\urllib3\connectionpool.py", line 787, in urlopen
    response = self._make_request(
        conn,
    ...<10 lines>...
        **response_kw,
    )
  File "D:\Users\Desktop\automator_project\venv\Lib\site-packages\urllib3\connectionpool.py", line 488, in _make_request
    raise new_e
  File "D:\Users\Desktop\automator_project\venv\Lib\site-packages\urllib3\connectionpool.py", line 464, in _make_request
    self._validate_conn(conn)
    ~~~~~~~~~~~~~~~~~~~^^^^^^
  File "D:\Users\Desktop\automator_project\venv\Lib\site-packages\urllib3\connectionpool.py", line 1093, in _validate_conn
    conn.connect()
    ~~~~~~~~~~~~^^
  File "D:\Users\Desktop\automator_project\venv\Lib\site-packages\urllib3\connection.py", line 759, in connect
    self.sock = sock = self._new_conn()
                       ~~~~~~~~~~~~~~^^
  File "D:\Users\Desktop\automator_project\venv\Lib\site-packages\urllib3\connection.py", line 211, in _new_conn
    raise NameResolutionError(self.host, self, e) from e
urllib3.exceptions.NameResolutionError: HTTPSConnection(host='api.telegram.org', port=443): Failed to resolve 'api.telegram.org' ([Errno 11001] getaddrinfo failed)

The above exception was the direct cause of the following exception:

Traceback (most recent call last):
  File "D:\Users\Desktop\automator_project\venv\Lib\site-packages\requests\adapters.py", line 486, in send
    resp = conn.urlopen(
        method=request.method,
    ...<9 lines>...
        chunked=chunked,
    )
  File "D:\Users\Desktop\automator_project\venv\Lib\site-packages\urllib3\connectionpool.py", line 841, in urlopen
    retries = retries.increment(
        method, url, error=new_e, _pool=self, _stacktrace=sys.exc_info()[2]
    )
  File "D:\Users\Desktop\automator_project\venv\Lib\site-packages\urllib3\util\retry.py", line 535, in increment
    raise MaxRetryError(_pool, url, reason) from reason  # type: ignore[arg-type]
    ^^^^^^^^^^^^^^^^^^^^^^^^^^^^^^^^^^^^^^^^^^^^^^^^^^^
urllib3.exceptions.MaxRetryError: HTTPSConnectionPool(host='api.telegram.org', port=443): Max retries exceeded with url: /bot8730236171:AAFy_65gvPbjYkMvnxpGyZ5bOirrxUC6rJQ/getUpdates?offset=95087094&timeout=20 (Caused by NameResolutionError("HTTPSConnection(host='api.telegram.org', port=443): Failed to resolve 'api.telegram.org' ([Errno 11001] getaddrinfo failed)"))

During handling of the above exception, another exception occurred:

Traceback (most recent call last):
  File "D:\Users\Desktop\automator_project\venv\Lib\site-packages\telebot\__init__.py", line 1016, in infinity_polling
    self.polling(non_stop=True, timeout=timeout, long_polling_timeout=long_polling_timeout,
    ~~~~~~~~~~~~^^^^^^^^^^^^^^^^^^^^^^^^^^^^^^^^^^^^^^^^^^^^^^^^^^^^^^^^^^^^^^^^^^^^^^^^^^^
                 logger_level=logger_level, allowed_updates=allowed_updates, restart_on_change=False,
                 ^^^^^^^^^^^^^^^^^^^^^^^^^^^^^^^^^^^^^^^^^^^^^^^^^^^^^^^^^^^^^^^^^^^^^^^^^^^^^^^^^^^^
                 *args, **kwargs)
                 ^^^^^^^^^^^^^^^^
  File "D:\Users\Desktop\automator_project\venv\Lib\site-packages\telebot\__init__.py", line 1104, in polling
    self.__threaded_polling(non_stop=non_stop, interval=interval, timeout=timeout, long_polling_timeout=long_polling_timeout,
    ~~~~~~~~~~~~~~~~~~~~~~~^^^^^^^^^^^^^^^^^^^^^^^^^^^^^^^^^^^^^^^^^^^^^^^^^^^^^^^^^^^^^^^^^^^^^^^^^^^^^^^^^^^^^^^^^^^^^^^^^^
                            logger_level=logger_level, allowed_updates=allowed_updates)
                            ^^^^^^^^^^^^^^^^^^^^^^^^^^^^^^^^^^^^^^^^^^^^^^^^^^^^^^^^^^^
  File "D:\Users\Desktop\automator_project\venv\Lib\site-packages\telebot\__init__.py", line 1179, in __threaded_polling
    raise e
  File "D:\Users\Desktop\automator_project\venv\Lib\site-packages\telebot\__init__.py", line 1140, in __threaded_polling
    polling_thread.raise_exceptions()
    ~~~~~~~~~~~~~~~~~~~~~~~~~~~~~~~^^
  File "D:\Users\Desktop\automator_project\venv\Lib\site-packages\telebot\util.py", line 110, in raise_exceptions
    raise self.exception_info
  File "D:\Users\Desktop\automator_project\venv\Lib\site-packages\telebot\util.py", line 92, in run
    task(*args, **kwargs)
    ~~~~^^^^^^^^^^^^^^^^^
  File "D:\Users\Desktop\automator_project\venv\Lib\site-packages\telebot\__init__.py", line 661, in __retrieve_updates
    updates = self.get_updates(offset=(self.last_update_id + 1),
                               allowed_updates=allowed_updates,
                               timeout=timeout, long_polling_timeout=long_polling_timeout)
  File "D:\Users\Desktop\automator_project\venv\Lib\site-packages\telebot\__init__.py", line 633, in get_updates
    json_updates = apihelper.get_updates(
        self.token, offset=offset, limit=limit, timeout=timeout, allowed_updates=allowed_updates,
        long_polling_timeout=long_polling_timeout)
  File "D:\Users\Desktop\automator_project\venv\Lib\site-packages\telebot\apihelper.py", line 321, in get_updates
    return _make_request(token, method_url, params=payload)
  File "D:\Users\Desktop\automator_project\venv\Lib\site-packages\telebot\apihelper.py", line 158, in _make_request
    result = _get_req_session().request(
        method, request_url, params=params, files=files,
        timeout=(connect_timeout, read_timeout), proxies=proxy)
  File "D:\Users\Desktop\automator_project\venv\Lib\site-packages\requests\sessions.py", line 589, in request
    resp = self.send(prep, **send_kwargs)
  File "D:\Users\Desktop\automator_project\venv\Lib\site-packages\requests\sessions.py", line 703, in send
    r = adapter.send(request, **kwargs)
  File "D:\Users\Desktop\automator_project\venv\Lib\site-packages\requests\adapters.py", line 519, in send
    raise ConnectionError(e, request=request)
requests.exceptions.ConnectionError: HTTPSConnectionPool(host='api.telegram.org', port=443): Max retries exceeded with url: /bot8730236171:AAFy_65gvPbjYkMvnxpGyZ5bOirrxUC6rJQ/getUpdates?offset=95087094&timeout=20 (Caused by NameResolutionError("HTTPSConnection(host='api.telegram.org', port=443): Failed to resolve 'api.telegram.org' ([Errno 11001] getaddrinfo failed)"))

2026-03-31 02:28:36,776 - TeleBot - ERROR - Infinity polling exception: HTTPSConnectionPool(host='api.telegram.org', port=443): Max retries exceeded with url: /bot8730236171:AAFy_65gvPbjYkMvnxpGyZ5bOirrxUC6rJQ/getUpdates?offset=95087094&timeout=20 (Caused by NameResolutionError("HTTPSConnection(host='api.telegram.org', port=443): Failed to resolve 'api.telegram.org' ([Errno 11001] getaddrinfo failed)"))
2026-03-31 02:28:36,783 - TeleBot - ERROR - Exception traceback:
Traceback (most recent call last):
  File "D:\Users\Desktop\automator_project\venv\Lib\site-packages\urllib3\connection.py", line 204, in _new_conn
    sock = connection.create_connection(
        (self._dns_host, self.port),
    ...<2 lines>...
        socket_options=self.socket_options,
    )
  File "D:\Users\Desktop\automator_project\venv\Lib\site-packages\urllib3\util\connection.py", line 60, in create_connection
    for res in socket.getaddrinfo(host, port, family, socket.SOCK_STREAM):
               ~~~~~~~~~~~~~~~~~~^^^^^^^^^^^^^^^^^^^^^^^^^^^^^^^^^^^^^^^^
  File "C:\Users\Simonoviya\AppData\Local\Programs\Python\Python314\Lib\socket.py", line 983, in getaddrinfo
    for res in _socket.getaddrinfo(host, port, family, type, proto, flags):
               ~~~~~~~~~~~~~~~~~~~^^^^^^^^^^^^^^^^^^^^^^^^^^^^^^^^^^^^^^^^
socket.gaierror: [Errno 11001] getaddrinfo failed

The above exception was the direct cause of the following exception:

Traceback (most recent call last):
  File "D:\Users\Desktop\automator_project\venv\Lib\site-packages\urllib3\connectionpool.py", line 787, in urlopen
    response = self._make_request(
        conn,
    ...<10 lines>...
        **response_kw,
    )
  File "D:\Users\Desktop\automator_project\venv\Lib\site-packages\urllib3\connectionpool.py", line 488, in _make_request
    raise new_e
  File "D:\Users\Desktop\automator_project\venv\Lib\site-packages\urllib3\connectionpool.py", line 464, in _make_request
    self._validate_conn(conn)
    ~~~~~~~~~~~~~~~~~~~^^^^^^
  File "D:\Users\Desktop\automator_project\venv\Lib\site-packages\urllib3\connectionpool.py", line 1093, in _validate_conn
    conn.connect()
    ~~~~~~~~~~~~^^
  File "D:\Users\Desktop\automator_project\venv\Lib\site-packages\urllib3\connection.py", line 759, in connect
    self.sock = sock = self._new_conn()
                       ~~~~~~~~~~~~~~^^
  File "D:\Users\Desktop\automator_project\venv\Lib\site-packages\urllib3\connection.py", line 211, in _new_conn
    raise NameResolutionError(self.host, self, e) from e
urllib3.exceptions.NameResolutionError: HTTPSConnection(host='api.telegram.org', port=443): Failed to resolve 'api.telegram.org' ([Errno 11001] getaddrinfo failed)

The above exception was the direct cause of the following exception:

Traceback (most recent call last):
  File "D:\Users\Desktop\automator_project\venv\Lib\site-packages\requests\adapters.py", line 486, in send
    resp = conn.urlopen(
        method=request.method,
    ...<9 lines>...
        chunked=chunked,
    )
  File "D:\Users\Desktop\automator_project\venv\Lib\site-packages\urllib3\connectionpool.py", line 841, in urlopen
    retries = retries.increment(
        method, url, error=new_e, _pool=self, _stacktrace=sys.exc_info()[2]
    )
  File "D:\Users\Desktop\automator_project\venv\Lib\site-packages\urllib3\util\retry.py", line 535, in increment
    raise MaxRetryError(_pool, url, reason) from reason  # type: ignore[arg-type]
    ^^^^^^^^^^^^^^^^^^^^^^^^^^^^^^^^^^^^^^^^^^^^^^^^^^^
urllib3.exceptions.MaxRetryError: HTTPSConnectionPool(host='api.telegram.org', port=443): Max retries exceeded with url: /bot8730236171:AAFy_65gvPbjYkMvnxpGyZ5bOirrxUC6rJQ/getUpdates?offset=95087094&timeout=20 (Caused by NameResolutionError("HTTPSConnection(host='api.telegram.org', port=443): Failed to resolve 'api.telegram.org' ([Errno 11001] getaddrinfo failed)"))

During handling of the above exception, another exception occurred:

Traceback (most recent call last):
  File "D:\Users\Desktop\automator_project\venv\Lib\site-packages\telebot\__init__.py", line 1016, in infinity_polling
    self.polling(non_stop=True, timeout=timeout, long_polling_timeout=long_polling_timeout,
    ~~~~~~~~~~~~^^^^^^^^^^^^^^^^^^^^^^^^^^^^^^^^^^^^^^^^^^^^^^^^^^^^^^^^^^^^^^^^^^^^^^^^^^^
                 logger_level=logger_level, allowed_updates=allowed_updates, restart_on_change=False,
                 ^^^^^^^^^^^^^^^^^^^^^^^^^^^^^^^^^^^^^^^^^^^^^^^^^^^^^^^^^^^^^^^^^^^^^^^^^^^^^^^^^^^^
                 *args, **kwargs)
                 ^^^^^^^^^^^^^^^^
  File "D:\Users\Desktop\automator_project\venv\Lib\site-packages\telebot\__init__.py", line 1104, in polling
    self.__threaded_polling(non_stop=non_stop, interval=interval, timeout=timeout, long_polling_timeout=long_polling_timeout,
    ~~~~~~~~~~~~~~~~~~~~~~~^^^^^^^^^^^^^^^^^^^^^^^^^^^^^^^^^^^^^^^^^^^^^^^^^^^^^^^^^^^^^^^^^^^^^^^^^^^^^^^^^^^^^^^^^^^^^^^^^^
                            logger_level=logger_level, allowed_updates=allowed_updates)
                            ^^^^^^^^^^^^^^^^^^^^^^^^^^^^^^^^^^^^^^^^^^^^^^^^^^^^^^^^^^^
  File "D:\Users\Desktop\automator_project\venv\Lib\site-packages\telebot\__init__.py", line 1179, in __threaded_polling
    raise e
  File "D:\Users\Desktop\automator_project\venv\Lib\site-packages\telebot\__init__.py", line 1140, in __threaded_polling
    polling_thread.raise_exceptions()
    ~~~~~~~~~~~~~~~~~~~~~~~~~~~~~~~^^
  File "D:\Users\Desktop\automator_project\venv\Lib\site-packages\telebot\util.py", line 110, in raise_exceptions
    raise self.exception_info
  File "D:\Users\Desktop\automator_project\venv\Lib\site-packages\telebot\util.py", line 92, in run
    task(*args, **kwargs)
    ~~~~^^^^^^^^^^^^^^^^^
  File "D:\Users\Desktop\automator_project\venv\Lib\site-packages\telebot\__init__.py", line 661, in __retrieve_updates
    updates = self.get_updates(offset=(self.last_update_id + 1),
                               allowed_updates=allowed_updates,
                               timeout=timeout, long_polling_timeout=long_polling_timeout)
  File "D:\Users\Desktop\automator_project\venv\Lib\site-packages\telebot\__init__.py", line 633, in get_updates
    json_updates = apihelper.get_updates(
        self.token, offset=offset, limit=limit, timeout=timeout, allowed_updates=allowed_updates,
        long_polling_timeout=long_polling_timeout)
  File "D:\Users\Desktop\automator_project\venv\Lib\site-packages\telebot\apihelper.py", line 321, in get_updates
    return _make_request(token, method_url, params=payload)
  File "D:\Users\Desktop\automator_project\venv\Lib\site-packages\telebot\apihelper.py", line 158, in _make_request
    result = _get_req_session().request(
        method, request_url, params=params, files=files,
        timeout=(connect_timeout, read_timeout), proxies=proxy)
  File "D:\Users\Desktop\automator_project\venv\Lib\site-packages\requests\sessions.py", line 589, in request
    resp = self.send(prep, **send_kwargs)
  File "D:\Users\Desktop\automator_project\venv\Lib\site-packages\requests\sessions.py", line 703, in send
    r = adapter.send(request, **kwargs)
  File "D:\Users\Desktop\automator_project\venv\Lib\site-packages\requests\adapters.py", line 519, in send
    raise ConnectionError(e, request=request)
requests.exceptions.ConnectionError: HTTPSConnectionPool(host='api.telegram.org', port=443): Max retries exceeded with url: /bot8730236171:AAFy_65gvPbjYkMvnxpGyZ5bOirrxUC6rJQ/getUpdates?offset=95087094&timeout=20 (Caused by NameResolutionError("HTTPSConnection(host='api.telegram.org', port=443): Failed to resolve 'api.telegram.org' ([Errno 11001] getaddrinfo failed)"))

2026-03-31 02:28:51,278 - TeleBot - ERROR - Infinity polling exception: HTTPSConnectionPool(host='api.telegram.org', port=443): Max retries exceeded with url: /bot8730236171:AAFy_65gvPbjYkMvnxpGyZ5bOirrxUC6rJQ/getUpdates?offset=95087094&timeout=20 (Caused by NameResolutionError("HTTPSConnection(host='api.telegram.org', port=443): Failed to resolve 'api.telegram.org' ([Errno 11001] getaddrinfo failed)"))
2026-03-31 02:28:51,286 - TeleBot - ERROR - Exception traceback:
Traceback (most recent call last):
  File "D:\Users\Desktop\automator_project\venv\Lib\site-packages\urllib3\connection.py", line 204, in _new_conn
    sock = connection.create_connection(
        (self._dns_host, self.port),
    ...<2 lines>...
        socket_options=self.socket_options,
    )
  File "D:\Users\Desktop\automator_project\venv\Lib\site-packages\urllib3\util\connection.py", line 60, in create_connection
    for res in socket.getaddrinfo(host, port, family, socket.SOCK_STREAM):
               ~~~~~~~~~~~~~~~~~~^^^^^^^^^^^^^^^^^^^^^^^^^^^^^^^^^^^^^^^^
  File "C:\Users\Simonoviya\AppData\Local\Programs\Python\Python314\Lib\socket.py", line 983, in getaddrinfo
    for res in _socket.getaddrinfo(host, port, family, type, proto, flags):
               ~~~~~~~~~~~~~~~~~~~^^^^^^^^^^^^^^^^^^^^^^^^^^^^^^^^^^^^^^^^
socket.gaierror: [Errno 11001] getaddrinfo failed

The above exception was the direct cause of the following exception:

Traceback (most recent call last):
  File "D:\Users\Desktop\automator_project\venv\Lib\site-packages\urllib3\connectionpool.py", line 787, in urlopen
    response = self._make_request(
        conn,
    ...<10 lines>...
        **response_kw,
    )
  File "D:\Users\Desktop\automator_project\venv\Lib\site-packages\urllib3\connectionpool.py", line 488, in _make_request
    raise new_e
  File "D:\Users\Desktop\automator_project\venv\Lib\site-packages\urllib3\connectionpool.py", line 464, in _make_request
    self._validate_conn(conn)
    ~~~~~~~~~~~~~~~~~~~^^^^^^
  File "D:\Users\Desktop\automator_project\venv\Lib\site-packages\urllib3\connectionpool.py", line 1093, in _validate_conn
    conn.connect()
    ~~~~~~~~~~~~^^
  File "D:\Users\Desktop\automator_project\venv\Lib\site-packages\urllib3\connection.py", line 759, in connect
    self.sock = sock = self._new_conn()
                       ~~~~~~~~~~~~~~^^
  File "D:\Users\Desktop\automator_project\venv\Lib\site-packages\urllib3\connection.py", line 211, in _new_conn
    raise NameResolutionError(self.host, self, e) from e
urllib3.exceptions.NameResolutionError: HTTPSConnection(host='api.telegram.org', port=443): Failed to resolve 'api.telegram.org' ([Errno 11001] getaddrinfo failed)

The above exception was the direct cause of the following exception:

Traceback (most recent call last):
  File "D:\Users\Desktop\automator_project\venv\Lib\site-packages\requests\adapters.py", line 486, in send
    resp = conn.urlopen(
        method=request.method,
    ...<9 lines>...
        chunked=chunked,
    )
  File "D:\Users\Desktop\automator_project\venv\Lib\site-packages\urllib3\connectionpool.py", line 841, in urlopen
    retries = retries.increment(
        method, url, error=new_e, _pool=self, _stacktrace=sys.exc_info()[2]
    )
  File "D:\Users\Desktop\automator_project\venv\Lib\site-packages\urllib3\util\retry.py", line 535, in increment
    raise MaxRetryError(_pool, url, reason) from reason  # type: ignore[arg-type]
    ^^^^^^^^^^^^^^^^^^^^^^^^^^^^^^^^^^^^^^^^^^^^^^^^^^^
urllib3.exceptions.MaxRetryError: HTTPSConnectionPool(host='api.telegram.org', port=443): Max retries exceeded with url: /bot8730236171:AAFy_65gvPbjYkMvnxpGyZ5bOirrxUC6rJQ/getUpdates?offset=95087094&timeout=20 (Caused by NameResolutionError("HTTPSConnection(host='api.telegram.org', port=443): Failed to resolve 'api.telegram.org' ([Errno 11001] getaddrinfo failed)"))

During handling of the above exception, another exception occurred:

Traceback (most recent call last):
  File "D:\Users\Desktop\automator_project\venv\Lib\site-packages\telebot\__init__.py", line 1016, in infinity_polling
    self.polling(non_stop=True, timeout=timeout, long_polling_timeout=long_polling_timeout,
    ~~~~~~~~~~~~^^^^^^^^^^^^^^^^^^^^^^^^^^^^^^^^^^^^^^^^^^^^^^^^^^^^^^^^^^^^^^^^^^^^^^^^^^^
                 logger_level=logger_level, allowed_updates=allowed_updates, restart_on_change=False,
                 ^^^^^^^^^^^^^^^^^^^^^^^^^^^^^^^^^^^^^^^^^^^^^^^^^^^^^^^^^^^^^^^^^^^^^^^^^^^^^^^^^^^^
                 *args, **kwargs)
                 ^^^^^^^^^^^^^^^^
  File "D:\Users\Desktop\automator_project\venv\Lib\site-packages\telebot\__init__.py", line 1104, in polling
    self.__threaded_polling(non_stop=non_stop, interval=interval, timeout=timeout, long_polling_timeout=long_polling_timeout,
    ~~~~~~~~~~~~~~~~~~~~~~~^^^^^^^^^^^^^^^^^^^^^^^^^^^^^^^^^^^^^^^^^^^^^^^^^^^^^^^^^^^^^^^^^^^^^^^^^^^^^^^^^^^^^^^^^^^^^^^^^^
                            logger_level=logger_level, allowed_updates=allowed_updates)
                            ^^^^^^^^^^^^^^^^^^^^^^^^^^^^^^^^^^^^^^^^^^^^^^^^^^^^^^^^^^^
  File "D:\Users\Desktop\automator_project\venv\Lib\site-packages\telebot\__init__.py", line 1179, in __threaded_polling
    raise e
  File "D:\Users\Desktop\automator_project\venv\Lib\site-packages\telebot\__init__.py", line 1140, in __threaded_polling
    polling_thread.raise_exceptions()
    ~~~~~~~~~~~~~~~~~~~~~~~~~~~~~~~^^
  File "D:\Users\Desktop\automator_project\venv\Lib\site-packages\telebot\util.py", line 110, in raise_exceptions
    raise self.exception_info
  File "D:\Users\Desktop\automator_project\venv\Lib\site-packages\telebot\util.py", line 92, in run
    task(*args, **kwargs)
    ~~~~^^^^^^^^^^^^^^^^^
  File "D:\Users\Desktop\automator_project\venv\Lib\site-packages\telebot\__init__.py", line 661, in __retrieve_updates
    updates = self.get_updates(offset=(self.last_update_id + 1),
                               allowed_updates=allowed_updates,
                               timeout=timeout, long_polling_timeout=long_polling_timeout)
  File "D:\Users\Desktop\automator_project\venv\Lib\site-packages\telebot\__init__.py", line 633, in get_updates
    json_updates = apihelper.get_updates(
        self.token, offset=offset, limit=limit, timeout=timeout, allowed_updates=allowed_updates,
        long_polling_timeout=long_polling_timeout)
  File "D:\Users\Desktop\automator_project\venv\Lib\site-packages\telebot\apihelper.py", line 321, in get_updates
    return _make_request(token, method_url, params=payload)
  File "D:\Users\Desktop\automator_project\venv\Lib\site-packages\telebot\apihelper.py", line 158, in _make_request
    result = _get_req_session().request(
        method, request_url, params=params, files=files,
        timeout=(connect_timeout, read_timeout), proxies=proxy)
  File "D:\Users\Desktop\automator_project\venv\Lib\site-packages\requests\sessions.py", line 589, in request
    resp = self.send(prep, **send_kwargs)
  File "D:\Users\Desktop\automator_project\venv\Lib\site-packages\requests\sessions.py", line 703, in send
    r = adapter.send(request, **kwargs)
  File "D:\Users\Desktop\automator_project\venv\Lib\site-packages\requests\adapters.py", line 519, in send
    raise ConnectionError(e, request=request)
requests.exceptions.ConnectionError: HTTPSConnectionPool(host='api.telegram.org', port=443): Max retries exceeded with url: /bot8730236171:AAFy_65gvPbjYkMvnxpGyZ5bOirrxUC6rJQ/getUpdates?offset=95087094&timeout=20 (Caused by NameResolutionError("HTTPSConnection(host='api.telegram.org', port=443): Failed to resolve 'api.telegram.org' ([Errno 11001] getaddrinfo failed)"))

2026-03-31 02:29:05,762 - TeleBot - ERROR - Infinity polling exception: HTTPSConnectionPool(host='api.telegram.org', port=443): Max retries exceeded with url: /bot8730236171:AAFy_65gvPbjYkMvnxpGyZ5bOirrxUC6rJQ/getUpdates?offset=95087094&timeout=20 (Caused by NameResolutionError("HTTPSConnection(host='api.telegram.org', port=443): Failed to resolve 'api.telegram.org' ([Errno 11001] getaddrinfo failed)"))
2026-03-31 02:29:05,770 - TeleBot - ERROR - Exception traceback:
Traceback (most recent call last):
  File "D:\Users\Desktop\automator_project\venv\Lib\site-packages\urllib3\connection.py", line 204, in _new_conn
    sock = connection.create_connection(
        (self._dns_host, self.port),
    ...<2 lines>...
        socket_options=self.socket_options,
    )
  File "D:\Users\Desktop\automator_project\venv\Lib\site-packages\urllib3\util\connection.py", line 60, in create_connection
    for res in socket.getaddrinfo(host, port, family, socket.SOCK_STREAM):
               ~~~~~~~~~~~~~~~~~~^^^^^^^^^^^^^^^^^^^^^^^^^^^^^^^^^^^^^^^^
  File "C:\Users\Simonoviya\AppData\Local\Programs\Python\Python314\Lib\socket.py", line 983, in getaddrinfo
    for res in _socket.getaddrinfo(host, port, family, type, proto, flags):
               ~~~~~~~~~~~~~~~~~~~^^^^^^^^^^^^^^^^^^^^^^^^^^^^^^^^^^^^^^^^
socket.gaierror: [Errno 11001] getaddrinfo failed

The above exception was the direct cause of the following exception:

Traceback (most recent call last):
  File "D:\Users\Desktop\automator_project\venv\Lib\site-packages\urllib3\connectionpool.py", line 787, in urlopen
    response = self._make_request(
        conn,
    ...<10 lines>...
        **response_kw,
    )
  File "D:\Users\Desktop\automator_project\venv\Lib\site-packages\urllib3\connectionpool.py", line 488, in _make_request
    raise new_e
  File "D:\Users\Desktop\automator_project\venv\Lib\site-packages\urllib3\connectionpool.py", line 464, in _make_request
    self._validate_conn(conn)
    ~~~~~~~~~~~~~~~~~~~^^^^^^
  File "D:\Users\Desktop\automator_project\venv\Lib\site-packages\urllib3\connectionpool.py", line 1093, in _validate_conn
    conn.connect()
    ~~~~~~~~~~~~^^
  File "D:\Users\Desktop\automator_project\venv\Lib\site-packages\urllib3\connection.py", line 759, in connect
    self.sock = sock = self._new_conn()
                       ~~~~~~~~~~~~~~^^
  File "D:\Users\Desktop\automator_project\venv\Lib\site-packages\urllib3\connection.py", line 211, in _new_conn
    raise NameResolutionError(self.host, self, e) from e
urllib3.exceptions.NameResolutionError: HTTPSConnection(host='api.telegram.org', port=443): Failed to resolve 'api.telegram.org' ([Errno 11001] getaddrinfo failed)

The above exception was the direct cause of the following exception:

Traceback (most recent call last):
  File "D:\Users\Desktop\automator_project\venv\Lib\site-packages\requests\adapters.py", line 486, in send
    resp = conn.urlopen(
        method=request.method,
    ...<9 lines>...
        chunked=chunked,
    )
  File "D:\Users\Desktop\automator_project\venv\Lib\site-packages\urllib3\connectionpool.py", line 841, in urlopen
    retries = retries.increment(
        method, url, error=new_e, _pool=self, _stacktrace=sys.exc_info()[2]
    )
  File "D:\Users\Desktop\automator_project\venv\Lib\site-packages\urllib3\util\retry.py", line 535, in increment
    raise MaxRetryError(_pool, url, reason) from reason  # type: ignore[arg-type]
    ^^^^^^^^^^^^^^^^^^^^^^^^^^^^^^^^^^^^^^^^^^^^^^^^^^^
urllib3.exceptions.MaxRetryError: HTTPSConnectionPool(host='api.telegram.org', port=443): Max retries exceeded with url: /bot8730236171:AAFy_65gvPbjYkMvnxpGyZ5bOirrxUC6rJQ/getUpdates?offset=95087094&timeout=20 (Caused by NameResolutionError("HTTPSConnection(host='api.telegram.org', port=443): Failed to resolve 'api.telegram.org' ([Errno 11001] getaddrinfo failed)"))

During handling of the above exception, another exception occurred:

Traceback (most recent call last):
  File "D:\Users\Desktop\automator_project\venv\Lib\site-packages\telebot\__init__.py", line 1016, in infinity_polling
    self.polling(non_stop=True, timeout=timeout, long_polling_timeout=long_polling_timeout,
    ~~~~~~~~~~~~^^^^^^^^^^^^^^^^^^^^^^^^^^^^^^^^^^^^^^^^^^^^^^^^^^^^^^^^^^^^^^^^^^^^^^^^^^^
                 logger_level=logger_level, allowed_updates=allowed_updates, restart_on_change=False,
                 ^^^^^^^^^^^^^^^^^^^^^^^^^^^^^^^^^^^^^^^^^^^^^^^^^^^^^^^^^^^^^^^^^^^^^^^^^^^^^^^^^^^^
                 *args, **kwargs)
                 ^^^^^^^^^^^^^^^^
  File "D:\Users\Desktop\automator_project\venv\Lib\site-packages\telebot\__init__.py", line 1104, in polling
    self.__threaded_polling(non_stop=non_stop, interval=interval, timeout=timeout, long_polling_timeout=long_polling_timeout,
    ~~~~~~~~~~~~~~~~~~~~~~~^^^^^^^^^^^^^^^^^^^^^^^^^^^^^^^^^^^^^^^^^^^^^^^^^^^^^^^^^^^^^^^^^^^^^^^^^^^^^^^^^^^^^^^^^^^^^^^^^^
                            logger_level=logger_level, allowed_updates=allowed_updates)
                            ^^^^^^^^^^^^^^^^^^^^^^^^^^^^^^^^^^^^^^^^^^^^^^^^^^^^^^^^^^^
  File "D:\Users\Desktop\automator_project\venv\Lib\site-packages\telebot\__init__.py", line 1179, in __threaded_polling
    raise e
  File "D:\Users\Desktop\automator_project\venv\Lib\site-packages\telebot\__init__.py", line 1140, in __threaded_polling
    polling_thread.raise_exceptions()
    ~~~~~~~~~~~~~~~~~~~~~~~~~~~~~~~^^
  File "D:\Users\Desktop\automator_project\venv\Lib\site-packages\telebot\util.py", line 110, in raise_exceptions
    raise self.exception_info
  File "D:\Users\Desktop\automator_project\venv\Lib\site-packages\telebot\util.py", line 92, in run
    task(*args, **kwargs)
    ~~~~^^^^^^^^^^^^^^^^^
  File "D:\Users\Desktop\automator_project\venv\Lib\site-packages\telebot\__init__.py", line 661, in __retrieve_updates
    updates = self.get_updates(offset=(self.last_update_id + 1),
                               allowed_updates=allowed_updates,
                               timeout=timeout, long_polling_timeout=long_polling_timeout)
  File "D:\Users\Desktop\automator_project\venv\Lib\site-packages\telebot\__init__.py", line 633, in get_updates
    json_updates = apihelper.get_updates(
        self.token, offset=offset, limit=limit, timeout=timeout, allowed_updates=allowed_updates,
        long_polling_timeout=long_polling_timeout)
  File "D:\Users\Desktop\automator_project\venv\Lib\site-packages\telebot\apihelper.py", line 321, in get_updates
    return _make_request(token, method_url, params=payload)
  File "D:\Users\Desktop\automator_project\venv\Lib\site-packages\telebot\apihelper.py", line 158, in _make_request
    result = _get_req_session().request(
        method, request_url, params=params, files=files,
        timeout=(connect_timeout, read_timeout), proxies=proxy)
  File "D:\Users\Desktop\automator_project\venv\Lib\site-packages\requests\sessions.py", line 589, in request
    resp = self.send(prep, **send_kwargs)
  File "D:\Users\Desktop\automator_project\venv\Lib\site-packages\requests\sessions.py", line 703, in send
    r = adapter.send(request, **kwargs)
  File "D:\Users\Desktop\automator_project\venv\Lib\site-packages\requests\adapters.py", line 519, in send
    raise ConnectionError(e, request=request)
requests.exceptions.ConnectionError: HTTPSConnectionPool(host='api.telegram.org', port=443): Max retries exceeded with url: /bot8730236171:AAFy_65gvPbjYkMvnxpGyZ5bOirrxUC6rJQ/getUpdates?offset=95087094&timeout=20 (Caused by NameResolutionError("HTTPSConnection(host='api.telegram.org', port=443): Failed to resolve 'api.telegram.org' ([Errno 11001] getaddrinfo failed)"))

2026-03-31 02:29:20,247 - TeleBot - ERROR - Infinity polling exception: HTTPSConnectionPool(host='api.telegram.org', port=443): Max retries exceeded with url: /bot8730236171:AAFy_65gvPbjYkMvnxpGyZ5bOirrxUC6rJQ/getUpdates?offset=95087094&timeout=20 (Caused by NameResolutionError("HTTPSConnection(host='api.telegram.org', port=443): Failed to resolve 'api.telegram.org' ([Errno 11001] getaddrinfo failed)"))
2026-03-31 02:29:20,257 - TeleBot - ERROR - Exception traceback:
Traceback (most recent call last):
  File "D:\Users\Desktop\automator_project\venv\Lib\site-packages\urllib3\connection.py", line 204, in _new_conn
    sock = connection.create_connection(
        (self._dns_host, self.port),
    ...<2 lines>...
        socket_options=self.socket_options,
    )
  File "D:\Users\Desktop\automator_project\venv\Lib\site-packages\urllib3\util\connection.py", line 60, in create_connection
    for res in socket.getaddrinfo(host, port, family, socket.SOCK_STREAM):
               ~~~~~~~~~~~~~~~~~~^^^^^^^^^^^^^^^^^^^^^^^^^^^^^^^^^^^^^^^^
  File "C:\Users\Simonoviya\AppData\Local\Programs\Python\Python314\Lib\socket.py", line 983, in getaddrinfo
    for res in _socket.getaddrinfo(host, port, family, type, proto, flags):
               ~~~~~~~~~~~~~~~~~~~^^^^^^^^^^^^^^^^^^^^^^^^^^^^^^^^^^^^^^^^
socket.gaierror: [Errno 11001] getaddrinfo failed

The above exception was the direct cause of the following exception:

Traceback (most recent call last):
  File "D:\Users\Desktop\automator_project\venv\Lib\site-packages\urllib3\connectionpool.py", line 787, in urlopen
    response = self._make_request(
        conn,
    ...<10 lines>...
        **response_kw,
    )
  File "D:\Users\Desktop\automator_project\venv\Lib\site-packages\urllib3\connectionpool.py", line 488, in _make_request
    raise new_e
  File "D:\Users\Desktop\automator_project\venv\Lib\site-packages\urllib3\connectionpool.py", line 464, in _make_request
    self._validate_conn(conn)
    ~~~~~~~~~~~~~~~~~~~^^^^^^
  File "D:\Users\Desktop\automator_project\venv\Lib\site-packages\urllib3\connectionpool.py", line 1093, in _validate_conn
    conn.connect()
    ~~~~~~~~~~~~^^
  File "D:\Users\Desktop\automator_project\venv\Lib\site-packages\urllib3\connection.py", line 759, in connect
    self.sock = sock = self._new_conn()
                       ~~~~~~~~~~~~~~^^
  File "D:\Users\Desktop\automator_project\venv\Lib\site-packages\urllib3\connection.py", line 211, in _new_conn
    raise NameResolutionError(self.host, self, e) from e
urllib3.exceptions.NameResolutionError: HTTPSConnection(host='api.telegram.org', port=443): Failed to resolve 'api.telegram.org' ([Errno 11001] getaddrinfo failed)

The above exception was the direct cause of the following exception:

Traceback (most recent call last):
  File "D:\Users\Desktop\automator_project\venv\Lib\site-packages\requests\adapters.py", line 486, in send
    resp = conn.urlopen(
        method=request.method,
    ...<9 lines>...
        chunked=chunked,
    )
  File "D:\Users\Desktop\automator_project\venv\Lib\site-packages\urllib3\connectionpool.py", line 841, in urlopen
    retries = retries.increment(
        method, url, error=new_e, _pool=self, _stacktrace=sys.exc_info()[2]
    )
  File "D:\Users\Desktop\automator_project\venv\Lib\site-packages\urllib3\util\retry.py", line 535, in increment
    raise MaxRetryError(_pool, url, reason) from reason  # type: ignore[arg-type]
    ^^^^^^^^^^^^^^^^^^^^^^^^^^^^^^^^^^^^^^^^^^^^^^^^^^^
urllib3.exceptions.MaxRetryError: HTTPSConnectionPool(host='api.telegram.org', port=443): Max retries exceeded with url: /bot8730236171:AAFy_65gvPbjYkMvnxpGyZ5bOirrxUC6rJQ/getUpdates?offset=95087094&timeout=20 (Caused by NameResolutionError("HTTPSConnection(host='api.telegram.org', port=443): Failed to resolve 'api.telegram.org' ([Errno 11001] getaddrinfo failed)"))

During handling of the above exception, another exception occurred:

Traceback (most recent call last):
  File "D:\Users\Desktop\automator_project\venv\Lib\site-packages\telebot\__init__.py", line 1016, in infinity_polling
    self.polling(non_stop=True, timeout=timeout, long_polling_timeout=long_polling_timeout,
    ~~~~~~~~~~~~^^^^^^^^^^^^^^^^^^^^^^^^^^^^^^^^^^^^^^^^^^^^^^^^^^^^^^^^^^^^^^^^^^^^^^^^^^^
                 logger_level=logger_level, allowed_updates=allowed_updates, restart_on_change=False,
                 ^^^^^^^^^^^^^^^^^^^^^^^^^^^^^^^^^^^^^^^^^^^^^^^^^^^^^^^^^^^^^^^^^^^^^^^^^^^^^^^^^^^^
                 *args, **kwargs)
                 ^^^^^^^^^^^^^^^^
  File "D:\Users\Desktop\automator_project\venv\Lib\site-packages\telebot\__init__.py", line 1104, in polling
    self.__threaded_polling(non_stop=non_stop, interval=interval, timeout=timeout, long_polling_timeout=long_polling_timeout,
    ~~~~~~~~~~~~~~~~~~~~~~~^^^^^^^^^^^^^^^^^^^^^^^^^^^^^^^^^^^^^^^^^^^^^^^^^^^^^^^^^^^^^^^^^^^^^^^^^^^^^^^^^^^^^^^^^^^^^^^^^^
                            logger_level=logger_level, allowed_updates=allowed_updates)
                            ^^^^^^^^^^^^^^^^^^^^^^^^^^^^^^^^^^^^^^^^^^^^^^^^^^^^^^^^^^^
  File "D:\Users\Desktop\automator_project\venv\Lib\site-packages\telebot\__init__.py", line 1179, in __threaded_polling
    raise e
  File "D:\Users\Desktop\automator_project\venv\Lib\site-packages\telebot\__init__.py", line 1140, in __threaded_polling
    polling_thread.raise_exceptions()
    ~~~~~~~~~~~~~~~~~~~~~~~~~~~~~~~^^
  File "D:\Users\Desktop\automator_project\venv\Lib\site-packages\telebot\util.py", line 110, in raise_exceptions
    raise self.exception_info
  File "D:\Users\Desktop\automator_project\venv\Lib\site-packages\telebot\util.py", line 92, in run
    task(*args, **kwargs)
    ~~~~^^^^^^^^^^^^^^^^^
  File "D:\Users\Desktop\automator_project\venv\Lib\site-packages\telebot\__init__.py", line 661, in __retrieve_updates
    updates = self.get_updates(offset=(self.last_update_id + 1),
                               allowed_updates=allowed_updates,
                               timeout=timeout, long_polling_timeout=long_polling_timeout)
  File "D:\Users\Desktop\automator_project\venv\Lib\site-packages\telebot\__init__.py", line 633, in get_updates
    json_updates = apihelper.get_updates(
        self.token, offset=offset, limit=limit, timeout=timeout, allowed_updates=allowed_updates,
        long_polling_timeout=long_polling_timeout)
  File "D:\Users\Desktop\automator_project\venv\Lib\site-packages\telebot\apihelper.py", line 321, in get_updates
    return _make_request(token, method_url, params=payload)
  File "D:\Users\Desktop\automator_project\venv\Lib\site-packages\telebot\apihelper.py", line 158, in _make_request
    result = _get_req_session().request(
        method, request_url, params=params, files=files,
        timeout=(connect_timeout, read_timeout), proxies=proxy)
  File "D:\Users\Desktop\automator_project\venv\Lib\site-packages\requests\sessions.py", line 589, in request
    resp = self.send(prep, **send_kwargs)
  File "D:\Users\Desktop\automator_project\venv\Lib\site-packages\requests\sessions.py", line 703, in send
    r = adapter.send(request, **kwargs)
  File "D:\Users\Desktop\automator_project\venv\Lib\site-packages\requests\adapters.py", line 519, in send
    raise ConnectionError(e, request=request)
requests.exceptions.ConnectionError: HTTPSConnectionPool(host='api.telegram.org', port=443): Max retries exceeded with url: /bot8730236171:AAFy_65gvPbjYkMvnxpGyZ5bOirrxUC6rJQ/getUpdates?offset=95087094&timeout=20 (Caused by NameResolutionError("HTTPSConnection(host='api.telegram.org', port=443): Failed to resolve 'api.telegram.org' ([Errno 11001] getaddrinfo failed)"))

2026-03-31 02:29:34,737 - TeleBot - ERROR - Infinity polling exception: HTTPSConnectionPool(host='api.telegram.org', port=443): Max retries exceeded with url: /bot8730236171:AAFy_65gvPbjYkMvnxpGyZ5bOirrxUC6rJQ/getUpdates?offset=95087094&timeout=20 (Caused by NameResolutionError("HTTPSConnection(host='api.telegram.org', port=443): Failed to resolve 'api.telegram.org' ([Errno 11001] getaddrinfo failed)"))
2026-03-31 02:29:34,747 - TeleBot - ERROR - Exception traceback:
Traceback (most recent call last):
  File "D:\Users\Desktop\automator_project\venv\Lib\site-packages\urllib3\connection.py", line 204, in _new_conn
    sock = connection.create_connection(
        (self._dns_host, self.port),
    ...<2 lines>...
        socket_options=self.socket_options,
    )
  File "D:\Users\Desktop\automator_project\venv\Lib\site-packages\urllib3\util\connection.py", line 60, in create_connection
    for res in socket.getaddrinfo(host, port, family, socket.SOCK_STREAM):
               ~~~~~~~~~~~~~~~~~~^^^^^^^^^^^^^^^^^^^^^^^^^^^^^^^^^^^^^^^^
  File "C:\Users\Simonoviya\AppData\Local\Programs\Python\Python314\Lib\socket.py", line 983, in getaddrinfo
    for res in _socket.getaddrinfo(host, port, family, type, proto, flags):
               ~~~~~~~~~~~~~~~~~~~^^^^^^^^^^^^^^^^^^^^^^^^^^^^^^^^^^^^^^^^
socket.gaierror: [Errno 11001] getaddrinfo failed

The above exception was the direct cause of the following exception:

Traceback (most recent call last):
  File "D:\Users\Desktop\automator_project\venv\Lib\site-packages\urllib3\connectionpool.py", line 787, in urlopen
    response = self._make_request(
        conn,
    ...<10 lines>...
        **response_kw,
    )
  File "D:\Users\Desktop\automator_project\venv\Lib\site-packages\urllib3\connectionpool.py", line 488, in _make_request
    raise new_e
  File "D:\Users\Desktop\automator_project\venv\Lib\site-packages\urllib3\connectionpool.py", line 464, in _make_request
    self._validate_conn(conn)
    ~~~~~~~~~~~~~~~~~~~^^^^^^
  File "D:\Users\Desktop\automator_project\venv\Lib\site-packages\urllib3\connectionpool.py", line 1093, in _validate_conn
    conn.connect()
    ~~~~~~~~~~~~^^
  File "D:\Users\Desktop\automator_project\venv\Lib\site-packages\urllib3\connection.py", line 759, in connect
    self.sock = sock = self._new_conn()
                       ~~~~~~~~~~~~~~^^
  File "D:\Users\Desktop\automator_project\venv\Lib\site-packages\urllib3\connection.py", line 211, in _new_conn
    raise NameResolutionError(self.host, self, e) from e
urllib3.exceptions.NameResolutionError: HTTPSConnection(host='api.telegram.org', port=443): Failed to resolve 'api.telegram.org' ([Errno 11001] getaddrinfo failed)

The above exception was the direct cause of the following exception:

Traceback (most recent call last):
  File "D:\Users\Desktop\automator_project\venv\Lib\site-packages\requests\adapters.py", line 486, in send
    resp = conn.urlopen(
        method=request.method,
    ...<9 lines>...
        chunked=chunked,
    )
  File "D:\Users\Desktop\automator_project\venv\Lib\site-packages\urllib3\connectionpool.py", line 841, in urlopen
    retries = retries.increment(
        method, url, error=new_e, _pool=self, _stacktrace=sys.exc_info()[2]
    )
  File "D:\Users\Desktop\automator_project\venv\Lib\site-packages\urllib3\util\retry.py", line 535, in increment
    raise MaxRetryError(_pool, url, reason) from reason  # type: ignore[arg-type]
    ^^^^^^^^^^^^^^^^^^^^^^^^^^^^^^^^^^^^^^^^^^^^^^^^^^^
urllib3.exceptions.MaxRetryError: HTTPSConnectionPool(host='api.telegram.org', port=443): Max retries exceeded with url: /bot8730236171:AAFy_65gvPbjYkMvnxpGyZ5bOirrxUC6rJQ/getUpdates?offset=95087094&timeout=20 (Caused by NameResolutionError("HTTPSConnection(host='api.telegram.org', port=443): Failed to resolve 'api.telegram.org' ([Errno 11001] getaddrinfo failed)"))

During handling of the above exception, another exception occurred:

Traceback (most recent call last):
  File "D:\Users\Desktop\automator_project\venv\Lib\site-packages\telebot\__init__.py", line 1016, in infinity_polling
    self.polling(non_stop=True, timeout=timeout, long_polling_timeout=long_polling_timeout,
    ~~~~~~~~~~~~^^^^^^^^^^^^^^^^^^^^^^^^^^^^^^^^^^^^^^^^^^^^^^^^^^^^^^^^^^^^^^^^^^^^^^^^^^^
                 logger_level=logger_level, allowed_updates=allowed_updates, restart_on_change=False,
                 ^^^^^^^^^^^^^^^^^^^^^^^^^^^^^^^^^^^^^^^^^^^^^^^^^^^^^^^^^^^^^^^^^^^^^^^^^^^^^^^^^^^^
                 *args, **kwargs)
                 ^^^^^^^^^^^^^^^^
  File "D:\Users\Desktop\automator_project\venv\Lib\site-packages\telebot\__init__.py", line 1104, in polling
    self.__threaded_polling(non_stop=non_stop, interval=interval, timeout=timeout, long_polling_timeout=long_polling_timeout,
    ~~~~~~~~~~~~~~~~~~~~~~~^^^^^^^^^^^^^^^^^^^^^^^^^^^^^^^^^^^^^^^^^^^^^^^^^^^^^^^^^^^^^^^^^^^^^^^^^^^^^^^^^^^^^^^^^^^^^^^^^^
                            logger_level=logger_level, allowed_updates=allowed_updates)
                            ^^^^^^^^^^^^^^^^^^^^^^^^^^^^^^^^^^^^^^^^^^^^^^^^^^^^^^^^^^^
  File "D:\Users\Desktop\automator_project\venv\Lib\site-packages\telebot\__init__.py", line 1179, in __threaded_polling
    raise e
  File "D:\Users\Desktop\automator_project\venv\Lib\site-packages\telebot\__init__.py", line 1140, in __threaded_polling
    polling_thread.raise_exceptions()
    ~~~~~~~~~~~~~~~~~~~~~~~~~~~~~~~^^
  File "D:\Users\Desktop\automator_project\venv\Lib\site-packages\telebot\util.py", line 110, in raise_exceptions
    raise self.exception_info
  File "D:\Users\Desktop\automator_project\venv\Lib\site-packages\telebot\util.py", line 92, in run
    task(*args, **kwargs)
    ~~~~^^^^^^^^^^^^^^^^^
  File "D:\Users\Desktop\automator_project\venv\Lib\site-packages\telebot\__init__.py", line 661, in __retrieve_updates
    updates = self.get_updates(offset=(self.last_update_id + 1),
                               allowed_updates=allowed_updates,
                               timeout=timeout, long_polling_timeout=long_polling_timeout)
  File "D:\Users\Desktop\automator_project\venv\Lib\site-packages\telebot\__init__.py", line 633, in get_updates
    json_updates = apihelper.get_updates(
        self.token, offset=offset, limit=limit, timeout=timeout, allowed_updates=allowed_updates,
        long_polling_timeout=long_polling_timeout)
  File "D:\Users\Desktop\automator_project\venv\Lib\site-packages\telebot\apihelper.py", line 321, in get_updates
    return _make_request(token, method_url, params=payload)
  File "D:\Users\Desktop\automator_project\venv\Lib\site-packages\telebot\apihelper.py", line 158, in _make_request
    result = _get_req_session().request(
        method, request_url, params=params, files=files,
        timeout=(connect_timeout, read_timeout), proxies=proxy)
  File "D:\Users\Desktop\automator_project\venv\Lib\site-packages\requests\sessions.py", line 589, in request
    resp = self.send(prep, **send_kwargs)
  File "D:\Users\Desktop\automator_project\venv\Lib\site-packages\requests\sessions.py", line 703, in send
    r = adapter.send(request, **kwargs)
  File "D:\Users\Desktop\automator_project\venv\Lib\site-packages\requests\adapters.py", line 519, in send
    raise ConnectionError(e, request=request)
requests.exceptions.ConnectionError: HTTPSConnectionPool(host='api.telegram.org', port=443): Max retries exceeded with url: /bot8730236171:AAFy_65gvPbjYkMvnxpGyZ5bOirrxUC6rJQ/getUpdates?offset=95087094&timeout=20 (Caused by NameResolutionError("HTTPSConnection(host='api.telegram.org', port=443): Failed to resolve 'api.telegram.org' ([Errno 11001] getaddrinfo failed)"))

2026-03-31 02:29:49,258 - TeleBot - ERROR - Infinity polling exception: HTTPSConnectionPool(host='api.telegram.org', port=443): Max retries exceeded with url: /bot8730236171:AAFy_65gvPbjYkMvnxpGyZ5bOirrxUC6rJQ/getUpdates?offset=95087094&timeout=20 (Caused by NameResolutionError("HTTPSConnection(host='api.telegram.org', port=443): Failed to resolve 'api.telegram.org' ([Errno 11001] getaddrinfo failed)"))
2026-03-31 02:29:49,266 - TeleBot - ERROR - Exception traceback:
Traceback (most recent call last):
  File "D:\Users\Desktop\automator_project\venv\Lib\site-packages\urllib3\connection.py", line 204, in _new_conn
    sock = connection.create_connection(
        (self._dns_host, self.port),
    ...<2 lines>...
        socket_options=self.socket_options,
    )
  File "D:\Users\Desktop\automator_project\venv\Lib\site-packages\urllib3\util\connection.py", line 60, in create_connection
    for res in socket.getaddrinfo(host, port, family, socket.SOCK_STREAM):
               ~~~~~~~~~~~~~~~~~~^^^^^^^^^^^^^^^^^^^^^^^^^^^^^^^^^^^^^^^^
  File "C:\Users\Simonoviya\AppData\Local\Programs\Python\Python314\Lib\socket.py", line 983, in getaddrinfo
    for res in _socket.getaddrinfo(host, port, family, type, proto, flags):
               ~~~~~~~~~~~~~~~~~~~^^^^^^^^^^^^^^^^^^^^^^^^^^^^^^^^^^^^^^^^
socket.gaierror: [Errno 11001] getaddrinfo failed

The above exception was the direct cause of the following exception:

Traceback (most recent call last):
  File "D:\Users\Desktop\automator_project\venv\Lib\site-packages\urllib3\connectionpool.py", line 787, in urlopen
    response = self._make_request(
        conn,
    ...<10 lines>...
        **response_kw,
    )
  File "D:\Users\Desktop\automator_project\venv\Lib\site-packages\urllib3\connectionpool.py", line 488, in _make_request
    raise new_e
  File "D:\Users\Desktop\automator_project\venv\Lib\site-packages\urllib3\connectionpool.py", line 464, in _make_request
    self._validate_conn(conn)
    ~~~~~~~~~~~~~~~~~~~^^^^^^
  File "D:\Users\Desktop\automator_project\venv\Lib\site-packages\urllib3\connectionpool.py", line 1093, in _validate_conn
    conn.connect()
    ~~~~~~~~~~~~^^
  File "D:\Users\Desktop\automator_project\venv\Lib\site-packages\urllib3\connection.py", line 759, in connect
    self.sock = sock = self._new_conn()
                       ~~~~~~~~~~~~~~^^
  File "D:\Users\Desktop\automator_project\venv\Lib\site-packages\urllib3\connection.py", line 211, in _new_conn
    raise NameResolutionError(self.host, self, e) from e
urllib3.exceptions.NameResolutionError: HTTPSConnection(host='api.telegram.org', port=443): Failed to resolve 'api.telegram.org' ([Errno 11001] getaddrinfo failed)

The above exception was the direct cause of the following exception:

Traceback (most recent call last):
  File "D:\Users\Desktop\automator_project\venv\Lib\site-packages\requests\adapters.py", line 486, in send
    resp = conn.urlopen(
        method=request.method,
    ...<9 lines>...
        chunked=chunked,
    )
  File "D:\Users\Desktop\automator_project\venv\Lib\site-packages\urllib3\connectionpool.py", line 841, in urlopen
    retries = retries.increment(
        method, url, error=new_e, _pool=self, _stacktrace=sys.exc_info()[2]
    )
  File "D:\Users\Desktop\automator_project\venv\Lib\site-packages\urllib3\util\retry.py", line 535, in increment
    raise MaxRetryError(_pool, url, reason) from reason  # type: ignore[arg-type]
    ^^^^^^^^^^^^^^^^^^^^^^^^^^^^^^^^^^^^^^^^^^^^^^^^^^^
urllib3.exceptions.MaxRetryError: HTTPSConnectionPool(host='api.telegram.org', port=443): Max retries exceeded with url: /bot8730236171:AAFy_65gvPbjYkMvnxpGyZ5bOirrxUC6rJQ/getUpdates?offset=95087094&timeout=20 (Caused by NameResolutionError("HTTPSConnection(host='api.telegram.org', port=443): Failed to resolve 'api.telegram.org' ([Errno 11001] getaddrinfo failed)"))

During handling of the above exception, another exception occurred:

Traceback (most recent call last):
  File "D:\Users\Desktop\automator_project\venv\Lib\site-packages\telebot\__init__.py", line 1016, in infinity_polling
    self.polling(non_stop=True, timeout=timeout, long_polling_timeout=long_polling_timeout,
    ~~~~~~~~~~~~^^^^^^^^^^^^^^^^^^^^^^^^^^^^^^^^^^^^^^^^^^^^^^^^^^^^^^^^^^^^^^^^^^^^^^^^^^^
                 logger_level=logger_level, allowed_updates=allowed_updates, restart_on_change=False,
                 ^^^^^^^^^^^^^^^^^^^^^^^^^^^^^^^^^^^^^^^^^^^^^^^^^^^^^^^^^^^^^^^^^^^^^^^^^^^^^^^^^^^^
                 *args, **kwargs)
                 ^^^^^^^^^^^^^^^^
  File "D:\Users\Desktop\automator_project\venv\Lib\site-packages\telebot\__init__.py", line 1104, in polling
    self.__threaded_polling(non_stop=non_stop, interval=interval, timeout=timeout, long_polling_timeout=long_polling_timeout,
    ~~~~~~~~~~~~~~~~~~~~~~~^^^^^^^^^^^^^^^^^^^^^^^^^^^^^^^^^^^^^^^^^^^^^^^^^^^^^^^^^^^^^^^^^^^^^^^^^^^^^^^^^^^^^^^^^^^^^^^^^^
                            logger_level=logger_level, allowed_updates=allowed_updates)
                            ^^^^^^^^^^^^^^^^^^^^^^^^^^^^^^^^^^^^^^^^^^^^^^^^^^^^^^^^^^^
  File "D:\Users\Desktop\automator_project\venv\Lib\site-packages\telebot\__init__.py", line 1179, in __threaded_polling
    raise e
  File "D:\Users\Desktop\automator_project\venv\Lib\site-packages\telebot\__init__.py", line 1140, in __threaded_polling
    polling_thread.raise_exceptions()
    ~~~~~~~~~~~~~~~~~~~~~~~~~~~~~~~^^
  File "D:\Users\Desktop\automator_project\venv\Lib\site-packages\telebot\util.py", line 110, in raise_exceptions
    raise self.exception_info
  File "D:\Users\Desktop\automator_project\venv\Lib\site-packages\telebot\util.py", line 92, in run
    task(*args, **kwargs)
    ~~~~^^^^^^^^^^^^^^^^^
  File "D:\Users\Desktop\automator_project\venv\Lib\site-packages\telebot\__init__.py", line 661, in __retrieve_updates
    updates = self.get_updates(offset=(self.last_update_id + 1),
                               allowed_updates=allowed_updates,
                               timeout=timeout, long_polling_timeout=long_polling_timeout)
  File "D:\Users\Desktop\automator_project\venv\Lib\site-packages\telebot\__init__.py", line 633, in get_updates
    json_updates = apihelper.get_updates(
        self.token, offset=offset, limit=limit, timeout=timeout, allowed_updates=allowed_updates,
        long_polling_timeout=long_polling_timeout)
  File "D:\Users\Desktop\automator_project\venv\Lib\site-packages\telebot\apihelper.py", line 321, in get_updates
    return _make_request(token, method_url, params=payload)
  File "D:\Users\Desktop\automator_project\venv\Lib\site-packages\telebot\apihelper.py", line 158, in _make_request
    result = _get_req_session().request(
        method, request_url, params=params, files=files,
        timeout=(connect_timeout, read_timeout), proxies=proxy)
  File "D:\Users\Desktop\automator_project\venv\Lib\site-packages\requests\sessions.py", line 589, in request
    resp = self.send(prep, **send_kwargs)
  File "D:\Users\Desktop\automator_project\venv\Lib\site-packages\requests\sessions.py", line 703, in send
    r = adapter.send(request, **kwargs)
  File "D:\Users\Desktop\automator_project\venv\Lib\site-packages\requests\adapters.py", line 519, in send
    raise ConnectionError(e, request=request)
requests.exceptions.ConnectionError: HTTPSConnectionPool(host='api.telegram.org', port=443): Max retries exceeded with url: /bot8730236171:AAFy_65gvPbjYkMvnxpGyZ5bOirrxUC6rJQ/getUpdates?offset=95087094&timeout=20 (Caused by NameResolutionError("HTTPSConnection(host='api.telegram.org', port=443): Failed to resolve 'api.telegram.org' ([Errno 11001] getaddrinfo failed)"))

2026-03-31 02:30:03,852 - TeleBot - ERROR - Infinity polling exception: HTTPSConnectionPool(host='api.telegram.org', port=443): Max retries exceeded with url: /bot8730236171:AAFy_65gvPbjYkMvnxpGyZ5bOirrxUC6rJQ/getUpdates?offset=95087094&timeout=20 (Caused by NameResolutionError("HTTPSConnection(host='api.telegram.org', port=443): Failed to resolve 'api.telegram.org' ([Errno 11001] getaddrinfo failed)"))
2026-03-31 02:30:03,920 - TeleBot - ERROR - Exception traceback:
Traceback (most recent call last):
  File "D:\Users\Desktop\automator_project\venv\Lib\site-packages\urllib3\connection.py", line 204, in _new_conn
    sock = connection.create_connection(
        (self._dns_host, self.port),
    ...<2 lines>...
        socket_options=self.socket_options,
    )
  File "D:\Users\Desktop\automator_project\venv\Lib\site-packages\urllib3\util\connection.py", line 60, in create_connection
    for res in socket.getaddrinfo(host, port, family, socket.SOCK_STREAM):
               ~~~~~~~~~~~~~~~~~~^^^^^^^^^^^^^^^^^^^^^^^^^^^^^^^^^^^^^^^^
  File "C:\Users\Simonoviya\AppData\Local\Programs\Python\Python314\Lib\socket.py", line 983, in getaddrinfo
    for res in _socket.getaddrinfo(host, port, family, type, proto, flags):
               ~~~~~~~~~~~~~~~~~~~^^^^^^^^^^^^^^^^^^^^^^^^^^^^^^^^^^^^^^^^
socket.gaierror: [Errno 11001] getaddrinfo failed

The above exception was the direct cause of the following exception:

Traceback (most recent call last):
  File "D:\Users\Desktop\automator_project\venv\Lib\site-packages\urllib3\connectionpool.py", line 787, in urlopen
    response = self._make_request(
        conn,
    ...<10 lines>...
        **response_kw,
    )
  File "D:\Users\Desktop\automator_project\venv\Lib\site-packages\urllib3\connectionpool.py", line 488, in _make_request
    raise new_e
  File "D:\Users\Desktop\automator_project\venv\Lib\site-packages\urllib3\connectionpool.py", line 464, in _make_request
    self._validate_conn(conn)
    ~~~~~~~~~~~~~~~~~~~^^^^^^
  File "D:\Users\Desktop\automator_project\venv\Lib\site-packages\urllib3\connectionpool.py", line 1093, in _validate_conn
    conn.connect()
    ~~~~~~~~~~~~^^
  File "D:\Users\Desktop\automator_project\venv\Lib\site-packages\urllib3\connection.py", line 759, in connect
    self.sock = sock = self._new_conn()
                       ~~~~~~~~~~~~~~^^
  File "D:\Users\Desktop\automator_project\venv\Lib\site-packages\urllib3\connection.py", line 211, in _new_conn
    raise NameResolutionError(self.host, self, e) from e
urllib3.exceptions.NameResolutionError: HTTPSConnection(host='api.telegram.org', port=443): Failed to resolve 'api.telegram.org' ([Errno 11001] getaddrinfo failed)

The above exception was the direct cause of the following exception:

Traceback (most recent call last):
  File "D:\Users\Desktop\automator_project\venv\Lib\site-packages\requests\adapters.py", line 486, in send
    resp = conn.urlopen(
        method=request.method,
    ...<9 lines>...
        chunked=chunked,
    )
  File "D:\Users\Desktop\automator_project\venv\Lib\site-packages\urllib3\connectionpool.py", line 841, in urlopen
    retries = retries.increment(
        method, url, error=new_e, _pool=self, _stacktrace=sys.exc_info()[2]
    )
  File "D:\Users\Desktop\automator_project\venv\Lib\site-packages\urllib3\util\retry.py", line 535, in increment
    raise MaxRetryError(_pool, url, reason) from reason  # type: ignore[arg-type]
    ^^^^^^^^^^^^^^^^^^^^^^^^^^^^^^^^^^^^^^^^^^^^^^^^^^^
urllib3.exceptions.MaxRetryError: HTTPSConnectionPool(host='api.telegram.org', port=443): Max retries exceeded with url: /bot8730236171:AAFy_65gvPbjYkMvnxpGyZ5bOirrxUC6rJQ/getUpdates?offset=95087094&timeout=20 (Caused by NameResolutionError("HTTPSConnection(host='api.telegram.org', port=443): Failed to resolve 'api.telegram.org' ([Errno 11001] getaddrinfo failed)"))

During handling of the above exception, another exception occurred:

Traceback (most recent call last):
  File "D:\Users\Desktop\automator_project\venv\Lib\site-packages\telebot\__init__.py", line 1016, in infinity_polling
    self.polling(non_stop=True, timeout=timeout, long_polling_timeout=long_polling_timeout,
    ~~~~~~~~~~~~^^^^^^^^^^^^^^^^^^^^^^^^^^^^^^^^^^^^^^^^^^^^^^^^^^^^^^^^^^^^^^^^^^^^^^^^^^^
                 logger_level=logger_level, allowed_updates=allowed_updates, restart_on_change=False,
                 ^^^^^^^^^^^^^^^^^^^^^^^^^^^^^^^^^^^^^^^^^^^^^^^^^^^^^^^^^^^^^^^^^^^^^^^^^^^^^^^^^^^^
                 *args, **kwargs)
                 ^^^^^^^^^^^^^^^^
  File "D:\Users\Desktop\automator_project\venv\Lib\site-packages\telebot\__init__.py", line 1104, in polling
    self.__threaded_polling(non_stop=non_stop, interval=interval, timeout=timeout, long_polling_timeout=long_polling_timeout,
    ~~~~~~~~~~~~~~~~~~~~~~~^^^^^^^^^^^^^^^^^^^^^^^^^^^^^^^^^^^^^^^^^^^^^^^^^^^^^^^^^^^^^^^^^^^^^^^^^^^^^^^^^^^^^^^^^^^^^^^^^^
                            logger_level=logger_level, allowed_updates=allowed_updates)
                            ^^^^^^^^^^^^^^^^^^^^^^^^^^^^^^^^^^^^^^^^^^^^^^^^^^^^^^^^^^^
  File "D:\Users\Desktop\automator_project\venv\Lib\site-packages\telebot\__init__.py", line 1179, in __threaded_polling
    raise e
  File "D:\Users\Desktop\automator_project\venv\Lib\site-packages\telebot\__init__.py", line 1140, in __threaded_polling
    polling_thread.raise_exceptions()
    ~~~~~~~~~~~~~~~~~~~~~~~~~~~~~~~^^
  File "D:\Users\Desktop\automator_project\venv\Lib\site-packages\telebot\util.py", line 110, in raise_exceptions
    raise self.exception_info
  File "D:\Users\Desktop\automator_project\venv\Lib\site-packages\telebot\util.py", line 92, in run
    task(*args, **kwargs)
    ~~~~^^^^^^^^^^^^^^^^^
  File "D:\Users\Desktop\automator_project\venv\Lib\site-packages\telebot\__init__.py", line 661, in __retrieve_updates
    updates = self.get_updates(offset=(self.last_update_id + 1),
                               allowed_updates=allowed_updates,
                               timeout=timeout, long_polling_timeout=long_polling_timeout)
  File "D:\Users\Desktop\automator_project\venv\Lib\site-packages\telebot\__init__.py", line 633, in get_updates
    json_updates = apihelper.get_updates(
        self.token, offset=offset, limit=limit, timeout=timeout, allowed_updates=allowed_updates,
        long_polling_timeout=long_polling_timeout)
  File "D:\Users\Desktop\automator_project\venv\Lib\site-packages\telebot\apihelper.py", line 321, in get_updates
    return _make_request(token, method_url, params=payload)
  File "D:\Users\Desktop\automator_project\venv\Lib\site-packages\telebot\apihelper.py", line 158, in _make_request
    result = _get_req_session().request(
        method, request_url, params=params, files=files,
        timeout=(connect_timeout, read_timeout), proxies=proxy)
  File "D:\Users\Desktop\automator_project\venv\Lib\site-packages\requests\sessions.py", line 589, in request
    resp = self.send(prep, **send_kwargs)
  File "D:\Users\Desktop\automator_project\venv\Lib\site-packages\requests\sessions.py", line 703, in send
    r = adapter.send(request, **kwargs)
  File "D:\Users\Desktop\automator_project\venv\Lib\site-packages\requests\adapters.py", line 519, in send
    raise ConnectionError(e, request=request)
requests.exceptions.ConnectionError: HTTPSConnectionPool(host='api.telegram.org', port=443): Max retries exceeded with url: /bot8730236171:AAFy_65gvPbjYkMvnxpGyZ5bOirrxUC6rJQ/getUpdates?offset=95087094&timeout=20 (Caused by NameResolutionError("HTTPSConnection(host='api.telegram.org', port=443): Failed to resolve 'api.telegram.org' ([Errno 11001] getaddrinfo failed)"))

2026-03-31 02:30:18,427 - TeleBot - ERROR - Infinity polling exception: HTTPSConnectionPool(host='api.telegram.org', port=443): Max retries exceeded with url: /bot8730236171:AAFy_65gvPbjYkMvnxpGyZ5bOirrxUC6rJQ/getUpdates?offset=95087094&timeout=20 (Caused by NameResolutionError("HTTPSConnection(host='api.telegram.org', port=443): Failed to resolve 'api.telegram.org' ([Errno 11001] getaddrinfo failed)"))
2026-03-31 02:30:18,434 - TeleBot - ERROR - Exception traceback:
Traceback (most recent call last):
  File "D:\Users\Desktop\automator_project\venv\Lib\site-packages\urllib3\connection.py", line 204, in _new_conn
    sock = connection.create_connection(
        (self._dns_host, self.port),
    ...<2 lines>...
        socket_options=self.socket_options,
    )
  File "D:\Users\Desktop\automator_project\venv\Lib\site-packages\urllib3\util\connection.py", line 60, in create_connection
    for res in socket.getaddrinfo(host, port, family, socket.SOCK_STREAM):
               ~~~~~~~~~~~~~~~~~~^^^^^^^^^^^^^^^^^^^^^^^^^^^^^^^^^^^^^^^^
  File "C:\Users\Simonoviya\AppData\Local\Programs\Python\Python314\Lib\socket.py", line 983, in getaddrinfo
    for res in _socket.getaddrinfo(host, port, family, type, proto, flags):
               ~~~~~~~~~~~~~~~~~~~^^^^^^^^^^^^^^^^^^^^^^^^^^^^^^^^^^^^^^^^
socket.gaierror: [Errno 11001] getaddrinfo failed

The above exception was the direct cause of the following exception:

Traceback (most recent call last):
  File "D:\Users\Desktop\automator_project\venv\Lib\site-packages\urllib3\connectionpool.py", line 787, in urlopen
    response = self._make_request(
        conn,
    ...<10 lines>...
        **response_kw,
    )
  File "D:\Users\Desktop\automator_project\venv\Lib\site-packages\urllib3\connectionpool.py", line 488, in _make_request
    raise new_e
  File "D:\Users\Desktop\automator_project\venv\Lib\site-packages\urllib3\connectionpool.py", line 464, in _make_request
    self._validate_conn(conn)
    ~~~~~~~~~~~~~~~~~~~^^^^^^
  File "D:\Users\Desktop\automator_project\venv\Lib\site-packages\urllib3\connectionpool.py", line 1093, in _validate_conn
    conn.connect()
    ~~~~~~~~~~~~^^
  File "D:\Users\Desktop\automator_project\venv\Lib\site-packages\urllib3\connection.py", line 759, in connect
    self.sock = sock = self._new_conn()
                       ~~~~~~~~~~~~~~^^
  File "D:\Users\Desktop\automator_project\venv\Lib\site-packages\urllib3\connection.py", line 211, in _new_conn
    raise NameResolutionError(self.host, self, e) from e
urllib3.exceptions.NameResolutionError: HTTPSConnection(host='api.telegram.org', port=443): Failed to resolve 'api.telegram.org' ([Errno 11001] getaddrinfo failed)

The above exception was the direct cause of the following exception:

Traceback (most recent call last):
  File "D:\Users\Desktop\automator_project\venv\Lib\site-packages\requests\adapters.py", line 486, in send
    resp = conn.urlopen(
        method=request.method,
    ...<9 lines>...
        chunked=chunked,
    )
  File "D:\Users\Desktop\automator_project\venv\Lib\site-packages\urllib3\connectionpool.py", line 841, in urlopen
    retries = retries.increment(
        method, url, error=new_e, _pool=self, _stacktrace=sys.exc_info()[2]
    )
  File "D:\Users\Desktop\automator_project\venv\Lib\site-packages\urllib3\util\retry.py", line 535, in increment
    raise MaxRetryError(_pool, url, reason) from reason  # type: ignore[arg-type]
    ^^^^^^^^^^^^^^^^^^^^^^^^^^^^^^^^^^^^^^^^^^^^^^^^^^^
urllib3.exceptions.MaxRetryError: HTTPSConnectionPool(host='api.telegram.org', port=443): Max retries exceeded with url: /bot8730236171:AAFy_65gvPbjYkMvnxpGyZ5bOirrxUC6rJQ/getUpdates?offset=95087094&timeout=20 (Caused by NameResolutionError("HTTPSConnection(host='api.telegram.org', port=443): Failed to resolve 'api.telegram.org' ([Errno 11001] getaddrinfo failed)"))

During handling of the above exception, another exception occurred:

Traceback (most recent call last):
  File "D:\Users\Desktop\automator_project\venv\Lib\site-packages\telebot\__init__.py", line 1016, in infinity_polling
    self.polling(non_stop=True, timeout=timeout, long_polling_timeout=long_polling_timeout,
    ~~~~~~~~~~~~^^^^^^^^^^^^^^^^^^^^^^^^^^^^^^^^^^^^^^^^^^^^^^^^^^^^^^^^^^^^^^^^^^^^^^^^^^^
                 logger_level=logger_level, allowed_updates=allowed_updates, restart_on_change=False,
                 ^^^^^^^^^^^^^^^^^^^^^^^^^^^^^^^^^^^^^^^^^^^^^^^^^^^^^^^^^^^^^^^^^^^^^^^^^^^^^^^^^^^^
                 *args, **kwargs)
                 ^^^^^^^^^^^^^^^^
  File "D:\Users\Desktop\automator_project\venv\Lib\site-packages\telebot\__init__.py", line 1104, in polling
    self.__threaded_polling(non_stop=non_stop, interval=interval, timeout=timeout, long_polling_timeout=long_polling_timeout,
    ~~~~~~~~~~~~~~~~~~~~~~~^^^^^^^^^^^^^^^^^^^^^^^^^^^^^^^^^^^^^^^^^^^^^^^^^^^^^^^^^^^^^^^^^^^^^^^^^^^^^^^^^^^^^^^^^^^^^^^^^^
                            logger_level=logger_level, allowed_updates=allowed_updates)
                            ^^^^^^^^^^^^^^^^^^^^^^^^^^^^^^^^^^^^^^^^^^^^^^^^^^^^^^^^^^^
  File "D:\Users\Desktop\automator_project\venv\Lib\site-packages\telebot\__init__.py", line 1179, in __threaded_polling
    raise e
  File "D:\Users\Desktop\automator_project\venv\Lib\site-packages\telebot\__init__.py", line 1140, in __threaded_polling
    polling_thread.raise_exceptions()
    ~~~~~~~~~~~~~~~~~~~~~~~~~~~~~~~^^
  File "D:\Users\Desktop\automator_project\venv\Lib\site-packages\telebot\util.py", line 110, in raise_exceptions
    raise self.exception_info
  File "D:\Users\Desktop\automator_project\venv\Lib\site-packages\telebot\util.py", line 92, in run
    task(*args, **kwargs)
    ~~~~^^^^^^^^^^^^^^^^^
  File "D:\Users\Desktop\automator_project\venv\Lib\site-packages\telebot\__init__.py", line 661, in __retrieve_updates
    updates = self.get_updates(offset=(self.last_update_id + 1),
                               allowed_updates=allowed_updates,
                               timeout=timeout, long_polling_timeout=long_polling_timeout)
  File "D:\Users\Desktop\automator_project\venv\Lib\site-packages\telebot\__init__.py", line 633, in get_updates
    json_updates = apihelper.get_updates(
        self.token, offset=offset, limit=limit, timeout=timeout, allowed_updates=allowed_updates,
        long_polling_timeout=long_polling_timeout)
  File "D:\Users\Desktop\automator_project\venv\Lib\site-packages\telebot\apihelper.py", line 321, in get_updates
    return _make_request(token, method_url, params=payload)
  File "D:\Users\Desktop\automator_project\venv\Lib\site-packages\telebot\apihelper.py", line 158, in _make_request
    result = _get_req_session().request(
        method, request_url, params=params, files=files,
        timeout=(connect_timeout, read_timeout), proxies=proxy)
  File "D:\Users\Desktop\automator_project\venv\Lib\site-packages\requests\sessions.py", line 589, in request
    resp = self.send(prep, **send_kwargs)
  File "D:\Users\Desktop\automator_project\venv\Lib\site-packages\requests\sessions.py", line 703, in send
    r = adapter.send(request, **kwargs)
  File "D:\Users\Desktop\automator_project\venv\Lib\site-packages\requests\adapters.py", line 519, in send
    raise ConnectionError(e, request=request)
requests.exceptions.ConnectionError: HTTPSConnectionPool(host='api.telegram.org', port=443): Max retries exceeded with url: /bot8730236171:AAFy_65gvPbjYkMvnxpGyZ5bOirrxUC6rJQ/getUpdates?offset=95087094&timeout=20 (Caused by NameResolutionError("HTTPSConnection(host='api.telegram.org', port=443): Failed to resolve 'api.telegram.org' ([Errno 11001] getaddrinfo failed)"))

2026-03-31 02:30:32,932 - TeleBot - ERROR - Infinity polling exception: HTTPSConnectionPool(host='api.telegram.org', port=443): Max retries exceeded with url: /bot8730236171:AAFy_65gvPbjYkMvnxpGyZ5bOirrxUC6rJQ/getUpdates?offset=95087094&timeout=20 (Caused by NameResolutionError("HTTPSConnection(host='api.telegram.org', port=443): Failed to resolve 'api.telegram.org' ([Errno 11001] getaddrinfo failed)"))
2026-03-31 02:30:32,942 - TeleBot - ERROR - Exception traceback:
Traceback (most recent call last):
  File "D:\Users\Desktop\automator_project\venv\Lib\site-packages\urllib3\connection.py", line 204, in _new_conn
    sock = connection.create_connection(
        (self._dns_host, self.port),
    ...<2 lines>...
        socket_options=self.socket_options,
    )
  File "D:\Users\Desktop\automator_project\venv\Lib\site-packages\urllib3\util\connection.py", line 60, in create_connection
    for res in socket.getaddrinfo(host, port, family, socket.SOCK_STREAM):
               ~~~~~~~~~~~~~~~~~~^^^^^^^^^^^^^^^^^^^^^^^^^^^^^^^^^^^^^^^^
  File "C:\Users\Simonoviya\AppData\Local\Programs\Python\Python314\Lib\socket.py", line 983, in getaddrinfo
    for res in _socket.getaddrinfo(host, port, family, type, proto, flags):
               ~~~~~~~~~~~~~~~~~~~^^^^^^^^^^^^^^^^^^^^^^^^^^^^^^^^^^^^^^^^
socket.gaierror: [Errno 11001] getaddrinfo failed

The above exception was the direct cause of the following exception:

Traceback (most recent call last):
  File "D:\Users\Desktop\automator_project\venv\Lib\site-packages\urllib3\connectionpool.py", line 787, in urlopen
    response = self._make_request(
        conn,
    ...<10 lines>...
        **response_kw,
    )
  File "D:\Users\Desktop\automator_project\venv\Lib\site-packages\urllib3\connectionpool.py", line 488, in _make_request
    raise new_e
  File "D:\Users\Desktop\automator_project\venv\Lib\site-packages\urllib3\connectionpool.py", line 464, in _make_request
    self._validate_conn(conn)
    ~~~~~~~~~~~~~~~~~~~^^^^^^
  File "D:\Users\Desktop\automator_project\venv\Lib\site-packages\urllib3\connectionpool.py", line 1093, in _validate_conn
    conn.connect()
    ~~~~~~~~~~~~^^
  File "D:\Users\Desktop\automator_project\venv\Lib\site-packages\urllib3\connection.py", line 759, in connect
    self.sock = sock = self._new_conn()
                       ~~~~~~~~~~~~~~^^
  File "D:\Users\Desktop\automator_project\venv\Lib\site-packages\urllib3\connection.py", line 211, in _new_conn
    raise NameResolutionError(self.host, self, e) from e
urllib3.exceptions.NameResolutionError: HTTPSConnection(host='api.telegram.org', port=443): Failed to resolve 'api.telegram.org' ([Errno 11001] getaddrinfo failed)

The above exception was the direct cause of the following exception:

Traceback (most recent call last):
  File "D:\Users\Desktop\automator_project\venv\Lib\site-packages\requests\adapters.py", line 486, in send
    resp = conn.urlopen(
        method=request.method,
    ...<9 lines>...
        chunked=chunked,
    )
  File "D:\Users\Desktop\automator_project\venv\Lib\site-packages\urllib3\connectionpool.py", line 841, in urlopen
    retries = retries.increment(
        method, url, error=new_e, _pool=self, _stacktrace=sys.exc_info()[2]
    )
  File "D:\Users\Desktop\automator_project\venv\Lib\site-packages\urllib3\util\retry.py", line 535, in increment
    raise MaxRetryError(_pool, url, reason) from reason  # type: ignore[arg-type]
    ^^^^^^^^^^^^^^^^^^^^^^^^^^^^^^^^^^^^^^^^^^^^^^^^^^^
urllib3.exceptions.MaxRetryError: HTTPSConnectionPool(host='api.telegram.org', port=443): Max retries exceeded with url: /bot8730236171:AAFy_65gvPbjYkMvnxpGyZ5bOirrxUC6rJQ/getUpdates?offset=95087094&timeout=20 (Caused by NameResolutionError("HTTPSConnection(host='api.telegram.org', port=443): Failed to resolve 'api.telegram.org' ([Errno 11001] getaddrinfo failed)"))

During handling of the above exception, another exception occurred:

Traceback (most recent call last):
  File "D:\Users\Desktop\automator_project\venv\Lib\site-packages\telebot\__init__.py", line 1016, in infinity_polling
    self.polling(non_stop=True, timeout=timeout, long_polling_timeout=long_polling_timeout,
    ~~~~~~~~~~~~^^^^^^^^^^^^^^^^^^^^^^^^^^^^^^^^^^^^^^^^^^^^^^^^^^^^^^^^^^^^^^^^^^^^^^^^^^^
                 logger_level=logger_level, allowed_updates=allowed_updates, restart_on_change=False,
                 ^^^^^^^^^^^^^^^^^^^^^^^^^^^^^^^^^^^^^^^^^^^^^^^^^^^^^^^^^^^^^^^^^^^^^^^^^^^^^^^^^^^^
                 *args, **kwargs)
                 ^^^^^^^^^^^^^^^^
  File "D:\Users\Desktop\automator_project\venv\Lib\site-packages\telebot\__init__.py", line 1104, in polling
    self.__threaded_polling(non_stop=non_stop, interval=interval, timeout=timeout, long_polling_timeout=long_polling_timeout,
    ~~~~~~~~~~~~~~~~~~~~~~~^^^^^^^^^^^^^^^^^^^^^^^^^^^^^^^^^^^^^^^^^^^^^^^^^^^^^^^^^^^^^^^^^^^^^^^^^^^^^^^^^^^^^^^^^^^^^^^^^^
                            logger_level=logger_level, allowed_updates=allowed_updates)
                            ^^^^^^^^^^^^^^^^^^^^^^^^^^^^^^^^^^^^^^^^^^^^^^^^^^^^^^^^^^^
  File "D:\Users\Desktop\automator_project\venv\Lib\site-packages\telebot\__init__.py", line 1179, in __threaded_polling
    raise e
  File "D:\Users\Desktop\automator_project\venv\Lib\site-packages\telebot\__init__.py", line 1140, in __threaded_polling
    polling_thread.raise_exceptions()
    ~~~~~~~~~~~~~~~~~~~~~~~~~~~~~~~^^
  File "D:\Users\Desktop\automator_project\venv\Lib\site-packages\telebot\util.py", line 110, in raise_exceptions
    raise self.exception_info
  File "D:\Users\Desktop\automator_project\venv\Lib\site-packages\telebot\util.py", line 92, in run
    task(*args, **kwargs)
    ~~~~^^^^^^^^^^^^^^^^^
  File "D:\Users\Desktop\automator_project\venv\Lib\site-packages\telebot\__init__.py", line 661, in __retrieve_updates
    updates = self.get_updates(offset=(self.last_update_id + 1),
                               allowed_updates=allowed_updates,
                               timeout=timeout, long_polling_timeout=long_polling_timeout)
  File "D:\Users\Desktop\automator_project\venv\Lib\site-packages\telebot\__init__.py", line 633, in get_updates
    json_updates = apihelper.get_updates(
        self.token, offset=offset, limit=limit, timeout=timeout, allowed_updates=allowed_updates,
        long_polling_timeout=long_polling_timeout)
  File "D:\Users\Desktop\automator_project\venv\Lib\site-packages\telebot\apihelper.py", line 321, in get_updates
    return _make_request(token, method_url, params=payload)
  File "D:\Users\Desktop\automator_project\venv\Lib\site-packages\telebot\apihelper.py", line 158, in _make_request
    result = _get_req_session().request(
        method, request_url, params=params, files=files,
        timeout=(connect_timeout, read_timeout), proxies=proxy)
  File "D:\Users\Desktop\automator_project\venv\Lib\site-packages\requests\sessions.py", line 589, in request
    resp = self.send(prep, **send_kwargs)
  File "D:\Users\Desktop\automator_project\venv\Lib\site-packages\requests\sessions.py", line 703, in send
    r = adapter.send(request, **kwargs)
  File "D:\Users\Desktop\automator_project\venv\Lib\site-packages\requests\adapters.py", line 519, in send
    raise ConnectionError(e, request=request)
requests.exceptions.ConnectionError: HTTPSConnectionPool(host='api.telegram.org', port=443): Max retries exceeded with url: /bot8730236171:AAFy_65gvPbjYkMvnxpGyZ5bOirrxUC6rJQ/getUpdates?offset=95087094&timeout=20 (Caused by NameResolutionError("HTTPSConnection(host='api.telegram.org', port=443): Failed to resolve 'api.telegram.org' ([Errno 11001] getaddrinfo failed)"))

2026-03-31 02:30:47,424 - TeleBot - ERROR - Infinity polling exception: HTTPSConnectionPool(host='api.telegram.org', port=443): Max retries exceeded with url: /bot8730236171:AAFy_65gvPbjYkMvnxpGyZ5bOirrxUC6rJQ/getUpdates?offset=95087094&timeout=20 (Caused by NameResolutionError("HTTPSConnection(host='api.telegram.org', port=443): Failed to resolve 'api.telegram.org' ([Errno 11001] getaddrinfo failed)"))
2026-03-31 02:30:47,431 - TeleBot - ERROR - Exception traceback:
Traceback (most recent call last):
  File "D:\Users\Desktop\automator_project\venv\Lib\site-packages\urllib3\connection.py", line 204, in _new_conn
    sock = connection.create_connection(
        (self._dns_host, self.port),
    ...<2 lines>...
        socket_options=self.socket_options,
    )
  File "D:\Users\Desktop\automator_project\venv\Lib\site-packages\urllib3\util\connection.py", line 60, in create_connection
    for res in socket.getaddrinfo(host, port, family, socket.SOCK_STREAM):
               ~~~~~~~~~~~~~~~~~~^^^^^^^^^^^^^^^^^^^^^^^^^^^^^^^^^^^^^^^^
  File "C:\Users\Simonoviya\AppData\Local\Programs\Python\Python314\Lib\socket.py", line 983, in getaddrinfo
    for res in _socket.getaddrinfo(host, port, family, type, proto, flags):
               ~~~~~~~~~~~~~~~~~~~^^^^^^^^^^^^^^^^^^^^^^^^^^^^^^^^^^^^^^^^
socket.gaierror: [Errno 11001] getaddrinfo failed

The above exception was the direct cause of the following exception:

Traceback (most recent call last):
  File "D:\Users\Desktop\automator_project\venv\Lib\site-packages\urllib3\connectionpool.py", line 787, in urlopen
    response = self._make_request(
        conn,
    ...<10 lines>...
        **response_kw,
    )
  File "D:\Users\Desktop\automator_project\venv\Lib\site-packages\urllib3\connectionpool.py", line 488, in _make_request
    raise new_e
  File "D:\Users\Desktop\automator_project\venv\Lib\site-packages\urllib3\connectionpool.py", line 464, in _make_request
    self._validate_conn(conn)
    ~~~~~~~~~~~~~~~~~~~^^^^^^
  File "D:\Users\Desktop\automator_project\venv\Lib\site-packages\urllib3\connectionpool.py", line 1093, in _validate_conn
    conn.connect()
    ~~~~~~~~~~~~^^
  File "D:\Users\Desktop\automator_project\venv\Lib\site-packages\urllib3\connection.py", line 759, in connect
    self.sock = sock = self._new_conn()
                       ~~~~~~~~~~~~~~^^
  File "D:\Users\Desktop\automator_project\venv\Lib\site-packages\urllib3\connection.py", line 211, in _new_conn
    raise NameResolutionError(self.host, self, e) from e
urllib3.exceptions.NameResolutionError: HTTPSConnection(host='api.telegram.org', port=443): Failed to resolve 'api.telegram.org' ([Errno 11001] getaddrinfo failed)

The above exception was the direct cause of the following exception:

Traceback (most recent call last):
  File "D:\Users\Desktop\automator_project\venv\Lib\site-packages\requests\adapters.py", line 486, in send
    resp = conn.urlopen(
        method=request.method,
    ...<9 lines>...
        chunked=chunked,
    )
  File "D:\Users\Desktop\automator_project\venv\Lib\site-packages\urllib3\connectionpool.py", line 841, in urlopen
    retries = retries.increment(
        method, url, error=new_e, _pool=self, _stacktrace=sys.exc_info()[2]
    )
  File "D:\Users\Desktop\automator_project\venv\Lib\site-packages\urllib3\util\retry.py", line 535, in increment
    raise MaxRetryError(_pool, url, reason) from reason  # type: ignore[arg-type]
    ^^^^^^^^^^^^^^^^^^^^^^^^^^^^^^^^^^^^^^^^^^^^^^^^^^^
urllib3.exceptions.MaxRetryError: HTTPSConnectionPool(host='api.telegram.org', port=443): Max retries exceeded with url: /bot8730236171:AAFy_65gvPbjYkMvnxpGyZ5bOirrxUC6rJQ/getUpdates?offset=95087094&timeout=20 (Caused by NameResolutionError("HTTPSConnection(host='api.telegram.org', port=443): Failed to resolve 'api.telegram.org' ([Errno 11001] getaddrinfo failed)"))

During handling of the above exception, another exception occurred:

Traceback (most recent call last):
  File "D:\Users\Desktop\automator_project\venv\Lib\site-packages\telebot\__init__.py", line 1016, in infinity_polling
    self.polling(non_stop=True, timeout=timeout, long_polling_timeout=long_polling_timeout,
    ~~~~~~~~~~~~^^^^^^^^^^^^^^^^^^^^^^^^^^^^^^^^^^^^^^^^^^^^^^^^^^^^^^^^^^^^^^^^^^^^^^^^^^^
                 logger_level=logger_level, allowed_updates=allowed_updates, restart_on_change=False,
                 ^^^^^^^^^^^^^^^^^^^^^^^^^^^^^^^^^^^^^^^^^^^^^^^^^^^^^^^^^^^^^^^^^^^^^^^^^^^^^^^^^^^^
                 *args, **kwargs)
                 ^^^^^^^^^^^^^^^^
  File "D:\Users\Desktop\automator_project\venv\Lib\site-packages\telebot\__init__.py", line 1104, in polling
    self.__threaded_polling(non_stop=non_stop, interval=interval, timeout=timeout, long_polling_timeout=long_polling_timeout,
    ~~~~~~~~~~~~~~~~~~~~~~~^^^^^^^^^^^^^^^^^^^^^^^^^^^^^^^^^^^^^^^^^^^^^^^^^^^^^^^^^^^^^^^^^^^^^^^^^^^^^^^^^^^^^^^^^^^^^^^^^^
                            logger_level=logger_level, allowed_updates=allowed_updates)
                            ^^^^^^^^^^^^^^^^^^^^^^^^^^^^^^^^^^^^^^^^^^^^^^^^^^^^^^^^^^^
  File "D:\Users\Desktop\automator_project\venv\Lib\site-packages\telebot\__init__.py", line 1179, in __threaded_polling
    raise e
  File "D:\Users\Desktop\automator_project\venv\Lib\site-packages\telebot\__init__.py", line 1140, in __threaded_polling
    polling_thread.raise_exceptions()
    ~~~~~~~~~~~~~~~~~~~~~~~~~~~~~~~^^
  File "D:\Users\Desktop\automator_project\venv\Lib\site-packages\telebot\util.py", line 110, in raise_exceptions
    raise self.exception_info
  File "D:\Users\Desktop\automator_project\venv\Lib\site-packages\telebot\util.py", line 92, in run
    task(*args, **kwargs)
    ~~~~^^^^^^^^^^^^^^^^^
  File "D:\Users\Desktop\automator_project\venv\Lib\site-packages\telebot\__init__.py", line 661, in __retrieve_updates
    updates = self.get_updates(offset=(self.last_update_id + 1),
                               allowed_updates=allowed_updates,
                               timeout=timeout, long_polling_timeout=long_polling_timeout)
  File "D:\Users\Desktop\automator_project\venv\Lib\site-packages\telebot\__init__.py", line 633, in get_updates
    json_updates = apihelper.get_updates(
        self.token, offset=offset, limit=limit, timeout=timeout, allowed_updates=allowed_updates,
        long_polling_timeout=long_polling_timeout)
  File "D:\Users\Desktop\automator_project\venv\Lib\site-packages\telebot\apihelper.py", line 321, in get_updates
    return _make_request(token, method_url, params=payload)
  File "D:\Users\Desktop\automator_project\venv\Lib\site-packages\telebot\apihelper.py", line 158, in _make_request
    result = _get_req_session().request(
        method, request_url, params=params, files=files,
        timeout=(connect_timeout, read_timeout), proxies=proxy)
  File "D:\Users\Desktop\automator_project\venv\Lib\site-packages\requests\sessions.py", line 589, in request
    resp = self.send(prep, **send_kwargs)
  File "D:\Users\Desktop\automator_project\venv\Lib\site-packages\requests\sessions.py", line 703, in send
    r = adapter.send(request, **kwargs)
  File "D:\Users\Desktop\automator_project\venv\Lib\site-packages\requests\adapters.py", line 519, in send
    raise ConnectionError(e, request=request)
requests.exceptions.ConnectionError: HTTPSConnectionPool(host='api.telegram.org', port=443): Max retries exceeded with url: /bot8730236171:AAFy_65gvPbjYkMvnxpGyZ5bOirrxUC6rJQ/getUpdates?offset=95087094&timeout=20 (Caused by NameResolutionError("HTTPSConnection(host='api.telegram.org', port=443): Failed to resolve 'api.telegram.org' ([Errno 11001] getaddrinfo failed)"))

2026-03-31 02:31:01,919 - TeleBot - ERROR - Infinity polling exception: HTTPSConnectionPool(host='api.telegram.org', port=443): Max retries exceeded with url: /bot8730236171:AAFy_65gvPbjYkMvnxpGyZ5bOirrxUC6rJQ/getUpdates?offset=95087094&timeout=20 (Caused by NameResolutionError("HTTPSConnection(host='api.telegram.org', port=443): Failed to resolve 'api.telegram.org' ([Errno 11001] getaddrinfo failed)"))
2026-03-31 02:31:01,927 - TeleBot - ERROR - Exception traceback:
Traceback (most recent call last):
  File "D:\Users\Desktop\automator_project\venv\Lib\site-packages\urllib3\connection.py", line 204, in _new_conn
    sock = connection.create_connection(
        (self._dns_host, self.port),
    ...<2 lines>...
        socket_options=self.socket_options,
    )
  File "D:\Users\Desktop\automator_project\venv\Lib\site-packages\urllib3\util\connection.py", line 60, in create_connection
    for res in socket.getaddrinfo(host, port, family, socket.SOCK_STREAM):
               ~~~~~~~~~~~~~~~~~~^^^^^^^^^^^^^^^^^^^^^^^^^^^^^^^^^^^^^^^^
  File "C:\Users\Simonoviya\AppData\Local\Programs\Python\Python314\Lib\socket.py", line 983, in getaddrinfo
    for res in _socket.getaddrinfo(host, port, family, type, proto, flags):
               ~~~~~~~~~~~~~~~~~~~^^^^^^^^^^^^^^^^^^^^^^^^^^^^^^^^^^^^^^^^
socket.gaierror: [Errno 11001] getaddrinfo failed

The above exception was the direct cause of the following exception:

Traceback (most recent call last):
  File "D:\Users\Desktop\automator_project\venv\Lib\site-packages\urllib3\connectionpool.py", line 787, in urlopen
    response = self._make_request(
        conn,
    ...<10 lines>...
        **response_kw,
    )
  File "D:\Users\Desktop\automator_project\venv\Lib\site-packages\urllib3\connectionpool.py", line 488, in _make_request
    raise new_e
  File "D:\Users\Desktop\automator_project\venv\Lib\site-packages\urllib3\connectionpool.py", line 464, in _make_request
    self._validate_conn(conn)
    ~~~~~~~~~~~~~~~~~~~^^^^^^
  File "D:\Users\Desktop\automator_project\venv\Lib\site-packages\urllib3\connectionpool.py", line 1093, in _validate_conn
    conn.connect()
    ~~~~~~~~~~~~^^
  File "D:\Users\Desktop\automator_project\venv\Lib\site-packages\urllib3\connection.py", line 759, in connect
    self.sock = sock = self._new_conn()
                       ~~~~~~~~~~~~~~^^
  File "D:\Users\Desktop\automator_project\venv\Lib\site-packages\urllib3\connection.py", line 211, in _new_conn
    raise NameResolutionError(self.host, self, e) from e
urllib3.exceptions.NameResolutionError: HTTPSConnection(host='api.telegram.org', port=443): Failed to resolve 'api.telegram.org' ([Errno 11001] getaddrinfo failed)

The above exception was the direct cause of the following exception:

Traceback (most recent call last):
  File "D:\Users\Desktop\automator_project\venv\Lib\site-packages\requests\adapters.py", line 486, in send
    resp = conn.urlopen(
        method=request.method,
    ...<9 lines>...
        chunked=chunked,
    )
  File "D:\Users\Desktop\automator_project\venv\Lib\site-packages\urllib3\connectionpool.py", line 841, in urlopen
    retries = retries.increment(
        method, url, error=new_e, _pool=self, _stacktrace=sys.exc_info()[2]
    )
  File "D:\Users\Desktop\automator_project\venv\Lib\site-packages\urllib3\util\retry.py", line 535, in increment
    raise MaxRetryError(_pool, url, reason) from reason  # type: ignore[arg-type]
    ^^^^^^^^^^^^^^^^^^^^^^^^^^^^^^^^^^^^^^^^^^^^^^^^^^^
urllib3.exceptions.MaxRetryError: HTTPSConnectionPool(host='api.telegram.org', port=443): Max retries exceeded with url: /bot8730236171:AAFy_65gvPbjYkMvnxpGyZ5bOirrxUC6rJQ/getUpdates?offset=95087094&timeout=20 (Caused by NameResolutionError("HTTPSConnection(host='api.telegram.org', port=443): Failed to resolve 'api.telegram.org' ([Errno 11001] getaddrinfo failed)"))

During handling of the above exception, another exception occurred:

Traceback (most recent call last):
  File "D:\Users\Desktop\automator_project\venv\Lib\site-packages\telebot\__init__.py", line 1016, in infinity_polling
    self.polling(non_stop=True, timeout=timeout, long_polling_timeout=long_polling_timeout,
    ~~~~~~~~~~~~^^^^^^^^^^^^^^^^^^^^^^^^^^^^^^^^^^^^^^^^^^^^^^^^^^^^^^^^^^^^^^^^^^^^^^^^^^^
                 logger_level=logger_level, allowed_updates=allowed_updates, restart_on_change=False,
                 ^^^^^^^^^^^^^^^^^^^^^^^^^^^^^^^^^^^^^^^^^^^^^^^^^^^^^^^^^^^^^^^^^^^^^^^^^^^^^^^^^^^^
                 *args, **kwargs)
                 ^^^^^^^^^^^^^^^^
  File "D:\Users\Desktop\automator_project\venv\Lib\site-packages\telebot\__init__.py", line 1104, in polling
    self.__threaded_polling(non_stop=non_stop, interval=interval, timeout=timeout, long_polling_timeout=long_polling_timeout,
    ~~~~~~~~~~~~~~~~~~~~~~~^^^^^^^^^^^^^^^^^^^^^^^^^^^^^^^^^^^^^^^^^^^^^^^^^^^^^^^^^^^^^^^^^^^^^^^^^^^^^^^^^^^^^^^^^^^^^^^^^^
                            logger_level=logger_level, allowed_updates=allowed_updates)
                            ^^^^^^^^^^^^^^^^^^^^^^^^^^^^^^^^^^^^^^^^^^^^^^^^^^^^^^^^^^^
  File "D:\Users\Desktop\automator_project\venv\Lib\site-packages\telebot\__init__.py", line 1179, in __threaded_polling
    raise e
  File "D:\Users\Desktop\automator_project\venv\Lib\site-packages\telebot\__init__.py", line 1140, in __threaded_polling
    polling_thread.raise_exceptions()
    ~~~~~~~~~~~~~~~~~~~~~~~~~~~~~~~^^
  File "D:\Users\Desktop\automator_project\venv\Lib\site-packages\telebot\util.py", line 110, in raise_exceptions
    raise self.exception_info
  File "D:\Users\Desktop\automator_project\venv\Lib\site-packages\telebot\util.py", line 92, in run
    task(*args, **kwargs)
    ~~~~^^^^^^^^^^^^^^^^^
  File "D:\Users\Desktop\automator_project\venv\Lib\site-packages\telebot\__init__.py", line 661, in __retrieve_updates
    updates = self.get_updates(offset=(self.last_update_id + 1),
                               allowed_updates=allowed_updates,
                               timeout=timeout, long_polling_timeout=long_polling_timeout)
  File "D:\Users\Desktop\automator_project\venv\Lib\site-packages\telebot\__init__.py", line 633, in get_updates
    json_updates = apihelper.get_updates(
        self.token, offset=offset, limit=limit, timeout=timeout, allowed_updates=allowed_updates,
        long_polling_timeout=long_polling_timeout)
  File "D:\Users\Desktop\automator_project\venv\Lib\site-packages\telebot\apihelper.py", line 321, in get_updates
    return _make_request(token, method_url, params=payload)
  File "D:\Users\Desktop\automator_project\venv\Lib\site-packages\telebot\apihelper.py", line 158, in _make_request
    result = _get_req_session().request(
        method, request_url, params=params, files=files,
        timeout=(connect_timeout, read_timeout), proxies=proxy)
  File "D:\Users\Desktop\automator_project\venv\Lib\site-packages\requests\sessions.py", line 589, in request
    resp = self.send(prep, **send_kwargs)
  File "D:\Users\Desktop\automator_project\venv\Lib\site-packages\requests\sessions.py", line 703, in send
    r = adapter.send(request, **kwargs)
  File "D:\Users\Desktop\automator_project\venv\Lib\site-packages\requests\adapters.py", line 519, in send
    raise ConnectionError(e, request=request)
requests.exceptions.ConnectionError: HTTPSConnectionPool(host='api.telegram.org', port=443): Max retries exceeded with url: /bot8730236171:AAFy_65gvPbjYkMvnxpGyZ5bOirrxUC6rJQ/getUpdates?offset=95087094&timeout=20 (Caused by NameResolutionError("HTTPSConnection(host='api.telegram.org', port=443): Failed to resolve 'api.telegram.org' ([Errno 11001] getaddrinfo failed)"))

2026-03-31 02:31:16,414 - TeleBot - ERROR - Infinity polling exception: HTTPSConnectionPool(host='api.telegram.org', port=443): Max retries exceeded with url: /bot8730236171:AAFy_65gvPbjYkMvnxpGyZ5bOirrxUC6rJQ/getUpdates?offset=95087094&timeout=20 (Caused by NameResolutionError("HTTPSConnection(host='api.telegram.org', port=443): Failed to resolve 'api.telegram.org' ([Errno 11001] getaddrinfo failed)"))
2026-03-31 02:31:16,421 - TeleBot - ERROR - Exception traceback:
Traceback (most recent call last):
  File "D:\Users\Desktop\automator_project\venv\Lib\site-packages\urllib3\connection.py", line 204, in _new_conn
    sock = connection.create_connection(
        (self._dns_host, self.port),
    ...<2 lines>...
        socket_options=self.socket_options,
    )
  File "D:\Users\Desktop\automator_project\venv\Lib\site-packages\urllib3\util\connection.py", line 60, in create_connection
    for res in socket.getaddrinfo(host, port, family, socket.SOCK_STREAM):
               ~~~~~~~~~~~~~~~~~~^^^^^^^^^^^^^^^^^^^^^^^^^^^^^^^^^^^^^^^^
  File "C:\Users\Simonoviya\AppData\Local\Programs\Python\Python314\Lib\socket.py", line 983, in getaddrinfo
    for res in _socket.getaddrinfo(host, port, family, type, proto, flags):
               ~~~~~~~~~~~~~~~~~~~^^^^^^^^^^^^^^^^^^^^^^^^^^^^^^^^^^^^^^^^
socket.gaierror: [Errno 11001] getaddrinfo failed

The above exception was the direct cause of the following exception:

Traceback (most recent call last):
  File "D:\Users\Desktop\automator_project\venv\Lib\site-packages\urllib3\connectionpool.py", line 787, in urlopen
    response = self._make_request(
        conn,
    ...<10 lines>...
        **response_kw,
    )
  File "D:\Users\Desktop\automator_project\venv\Lib\site-packages\urllib3\connectionpool.py", line 488, in _make_request
    raise new_e
  File "D:\Users\Desktop\automator_project\venv\Lib\site-packages\urllib3\connectionpool.py", line 464, in _make_request
    self._validate_conn(conn)
    ~~~~~~~~~~~~~~~~~~~^^^^^^
  File "D:\Users\Desktop\automator_project\venv\Lib\site-packages\urllib3\connectionpool.py", line 1093, in _validate_conn
    conn.connect()
    ~~~~~~~~~~~~^^
  File "D:\Users\Desktop\automator_project\venv\Lib\site-packages\urllib3\connection.py", line 759, in connect
    self.sock = sock = self._new_conn()
                       ~~~~~~~~~~~~~~^^
  File "D:\Users\Desktop\automator_project\venv\Lib\site-packages\urllib3\connection.py", line 211, in _new_conn
    raise NameResolutionError(self.host, self, e) from e
urllib3.exceptions.NameResolutionError: HTTPSConnection(host='api.telegram.org', port=443): Failed to resolve 'api.telegram.org' ([Errno 11001] getaddrinfo failed)

The above exception was the direct cause of the following exception:

Traceback (most recent call last):
  File "D:\Users\Desktop\automator_project\venv\Lib\site-packages\requests\adapters.py", line 486, in send
    resp = conn.urlopen(
        method=request.method,
    ...<9 lines>...
        chunked=chunked,
    )
  File "D:\Users\Desktop\automator_project\venv\Lib\site-packages\urllib3\connectionpool.py", line 841, in urlopen
    retries = retries.increment(
        method, url, error=new_e, _pool=self, _stacktrace=sys.exc_info()[2]
    )
  File "D:\Users\Desktop\automator_project\venv\Lib\site-packages\urllib3\util\retry.py", line 535, in increment
    raise MaxRetryError(_pool, url, reason) from reason  # type: ignore[arg-type]
    ^^^^^^^^^^^^^^^^^^^^^^^^^^^^^^^^^^^^^^^^^^^^^^^^^^^
urllib3.exceptions.MaxRetryError: HTTPSConnectionPool(host='api.telegram.org', port=443): Max retries exceeded with url: /bot8730236171:AAFy_65gvPbjYkMvnxpGyZ5bOirrxUC6rJQ/getUpdates?offset=95087094&timeout=20 (Caused by NameResolutionError("HTTPSConnection(host='api.telegram.org', port=443): Failed to resolve 'api.telegram.org' ([Errno 11001] getaddrinfo failed)"))

During handling of the above exception, another exception occurred:

Traceback (most recent call last):
  File "D:\Users\Desktop\automator_project\venv\Lib\site-packages\telebot\__init__.py", line 1016, in infinity_polling
    self.polling(non_stop=True, timeout=timeout, long_polling_timeout=long_polling_timeout,
    ~~~~~~~~~~~~^^^^^^^^^^^^^^^^^^^^^^^^^^^^^^^^^^^^^^^^^^^^^^^^^^^^^^^^^^^^^^^^^^^^^^^^^^^
                 logger_level=logger_level, allowed_updates=allowed_updates, restart_on_change=False,
                 ^^^^^^^^^^^^^^^^^^^^^^^^^^^^^^^^^^^^^^^^^^^^^^^^^^^^^^^^^^^^^^^^^^^^^^^^^^^^^^^^^^^^
                 *args, **kwargs)
                 ^^^^^^^^^^^^^^^^
  File "D:\Users\Desktop\automator_project\venv\Lib\site-packages\telebot\__init__.py", line 1104, in polling
    self.__threaded_polling(non_stop=non_stop, interval=interval, timeout=timeout, long_polling_timeout=long_polling_timeout,
    ~~~~~~~~~~~~~~~~~~~~~~~^^^^^^^^^^^^^^^^^^^^^^^^^^^^^^^^^^^^^^^^^^^^^^^^^^^^^^^^^^^^^^^^^^^^^^^^^^^^^^^^^^^^^^^^^^^^^^^^^^
                            logger_level=logger_level, allowed_updates=allowed_updates)
                            ^^^^^^^^^^^^^^^^^^^^^^^^^^^^^^^^^^^^^^^^^^^^^^^^^^^^^^^^^^^
  File "D:\Users\Desktop\automator_project\venv\Lib\site-packages\telebot\__init__.py", line 1179, in __threaded_polling
    raise e
  File "D:\Users\Desktop\automator_project\venv\Lib\site-packages\telebot\__init__.py", line 1140, in __threaded_polling
    polling_thread.raise_exceptions()
    ~~~~~~~~~~~~~~~~~~~~~~~~~~~~~~~^^
  File "D:\Users\Desktop\automator_project\venv\Lib\site-packages\telebot\util.py", line 110, in raise_exceptions
    raise self.exception_info
  File "D:\Users\Desktop\automator_project\venv\Lib\site-packages\telebot\util.py", line 92, in run
    task(*args, **kwargs)
    ~~~~^^^^^^^^^^^^^^^^^
  File "D:\Users\Desktop\automator_project\venv\Lib\site-packages\telebot\__init__.py", line 661, in __retrieve_updates
    updates = self.get_updates(offset=(self.last_update_id + 1),
                               allowed_updates=allowed_updates,
                               timeout=timeout, long_polling_timeout=long_polling_timeout)
  File "D:\Users\Desktop\automator_project\venv\Lib\site-packages\telebot\__init__.py", line 633, in get_updates
    json_updates = apihelper.get_updates(
        self.token, offset=offset, limit=limit, timeout=timeout, allowed_updates=allowed_updates,
        long_polling_timeout=long_polling_timeout)
  File "D:\Users\Desktop\automator_project\venv\Lib\site-packages\telebot\apihelper.py", line 321, in get_updates
    return _make_request(token, method_url, params=payload)
  File "D:\Users\Desktop\automator_project\venv\Lib\site-packages\telebot\apihelper.py", line 158, in _make_request
    result = _get_req_session().request(
        method, request_url, params=params, files=files,
        timeout=(connect_timeout, read_timeout), proxies=proxy)
  File "D:\Users\Desktop\automator_project\venv\Lib\site-packages\requests\sessions.py", line 589, in request
    resp = self.send(prep, **send_kwargs)
  File "D:\Users\Desktop\automator_project\venv\Lib\site-packages\requests\sessions.py", line 703, in send
    r = adapter.send(request, **kwargs)
  File "D:\Users\Desktop\automator_project\venv\Lib\site-packages\requests\adapters.py", line 519, in send
    raise ConnectionError(e, request=request)
requests.exceptions.ConnectionError: HTTPSConnectionPool(host='api.telegram.org', port=443): Max retries exceeded with url: /bot8730236171:AAFy_65gvPbjYkMvnxpGyZ5bOirrxUC6rJQ/getUpdates?offset=95087094&timeout=20 (Caused by NameResolutionError("HTTPSConnection(host='api.telegram.org', port=443): Failed to resolve 'api.telegram.org' ([Errno 11001] getaddrinfo failed)"))

2026-03-31 02:31:30,910 - TeleBot - ERROR - Infinity polling exception: HTTPSConnectionPool(host='api.telegram.org', port=443): Max retries exceeded with url: /bot8730236171:AAFy_65gvPbjYkMvnxpGyZ5bOirrxUC6rJQ/getUpdates?offset=95087094&timeout=20 (Caused by NameResolutionError("HTTPSConnection(host='api.telegram.org', port=443): Failed to resolve 'api.telegram.org' ([Errno 11001] getaddrinfo failed)"))
2026-03-31 02:31:30,917 - TeleBot - ERROR - Exception traceback:
Traceback (most recent call last):
  File "D:\Users\Desktop\automator_project\venv\Lib\site-packages\urllib3\connection.py", line 204, in _new_conn
    sock = connection.create_connection(
        (self._dns_host, self.port),
    ...<2 lines>...
        socket_options=self.socket_options,
    )
  File "D:\Users\Desktop\automator_project\venv\Lib\site-packages\urllib3\util\connection.py", line 60, in create_connection
    for res in socket.getaddrinfo(host, port, family, socket.SOCK_STREAM):
               ~~~~~~~~~~~~~~~~~~^^^^^^^^^^^^^^^^^^^^^^^^^^^^^^^^^^^^^^^^
  File "C:\Users\Simonoviya\AppData\Local\Programs\Python\Python314\Lib\socket.py", line 983, in getaddrinfo
    for res in _socket.getaddrinfo(host, port, family, type, proto, flags):
               ~~~~~~~~~~~~~~~~~~~^^^^^^^^^^^^^^^^^^^^^^^^^^^^^^^^^^^^^^^^
socket.gaierror: [Errno 11001] getaddrinfo failed

The above exception was the direct cause of the following exception:

Traceback (most recent call last):
  File "D:\Users\Desktop\automator_project\venv\Lib\site-packages\urllib3\connectionpool.py", line 787, in urlopen
    response = self._make_request(
        conn,
    ...<10 lines>...
        **response_kw,
    )
  File "D:\Users\Desktop\automator_project\venv\Lib\site-packages\urllib3\connectionpool.py", line 488, in _make_request
    raise new_e
  File "D:\Users\Desktop\automator_project\venv\Lib\site-packages\urllib3\connectionpool.py", line 464, in _make_request
    self._validate_conn(conn)
    ~~~~~~~~~~~~~~~~~~~^^^^^^
  File "D:\Users\Desktop\automator_project\venv\Lib\site-packages\urllib3\connectionpool.py", line 1093, in _validate_conn
    conn.connect()
    ~~~~~~~~~~~~^^
  File "D:\Users\Desktop\automator_project\venv\Lib\site-packages\urllib3\connection.py", line 759, in connect
    self.sock = sock = self._new_conn()
                       ~~~~~~~~~~~~~~^^
  File "D:\Users\Desktop\automator_project\venv\Lib\site-packages\urllib3\connection.py", line 211, in _new_conn
    raise NameResolutionError(self.host, self, e) from e
urllib3.exceptions.NameResolutionError: HTTPSConnection(host='api.telegram.org', port=443): Failed to resolve 'api.telegram.org' ([Errno 11001] getaddrinfo failed)

The above exception was the direct cause of the following exception:

Traceback (most recent call last):
  File "D:\Users\Desktop\automator_project\venv\Lib\site-packages\requests\adapters.py", line 486, in send
    resp = conn.urlopen(
        method=request.method,
    ...<9 lines>...
        chunked=chunked,
    )
  File "D:\Users\Desktop\automator_project\venv\Lib\site-packages\urllib3\connectionpool.py", line 841, in urlopen
    retries = retries.increment(
        method, url, error=new_e, _pool=self, _stacktrace=sys.exc_info()[2]
    )
  File "D:\Users\Desktop\automator_project\venv\Lib\site-packages\urllib3\util\retry.py", line 535, in increment
    raise MaxRetryError(_pool, url, reason) from reason  # type: ignore[arg-type]
    ^^^^^^^^^^^^^^^^^^^^^^^^^^^^^^^^^^^^^^^^^^^^^^^^^^^
urllib3.exceptions.MaxRetryError: HTTPSConnectionPool(host='api.telegram.org', port=443): Max retries exceeded with url: /bot8730236171:AAFy_65gvPbjYkMvnxpGyZ5bOirrxUC6rJQ/getUpdates?offset=95087094&timeout=20 (Caused by NameResolutionError("HTTPSConnection(host='api.telegram.org', port=443): Failed to resolve 'api.telegram.org' ([Errno 11001] getaddrinfo failed)"))

During handling of the above exception, another exception occurred:

Traceback (most recent call last):
  File "D:\Users\Desktop\automator_project\venv\Lib\site-packages\telebot\__init__.py", line 1016, in infinity_polling
    self.polling(non_stop=True, timeout=timeout, long_polling_timeout=long_polling_timeout,
    ~~~~~~~~~~~~^^^^^^^^^^^^^^^^^^^^^^^^^^^^^^^^^^^^^^^^^^^^^^^^^^^^^^^^^^^^^^^^^^^^^^^^^^^
                 logger_level=logger_level, allowed_updates=allowed_updates, restart_on_change=False,
                 ^^^^^^^^^^^^^^^^^^^^^^^^^^^^^^^^^^^^^^^^^^^^^^^^^^^^^^^^^^^^^^^^^^^^^^^^^^^^^^^^^^^^
                 *args, **kwargs)
                 ^^^^^^^^^^^^^^^^
  File "D:\Users\Desktop\automator_project\venv\Lib\site-packages\telebot\__init__.py", line 1104, in polling
    self.__threaded_polling(non_stop=non_stop, interval=interval, timeout=timeout, long_polling_timeout=long_polling_timeout,
    ~~~~~~~~~~~~~~~~~~~~~~~^^^^^^^^^^^^^^^^^^^^^^^^^^^^^^^^^^^^^^^^^^^^^^^^^^^^^^^^^^^^^^^^^^^^^^^^^^^^^^^^^^^^^^^^^^^^^^^^^^
                            logger_level=logger_level, allowed_updates=allowed_updates)
                            ^^^^^^^^^^^^^^^^^^^^^^^^^^^^^^^^^^^^^^^^^^^^^^^^^^^^^^^^^^^
  File "D:\Users\Desktop\automator_project\venv\Lib\site-packages\telebot\__init__.py", line 1179, in __threaded_polling
    raise e
  File "D:\Users\Desktop\automator_project\venv\Lib\site-packages\telebot\__init__.py", line 1140, in __threaded_polling
    polling_thread.raise_exceptions()
    ~~~~~~~~~~~~~~~~~~~~~~~~~~~~~~~^^
  File "D:\Users\Desktop\automator_project\venv\Lib\site-packages\telebot\util.py", line 110, in raise_exceptions
    raise self.exception_info
  File "D:\Users\Desktop\automator_project\venv\Lib\site-packages\telebot\util.py", line 92, in run
    task(*args, **kwargs)
    ~~~~^^^^^^^^^^^^^^^^^
  File "D:\Users\Desktop\automator_project\venv\Lib\site-packages\telebot\__init__.py", line 661, in __retrieve_updates
    updates = self.get_updates(offset=(self.last_update_id + 1),
                               allowed_updates=allowed_updates,
                               timeout=timeout, long_polling_timeout=long_polling_timeout)
  File "D:\Users\Desktop\automator_project\venv\Lib\site-packages\telebot\__init__.py", line 633, in get_updates
    json_updates = apihelper.get_updates(
        self.token, offset=offset, limit=limit, timeout=timeout, allowed_updates=allowed_updates,
        long_polling_timeout=long_polling_timeout)
  File "D:\Users\Desktop\automator_project\venv\Lib\site-packages\telebot\apihelper.py", line 321, in get_updates
    return _make_request(token, method_url, params=payload)
  File "D:\Users\Desktop\automator_project\venv\Lib\site-packages\telebot\apihelper.py", line 158, in _make_request
    result = _get_req_session().request(
        method, request_url, params=params, files=files,
        timeout=(connect_timeout, read_timeout), proxies=proxy)
  File "D:\Users\Desktop\automator_project\venv\Lib\site-packages\requests\sessions.py", line 589, in request
    resp = self.send(prep, **send_kwargs)
  File "D:\Users\Desktop\automator_project\venv\Lib\site-packages\requests\sessions.py", line 703, in send
    r = adapter.send(request, **kwargs)
  File "D:\Users\Desktop\automator_project\venv\Lib\site-packages\requests\adapters.py", line 519, in send
    raise ConnectionError(e, request=request)
requests.exceptions.ConnectionError: HTTPSConnectionPool(host='api.telegram.org', port=443): Max retries exceeded with url: /bot8730236171:AAFy_65gvPbjYkMvnxpGyZ5bOirrxUC6rJQ/getUpdates?offset=95087094&timeout=20 (Caused by NameResolutionError("HTTPSConnection(host='api.telegram.org', port=443): Failed to resolve 'api.telegram.org' ([Errno 11001] getaddrinfo failed)"))

2026-03-31 02:31:45,429 - TeleBot - ERROR - Infinity polling exception: HTTPSConnectionPool(host='api.telegram.org', port=443): Max retries exceeded with url: /bot8730236171:AAFy_65gvPbjYkMvnxpGyZ5bOirrxUC6rJQ/getUpdates?offset=95087094&timeout=20 (Caused by NameResolutionError("HTTPSConnection(host='api.telegram.org', port=443): Failed to resolve 'api.telegram.org' ([Errno 11001] getaddrinfo failed)"))
2026-03-31 02:31:45,439 - TeleBot - ERROR - Exception traceback:
Traceback (most recent call last):
  File "D:\Users\Desktop\automator_project\venv\Lib\site-packages\urllib3\connection.py", line 204, in _new_conn
    sock = connection.create_connection(
        (self._dns_host, self.port),
    ...<2 lines>...
        socket_options=self.socket_options,
    )
  File "D:\Users\Desktop\automator_project\venv\Lib\site-packages\urllib3\util\connection.py", line 60, in create_connection
    for res in socket.getaddrinfo(host, port, family, socket.SOCK_STREAM):
               ~~~~~~~~~~~~~~~~~~^^^^^^^^^^^^^^^^^^^^^^^^^^^^^^^^^^^^^^^^
  File "C:\Users\Simonoviya\AppData\Local\Programs\Python\Python314\Lib\socket.py", line 983, in getaddrinfo
    for res in _socket.getaddrinfo(host, port, family, type, proto, flags):
               ~~~~~~~~~~~~~~~~~~~^^^^^^^^^^^^^^^^^^^^^^^^^^^^^^^^^^^^^^^^
socket.gaierror: [Errno 11001] getaddrinfo failed

The above exception was the direct cause of the following exception:

Traceback (most recent call last):
  File "D:\Users\Desktop\automator_project\venv\Lib\site-packages\urllib3\connectionpool.py", line 787, in urlopen
    response = self._make_request(
        conn,
    ...<10 lines>...
        **response_kw,
    )
  File "D:\Users\Desktop\automator_project\venv\Lib\site-packages\urllib3\connectionpool.py", line 488, in _make_request
    raise new_e
  File "D:\Users\Desktop\automator_project\venv\Lib\site-packages\urllib3\connectionpool.py", line 464, in _make_request
    self._validate_conn(conn)
    ~~~~~~~~~~~~~~~~~~~^^^^^^
  File "D:\Users\Desktop\automator_project\venv\Lib\site-packages\urllib3\connectionpool.py", line 1093, in _validate_conn
    conn.connect()
    ~~~~~~~~~~~~^^
  File "D:\Users\Desktop\automator_project\venv\Lib\site-packages\urllib3\connection.py", line 759, in connect
    self.sock = sock = self._new_conn()
                       ~~~~~~~~~~~~~~^^
  File "D:\Users\Desktop\automator_project\venv\Lib\site-packages\urllib3\connection.py", line 211, in _new_conn
    raise NameResolutionError(self.host, self, e) from e
urllib3.exceptions.NameResolutionError: HTTPSConnection(host='api.telegram.org', port=443): Failed to resolve 'api.telegram.org' ([Errno 11001] getaddrinfo failed)

The above exception was the direct cause of the following exception:

Traceback (most recent call last):
  File "D:\Users\Desktop\automator_project\venv\Lib\site-packages\requests\adapters.py", line 486, in send
    resp = conn.urlopen(
        method=request.method,
    ...<9 lines>...
        chunked=chunked,
    )
  File "D:\Users\Desktop\automator_project\venv\Lib\site-packages\urllib3\connectionpool.py", line 841, in urlopen
    retries = retries.increment(
        method, url, error=new_e, _pool=self, _stacktrace=sys.exc_info()[2]
    )
  File "D:\Users\Desktop\automator_project\venv\Lib\site-packages\urllib3\util\retry.py", line 535, in increment
    raise MaxRetryError(_pool, url, reason) from reason  # type: ignore[arg-type]
    ^^^^^^^^^^^^^^^^^^^^^^^^^^^^^^^^^^^^^^^^^^^^^^^^^^^
urllib3.exceptions.MaxRetryError: HTTPSConnectionPool(host='api.telegram.org', port=443): Max retries exceeded with url: /bot8730236171:AAFy_65gvPbjYkMvnxpGyZ5bOirrxUC6rJQ/getUpdates?offset=95087094&timeout=20 (Caused by NameResolutionError("HTTPSConnection(host='api.telegram.org', port=443): Failed to resolve 'api.telegram.org' ([Errno 11001] getaddrinfo failed)"))

During handling of the above exception, another exception occurred:

Traceback (most recent call last):
  File "D:\Users\Desktop\automator_project\venv\Lib\site-packages\telebot\__init__.py", line 1016, in infinity_polling
    self.polling(non_stop=True, timeout=timeout, long_polling_timeout=long_polling_timeout,
    ~~~~~~~~~~~~^^^^^^^^^^^^^^^^^^^^^^^^^^^^^^^^^^^^^^^^^^^^^^^^^^^^^^^^^^^^^^^^^^^^^^^^^^^
                 logger_level=logger_level, allowed_updates=allowed_updates, restart_on_change=False,
                 ^^^^^^^^^^^^^^^^^^^^^^^^^^^^^^^^^^^^^^^^^^^^^^^^^^^^^^^^^^^^^^^^^^^^^^^^^^^^^^^^^^^^
                 *args, **kwargs)
                 ^^^^^^^^^^^^^^^^
  File "D:\Users\Desktop\automator_project\venv\Lib\site-packages\telebot\__init__.py", line 1104, in polling
    self.__threaded_polling(non_stop=non_stop, interval=interval, timeout=timeout, long_polling_timeout=long_polling_timeout,
    ~~~~~~~~~~~~~~~~~~~~~~~^^^^^^^^^^^^^^^^^^^^^^^^^^^^^^^^^^^^^^^^^^^^^^^^^^^^^^^^^^^^^^^^^^^^^^^^^^^^^^^^^^^^^^^^^^^^^^^^^^
                            logger_level=logger_level, allowed_updates=allowed_updates)
                            ^^^^^^^^^^^^^^^^^^^^^^^^^^^^^^^^^^^^^^^^^^^^^^^^^^^^^^^^^^^
  File "D:\Users\Desktop\automator_project\venv\Lib\site-packages\telebot\__init__.py", line 1179, in __threaded_polling
    raise e
  File "D:\Users\Desktop\automator_project\venv\Lib\site-packages\telebot\__init__.py", line 1140, in __threaded_polling
    polling_thread.raise_exceptions()
    ~~~~~~~~~~~~~~~~~~~~~~~~~~~~~~~^^
  File "D:\Users\Desktop\automator_project\venv\Lib\site-packages\telebot\util.py", line 110, in raise_exceptions
    raise self.exception_info
  File "D:\Users\Desktop\automator_project\venv\Lib\site-packages\telebot\util.py", line 92, in run
    task(*args, **kwargs)
    ~~~~^^^^^^^^^^^^^^^^^
  File "D:\Users\Desktop\automator_project\venv\Lib\site-packages\telebot\__init__.py", line 661, in __retrieve_updates
    updates = self.get_updates(offset=(self.last_update_id + 1),
                               allowed_updates=allowed_updates,
                               timeout=timeout, long_polling_timeout=long_polling_timeout)
  File "D:\Users\Desktop\automator_project\venv\Lib\site-packages\telebot\__init__.py", line 633, in get_updates
    json_updates = apihelper.get_updates(
        self.token, offset=offset, limit=limit, timeout=timeout, allowed_updates=allowed_updates,
        long_polling_timeout=long_polling_timeout)
  File "D:\Users\Desktop\automator_project\venv\Lib\site-packages\telebot\apihelper.py", line 321, in get_updates
    return _make_request(token, method_url, params=payload)
  File "D:\Users\Desktop\automator_project\venv\Lib\site-packages\telebot\apihelper.py", line 158, in _make_request
    result = _get_req_session().request(
        method, request_url, params=params, files=files,
        timeout=(connect_timeout, read_timeout), proxies=proxy)
  File "D:\Users\Desktop\automator_project\venv\Lib\site-packages\requests\sessions.py", line 589, in request
    resp = self.send(prep, **send_kwargs)
  File "D:\Users\Desktop\automator_project\venv\Lib\site-packages\requests\sessions.py", line 703, in send
    r = adapter.send(request, **kwargs)
  File "D:\Users\Desktop\automator_project\venv\Lib\site-packages\requests\adapters.py", line 519, in send
    raise ConnectionError(e, request=request)
requests.exceptions.ConnectionError: HTTPSConnectionPool(host='api.telegram.org', port=443): Max retries exceeded with url: /bot8730236171:AAFy_65gvPbjYkMvnxpGyZ5bOirrxUC6rJQ/getUpdates?offset=95087094&timeout=20 (Caused by NameResolutionError("HTTPSConnection(host='api.telegram.org', port=443): Failed to resolve 'api.telegram.org' ([Errno 11001] getaddrinfo failed)"))

2026-03-31 02:31:59,927 - TeleBot - ERROR - Infinity polling exception: HTTPSConnectionPool(host='api.telegram.org', port=443): Max retries exceeded with url: /bot8730236171:AAFy_65gvPbjYkMvnxpGyZ5bOirrxUC6rJQ/getUpdates?offset=95087094&timeout=20 (Caused by NameResolutionError("HTTPSConnection(host='api.telegram.org', port=443): Failed to resolve 'api.telegram.org' ([Errno 11001] getaddrinfo failed)"))
2026-03-31 02:31:59,934 - TeleBot - ERROR - Exception traceback:
Traceback (most recent call last):
  File "D:\Users\Desktop\automator_project\venv\Lib\site-packages\urllib3\connection.py", line 204, in _new_conn
    sock = connection.create_connection(
        (self._dns_host, self.port),
    ...<2 lines>...
        socket_options=self.socket_options,
    )
  File "D:\Users\Desktop\automator_project\venv\Lib\site-packages\urllib3\util\connection.py", line 60, in create_connection
    for res in socket.getaddrinfo(host, port, family, socket.SOCK_STREAM):
               ~~~~~~~~~~~~~~~~~~^^^^^^^^^^^^^^^^^^^^^^^^^^^^^^^^^^^^^^^^
  File "C:\Users\Simonoviya\AppData\Local\Programs\Python\Python314\Lib\socket.py", line 983, in getaddrinfo
    for res in _socket.getaddrinfo(host, port, family, type, proto, flags):
               ~~~~~~~~~~~~~~~~~~~^^^^^^^^^^^^^^^^^^^^^^^^^^^^^^^^^^^^^^^^
socket.gaierror: [Errno 11001] getaddrinfo failed

The above exception was the direct cause of the following exception:

Traceback (most recent call last):
  File "D:\Users\Desktop\automator_project\venv\Lib\site-packages\urllib3\connectionpool.py", line 787, in urlopen
    response = self._make_request(
        conn,
    ...<10 lines>...
        **response_kw,
    )
  File "D:\Users\Desktop\automator_project\venv\Lib\site-packages\urllib3\connectionpool.py", line 488, in _make_request
    raise new_e
  File "D:\Users\Desktop\automator_project\venv\Lib\site-packages\urllib3\connectionpool.py", line 464, in _make_request
    self._validate_conn(conn)
    ~~~~~~~~~~~~~~~~~~~^^^^^^
  File "D:\Users\Desktop\automator_project\venv\Lib\site-packages\urllib3\connectionpool.py", line 1093, in _validate_conn
    conn.connect()
    ~~~~~~~~~~~~^^
  File "D:\Users\Desktop\automator_project\venv\Lib\site-packages\urllib3\connection.py", line 759, in connect
    self.sock = sock = self._new_conn()
                       ~~~~~~~~~~~~~~^^
  File "D:\Users\Desktop\automator_project\venv\Lib\site-packages\urllib3\connection.py", line 211, in _new_conn
    raise NameResolutionError(self.host, self, e) from e
urllib3.exceptions.NameResolutionError: HTTPSConnection(host='api.telegram.org', port=443): Failed to resolve 'api.telegram.org' ([Errno 11001] getaddrinfo failed)

The above exception was the direct cause of the following exception:

Traceback (most recent call last):
  File "D:\Users\Desktop\automator_project\venv\Lib\site-packages\requests\adapters.py", line 486, in send
    resp = conn.urlopen(
        method=request.method,
    ...<9 lines>...
        chunked=chunked,
    )
  File "D:\Users\Desktop\automator_project\venv\Lib\site-packages\urllib3\connectionpool.py", line 841, in urlopen
    retries = retries.increment(
        method, url, error=new_e, _pool=self, _stacktrace=sys.exc_info()[2]
    )
  File "D:\Users\Desktop\automator_project\venv\Lib\site-packages\urllib3\util\retry.py", line 535, in increment
    raise MaxRetryError(_pool, url, reason) from reason  # type: ignore[arg-type]
    ^^^^^^^^^^^^^^^^^^^^^^^^^^^^^^^^^^^^^^^^^^^^^^^^^^^
urllib3.exceptions.MaxRetryError: HTTPSConnectionPool(host='api.telegram.org', port=443): Max retries exceeded with url: /bot8730236171:AAFy_65gvPbjYkMvnxpGyZ5bOirrxUC6rJQ/getUpdates?offset=95087094&timeout=20 (Caused by NameResolutionError("HTTPSConnection(host='api.telegram.org', port=443): Failed to resolve 'api.telegram.org' ([Errno 11001] getaddrinfo failed)"))

During handling of the above exception, another exception occurred:

Traceback (most recent call last):
  File "D:\Users\Desktop\automator_project\venv\Lib\site-packages\telebot\__init__.py", line 1016, in infinity_polling
    self.polling(non_stop=True, timeout=timeout, long_polling_timeout=long_polling_timeout,
    ~~~~~~~~~~~~^^^^^^^^^^^^^^^^^^^^^^^^^^^^^^^^^^^^^^^^^^^^^^^^^^^^^^^^^^^^^^^^^^^^^^^^^^^
                 logger_level=logger_level, allowed_updates=allowed_updates, restart_on_change=False,
                 ^^^^^^^^^^^^^^^^^^^^^^^^^^^^^^^^^^^^^^^^^^^^^^^^^^^^^^^^^^^^^^^^^^^^^^^^^^^^^^^^^^^^
                 *args, **kwargs)
                 ^^^^^^^^^^^^^^^^
  File "D:\Users\Desktop\automator_project\venv\Lib\site-packages\telebot\__init__.py", line 1104, in polling
    self.__threaded_polling(non_stop=non_stop, interval=interval, timeout=timeout, long_polling_timeout=long_polling_timeout,
    ~~~~~~~~~~~~~~~~~~~~~~~^^^^^^^^^^^^^^^^^^^^^^^^^^^^^^^^^^^^^^^^^^^^^^^^^^^^^^^^^^^^^^^^^^^^^^^^^^^^^^^^^^^^^^^^^^^^^^^^^^
                            logger_level=logger_level, allowed_updates=allowed_updates)
                            ^^^^^^^^^^^^^^^^^^^^^^^^^^^^^^^^^^^^^^^^^^^^^^^^^^^^^^^^^^^
  File "D:\Users\Desktop\automator_project\venv\Lib\site-packages\telebot\__init__.py", line 1179, in __threaded_polling
    raise e
  File "D:\Users\Desktop\automator_project\venv\Lib\site-packages\telebot\__init__.py", line 1140, in __threaded_polling
    polling_thread.raise_exceptions()
    ~~~~~~~~~~~~~~~~~~~~~~~~~~~~~~~^^
  File "D:\Users\Desktop\automator_project\venv\Lib\site-packages\telebot\util.py", line 110, in raise_exceptions
    raise self.exception_info
  File "D:\Users\Desktop\automator_project\venv\Lib\site-packages\telebot\util.py", line 92, in run
    task(*args, **kwargs)
    ~~~~^^^^^^^^^^^^^^^^^
  File "D:\Users\Desktop\automator_project\venv\Lib\site-packages\telebot\__init__.py", line 661, in __retrieve_updates
    updates = self.get_updates(offset=(self.last_update_id + 1),
                               allowed_updates=allowed_updates,
                               timeout=timeout, long_polling_timeout=long_polling_timeout)
  File "D:\Users\Desktop\automator_project\venv\Lib\site-packages\telebot\__init__.py", line 633, in get_updates
    json_updates = apihelper.get_updates(
        self.token, offset=offset, limit=limit, timeout=timeout, allowed_updates=allowed_updates,
        long_polling_timeout=long_polling_timeout)
  File "D:\Users\Desktop\automator_project\venv\Lib\site-packages\telebot\apihelper.py", line 321, in get_updates
    return _make_request(token, method_url, params=payload)
  File "D:\Users\Desktop\automator_project\venv\Lib\site-packages\telebot\apihelper.py", line 158, in _make_request
    result = _get_req_session().request(
        method, request_url, params=params, files=files,
        timeout=(connect_timeout, read_timeout), proxies=proxy)
  File "D:\Users\Desktop\automator_project\venv\Lib\site-packages\requests\sessions.py", line 589, in request
    resp = self.send(prep, **send_kwargs)
  File "D:\Users\Desktop\automator_project\venv\Lib\site-packages\requests\sessions.py", line 703, in send
    r = adapter.send(request, **kwargs)
  File "D:\Users\Desktop\automator_project\venv\Lib\site-packages\requests\adapters.py", line 519, in send
    raise ConnectionError(e, request=request)
requests.exceptions.ConnectionError: HTTPSConnectionPool(host='api.telegram.org', port=443): Max retries exceeded with url: /bot8730236171:AAFy_65gvPbjYkMvnxpGyZ5bOirrxUC6rJQ/getUpdates?offset=95087094&timeout=20 (Caused by NameResolutionError("HTTPSConnection(host='api.telegram.org', port=443): Failed to resolve 'api.telegram.org' ([Errno 11001] getaddrinfo failed)"))

2026-03-31 02:32:14,426 - TeleBot - ERROR - Infinity polling exception: HTTPSConnectionPool(host='api.telegram.org', port=443): Max retries exceeded with url: /bot8730236171:AAFy_65gvPbjYkMvnxpGyZ5bOirrxUC6rJQ/getUpdates?offset=95087094&timeout=20 (Caused by NameResolutionError("HTTPSConnection(host='api.telegram.org', port=443): Failed to resolve 'api.telegram.org' ([Errno 11001] getaddrinfo failed)"))
2026-03-31 02:32:14,433 - TeleBot - ERROR - Exception traceback:
Traceback (most recent call last):
  File "D:\Users\Desktop\automator_project\venv\Lib\site-packages\urllib3\connection.py", line 204, in _new_conn
    sock = connection.create_connection(
        (self._dns_host, self.port),
    ...<2 lines>...
        socket_options=self.socket_options,
    )
  File "D:\Users\Desktop\automator_project\venv\Lib\site-packages\urllib3\util\connection.py", line 60, in create_connection
    for res in socket.getaddrinfo(host, port, family, socket.SOCK_STREAM):
               ~~~~~~~~~~~~~~~~~~^^^^^^^^^^^^^^^^^^^^^^^^^^^^^^^^^^^^^^^^
  File "C:\Users\Simonoviya\AppData\Local\Programs\Python\Python314\Lib\socket.py", line 983, in getaddrinfo
    for res in _socket.getaddrinfo(host, port, family, type, proto, flags):
               ~~~~~~~~~~~~~~~~~~~^^^^^^^^^^^^^^^^^^^^^^^^^^^^^^^^^^^^^^^^
socket.gaierror: [Errno 11001] getaddrinfo failed

The above exception was the direct cause of the following exception:

Traceback (most recent call last):
  File "D:\Users\Desktop\automator_project\venv\Lib\site-packages\urllib3\connectionpool.py", line 787, in urlopen
    response = self._make_request(
        conn,
    ...<10 lines>...
        **response_kw,
    )
  File "D:\Users\Desktop\automator_project\venv\Lib\site-packages\urllib3\connectionpool.py", line 488, in _make_request
    raise new_e
  File "D:\Users\Desktop\automator_project\venv\Lib\site-packages\urllib3\connectionpool.py", line 464, in _make_request
    self._validate_conn(conn)
    ~~~~~~~~~~~~~~~~~~~^^^^^^
  File "D:\Users\Desktop\automator_project\venv\Lib\site-packages\urllib3\connectionpool.py", line 1093, in _validate_conn
    conn.connect()
    ~~~~~~~~~~~~^^
  File "D:\Users\Desktop\automator_project\venv\Lib\site-packages\urllib3\connection.py", line 759, in connect
    self.sock = sock = self._new_conn()
                       ~~~~~~~~~~~~~~^^
  File "D:\Users\Desktop\automator_project\venv\Lib\site-packages\urllib3\connection.py", line 211, in _new_conn
    raise NameResolutionError(self.host, self, e) from e
urllib3.exceptions.NameResolutionError: HTTPSConnection(host='api.telegram.org', port=443): Failed to resolve 'api.telegram.org' ([Errno 11001] getaddrinfo failed)

The above exception was the direct cause of the following exception:

Traceback (most recent call last):
  File "D:\Users\Desktop\automator_project\venv\Lib\site-packages\requests\adapters.py", line 486, in send
    resp = conn.urlopen(
        method=request.method,
    ...<9 lines>...
        chunked=chunked,
    )
  File "D:\Users\Desktop\automator_project\venv\Lib\site-packages\urllib3\connectionpool.py", line 841, in urlopen
    retries = retries.increment(
        method, url, error=new_e, _pool=self, _stacktrace=sys.exc_info()[2]
    )
  File "D:\Users\Desktop\automator_project\venv\Lib\site-packages\urllib3\util\retry.py", line 535, in increment
    raise MaxRetryError(_pool, url, reason) from reason  # type: ignore[arg-type]
    ^^^^^^^^^^^^^^^^^^^^^^^^^^^^^^^^^^^^^^^^^^^^^^^^^^^
urllib3.exceptions.MaxRetryError: HTTPSConnectionPool(host='api.telegram.org', port=443): Max retries exceeded with url: /bot8730236171:AAFy_65gvPbjYkMvnxpGyZ5bOirrxUC6rJQ/getUpdates?offset=95087094&timeout=20 (Caused by NameResolutionError("HTTPSConnection(host='api.telegram.org', port=443): Failed to resolve 'api.telegram.org' ([Errno 11001] getaddrinfo failed)"))

During handling of the above exception, another exception occurred:

Traceback (most recent call last):
  File "D:\Users\Desktop\automator_project\venv\Lib\site-packages\telebot\__init__.py", line 1016, in infinity_polling
    self.polling(non_stop=True, timeout=timeout, long_polling_timeout=long_polling_timeout,
    ~~~~~~~~~~~~^^^^^^^^^^^^^^^^^^^^^^^^^^^^^^^^^^^^^^^^^^^^^^^^^^^^^^^^^^^^^^^^^^^^^^^^^^^
                 logger_level=logger_level, allowed_updates=allowed_updates, restart_on_change=False,
                 ^^^^^^^^^^^^^^^^^^^^^^^^^^^^^^^^^^^^^^^^^^^^^^^^^^^^^^^^^^^^^^^^^^^^^^^^^^^^^^^^^^^^
                 *args, **kwargs)
                 ^^^^^^^^^^^^^^^^
  File "D:\Users\Desktop\automator_project\venv\Lib\site-packages\telebot\__init__.py", line 1104, in polling
    self.__threaded_polling(non_stop=non_stop, interval=interval, timeout=timeout, long_polling_timeout=long_polling_timeout,
    ~~~~~~~~~~~~~~~~~~~~~~~^^^^^^^^^^^^^^^^^^^^^^^^^^^^^^^^^^^^^^^^^^^^^^^^^^^^^^^^^^^^^^^^^^^^^^^^^^^^^^^^^^^^^^^^^^^^^^^^^^
                            logger_level=logger_level, allowed_updates=allowed_updates)
                            ^^^^^^^^^^^^^^^^^^^^^^^^^^^^^^^^^^^^^^^^^^^^^^^^^^^^^^^^^^^
  File "D:\Users\Desktop\automator_project\venv\Lib\site-packages\telebot\__init__.py", line 1179, in __threaded_polling
    raise e
  File "D:\Users\Desktop\automator_project\venv\Lib\site-packages\telebot\__init__.py", line 1140, in __threaded_polling
    polling_thread.raise_exceptions()
    ~~~~~~~~~~~~~~~~~~~~~~~~~~~~~~~^^
  File "D:\Users\Desktop\automator_project\venv\Lib\site-packages\telebot\util.py", line 110, in raise_exceptions
    raise self.exception_info
  File "D:\Users\Desktop\automator_project\venv\Lib\site-packages\telebot\util.py", line 92, in run
    task(*args, **kwargs)
    ~~~~^^^^^^^^^^^^^^^^^
  File "D:\Users\Desktop\automator_project\venv\Lib\site-packages\telebot\__init__.py", line 661, in __retrieve_updates
    updates = self.get_updates(offset=(self.last_update_id + 1),
                               allowed_updates=allowed_updates,
                               timeout=timeout, long_polling_timeout=long_polling_timeout)
  File "D:\Users\Desktop\automator_project\venv\Lib\site-packages\telebot\__init__.py", line 633, in get_updates
    json_updates = apihelper.get_updates(
        self.token, offset=offset, limit=limit, timeout=timeout, allowed_updates=allowed_updates,
        long_polling_timeout=long_polling_timeout)
  File "D:\Users\Desktop\automator_project\venv\Lib\site-packages\telebot\apihelper.py", line 321, in get_updates
    return _make_request(token, method_url, params=payload)
  File "D:\Users\Desktop\automator_project\venv\Lib\site-packages\telebot\apihelper.py", line 158, in _make_request
    result = _get_req_session().request(
        method, request_url, params=params, files=files,
        timeout=(connect_timeout, read_timeout), proxies=proxy)
  File "D:\Users\Desktop\automator_project\venv\Lib\site-packages\requests\sessions.py", line 589, in request
    resp = self.send(prep, **send_kwargs)
  File "D:\Users\Desktop\automator_project\venv\Lib\site-packages\requests\sessions.py", line 703, in send
    r = adapter.send(request, **kwargs)
  File "D:\Users\Desktop\automator_project\venv\Lib\site-packages\requests\adapters.py", line 519, in send
    raise ConnectionError(e, request=request)
requests.exceptions.ConnectionError: HTTPSConnectionPool(host='api.telegram.org', port=443): Max retries exceeded with url: /bot8730236171:AAFy_65gvPbjYkMvnxpGyZ5bOirrxUC6rJQ/getUpdates?offset=95087094&timeout=20 (Caused by NameResolutionError("HTTPSConnection(host='api.telegram.org', port=443): Failed to resolve 'api.telegram.org' ([Errno 11001] getaddrinfo failed)"))

2026-03-31 02:32:28,914 - TeleBot - ERROR - Infinity polling exception: HTTPSConnectionPool(host='api.telegram.org', port=443): Max retries exceeded with url: /bot8730236171:AAFy_65gvPbjYkMvnxpGyZ5bOirrxUC6rJQ/getUpdates?offset=95087094&timeout=20 (Caused by NameResolutionError("HTTPSConnection(host='api.telegram.org', port=443): Failed to resolve 'api.telegram.org' ([Errno 11001] getaddrinfo failed)"))
2026-03-31 02:32:28,924 - TeleBot - ERROR - Exception traceback:
Traceback (most recent call last):
  File "D:\Users\Desktop\automator_project\venv\Lib\site-packages\urllib3\connection.py", line 204, in _new_conn
    sock = connection.create_connection(
        (self._dns_host, self.port),
    ...<2 lines>...
        socket_options=self.socket_options,
    )
  File "D:\Users\Desktop\automator_project\venv\Lib\site-packages\urllib3\util\connection.py", line 60, in create_connection
    for res in socket.getaddrinfo(host, port, family, socket.SOCK_STREAM):
               ~~~~~~~~~~~~~~~~~~^^^^^^^^^^^^^^^^^^^^^^^^^^^^^^^^^^^^^^^^
  File "C:\Users\Simonoviya\AppData\Local\Programs\Python\Python314\Lib\socket.py", line 983, in getaddrinfo
    for res in _socket.getaddrinfo(host, port, family, type, proto, flags):
               ~~~~~~~~~~~~~~~~~~~^^^^^^^^^^^^^^^^^^^^^^^^^^^^^^^^^^^^^^^^
socket.gaierror: [Errno 11001] getaddrinfo failed

The above exception was the direct cause of the following exception:

Traceback (most recent call last):
  File "D:\Users\Desktop\automator_project\venv\Lib\site-packages\urllib3\connectionpool.py", line 787, in urlopen
    response = self._make_request(
        conn,
    ...<10 lines>...
        **response_kw,
    )
  File "D:\Users\Desktop\automator_project\venv\Lib\site-packages\urllib3\connectionpool.py", line 488, in _make_request
    raise new_e
  File "D:\Users\Desktop\automator_project\venv\Lib\site-packages\urllib3\connectionpool.py", line 464, in _make_request
    self._validate_conn(conn)
    ~~~~~~~~~~~~~~~~~~~^^^^^^
  File "D:\Users\Desktop\automator_project\venv\Lib\site-packages\urllib3\connectionpool.py", line 1093, in _validate_conn
    conn.connect()
    ~~~~~~~~~~~~^^
  File "D:\Users\Desktop\automator_project\venv\Lib\site-packages\urllib3\connection.py", line 759, in connect
    self.sock = sock = self._new_conn()
                       ~~~~~~~~~~~~~~^^
  File "D:\Users\Desktop\automator_project\venv\Lib\site-packages\urllib3\connection.py", line 211, in _new_conn
    raise NameResolutionError(self.host, self, e) from e
urllib3.exceptions.NameResolutionError: HTTPSConnection(host='api.telegram.org', port=443): Failed to resolve 'api.telegram.org' ([Errno 11001] getaddrinfo failed)

The above exception was the direct cause of the following exception:

Traceback (most recent call last):
  File "D:\Users\Desktop\automator_project\venv\Lib\site-packages\requests\adapters.py", line 486, in send
    resp = conn.urlopen(
        method=request.method,
    ...<9 lines>...
        chunked=chunked,
    )
  File "D:\Users\Desktop\automator_project\venv\Lib\site-packages\urllib3\connectionpool.py", line 841, in urlopen
    retries = retries.increment(
        method, url, error=new_e, _pool=self, _stacktrace=sys.exc_info()[2]
    )
  File "D:\Users\Desktop\automator_project\venv\Lib\site-packages\urllib3\util\retry.py", line 535, in increment
    raise MaxRetryError(_pool, url, reason) from reason  # type: ignore[arg-type]
    ^^^^^^^^^^^^^^^^^^^^^^^^^^^^^^^^^^^^^^^^^^^^^^^^^^^
urllib3.exceptions.MaxRetryError: HTTPSConnectionPool(host='api.telegram.org', port=443): Max retries exceeded with url: /bot8730236171:AAFy_65gvPbjYkMvnxpGyZ5bOirrxUC6rJQ/getUpdates?offset=95087094&timeout=20 (Caused by NameResolutionError("HTTPSConnection(host='api.telegram.org', port=443): Failed to resolve 'api.telegram.org' ([Errno 11001] getaddrinfo failed)"))

During handling of the above exception, another exception occurred:

Traceback (most recent call last):
  File "D:\Users\Desktop\automator_project\venv\Lib\site-packages\telebot\__init__.py", line 1016, in infinity_polling
    self.polling(non_stop=True, timeout=timeout, long_polling_timeout=long_polling_timeout,
    ~~~~~~~~~~~~^^^^^^^^^^^^^^^^^^^^^^^^^^^^^^^^^^^^^^^^^^^^^^^^^^^^^^^^^^^^^^^^^^^^^^^^^^^
                 logger_level=logger_level, allowed_updates=allowed_updates, restart_on_change=False,
                 ^^^^^^^^^^^^^^^^^^^^^^^^^^^^^^^^^^^^^^^^^^^^^^^^^^^^^^^^^^^^^^^^^^^^^^^^^^^^^^^^^^^^
                 *args, **kwargs)
                 ^^^^^^^^^^^^^^^^
  File "D:\Users\Desktop\automator_project\venv\Lib\site-packages\telebot\__init__.py", line 1104, in polling
    self.__threaded_polling(non_stop=non_stop, interval=interval, timeout=timeout, long_polling_timeout=long_polling_timeout,
    ~~~~~~~~~~~~~~~~~~~~~~~^^^^^^^^^^^^^^^^^^^^^^^^^^^^^^^^^^^^^^^^^^^^^^^^^^^^^^^^^^^^^^^^^^^^^^^^^^^^^^^^^^^^^^^^^^^^^^^^^^
                            logger_level=logger_level, allowed_updates=allowed_updates)
                            ^^^^^^^^^^^^^^^^^^^^^^^^^^^^^^^^^^^^^^^^^^^^^^^^^^^^^^^^^^^
  File "D:\Users\Desktop\automator_project\venv\Lib\site-packages\telebot\__init__.py", line 1179, in __threaded_polling
    raise e
  File "D:\Users\Desktop\automator_project\venv\Lib\site-packages\telebot\__init__.py", line 1140, in __threaded_polling
    polling_thread.raise_exceptions()
    ~~~~~~~~~~~~~~~~~~~~~~~~~~~~~~~^^
  File "D:\Users\Desktop\automator_project\venv\Lib\site-packages\telebot\util.py", line 110, in raise_exceptions
    raise self.exception_info
  File "D:\Users\Desktop\automator_project\venv\Lib\site-packages\telebot\util.py", line 92, in run
    task(*args, **kwargs)
    ~~~~^^^^^^^^^^^^^^^^^
  File "D:\Users\Desktop\automator_project\venv\Lib\site-packages\telebot\__init__.py", line 661, in __retrieve_updates
    updates = self.get_updates(offset=(self.last_update_id + 1),
                               allowed_updates=allowed_updates,
                               timeout=timeout, long_polling_timeout=long_polling_timeout)
  File "D:\Users\Desktop\automator_project\venv\Lib\site-packages\telebot\__init__.py", line 633, in get_updates
    json_updates = apihelper.get_updates(
        self.token, offset=offset, limit=limit, timeout=timeout, allowed_updates=allowed_updates,
        long_polling_timeout=long_polling_timeout)
  File "D:\Users\Desktop\automator_project\venv\Lib\site-packages\telebot\apihelper.py", line 321, in get_updates
    return _make_request(token, method_url, params=payload)
  File "D:\Users\Desktop\automator_project\venv\Lib\site-packages\telebot\apihelper.py", line 158, in _make_request
    result = _get_req_session().request(
        method, request_url, params=params, files=files,
        timeout=(connect_timeout, read_timeout), proxies=proxy)
  File "D:\Users\Desktop\automator_project\venv\Lib\site-packages\requests\sessions.py", line 589, in request
    resp = self.send(prep, **send_kwargs)
  File "D:\Users\Desktop\automator_project\venv\Lib\site-packages\requests\sessions.py", line 703, in send
    r = adapter.send(request, **kwargs)
  File "D:\Users\Desktop\automator_project\venv\Lib\site-packages\requests\adapters.py", line 519, in send
    raise ConnectionError(e, request=request)
requests.exceptions.ConnectionError: HTTPSConnectionPool(host='api.telegram.org', port=443): Max retries exceeded with url: /bot8730236171:AAFy_65gvPbjYkMvnxpGyZ5bOirrxUC6rJQ/getUpdates?offset=95087094&timeout=20 (Caused by NameResolutionError("HTTPSConnection(host='api.telegram.org', port=443): Failed to resolve 'api.telegram.org' ([Errno 11001] getaddrinfo failed)"))

2026-03-31 02:32:43,418 - TeleBot - ERROR - Infinity polling exception: HTTPSConnectionPool(host='api.telegram.org', port=443): Max retries exceeded with url: /bot8730236171:AAFy_65gvPbjYkMvnxpGyZ5bOirrxUC6rJQ/getUpdates?offset=95087094&timeout=20 (Caused by NameResolutionError("HTTPSConnection(host='api.telegram.org', port=443): Failed to resolve 'api.telegram.org' ([Errno 11001] getaddrinfo failed)"))
2026-03-31 02:32:43,428 - TeleBot - ERROR - Exception traceback:
Traceback (most recent call last):
  File "D:\Users\Desktop\automator_project\venv\Lib\site-packages\urllib3\connection.py", line 204, in _new_conn
    sock = connection.create_connection(
        (self._dns_host, self.port),
    ...<2 lines>...
        socket_options=self.socket_options,
    )
  File "D:\Users\Desktop\automator_project\venv\Lib\site-packages\urllib3\util\connection.py", line 60, in create_connection
    for res in socket.getaddrinfo(host, port, family, socket.SOCK_STREAM):
               ~~~~~~~~~~~~~~~~~~^^^^^^^^^^^^^^^^^^^^^^^^^^^^^^^^^^^^^^^^
  File "C:\Users\Simonoviya\AppData\Local\Programs\Python\Python314\Lib\socket.py", line 983, in getaddrinfo
    for res in _socket.getaddrinfo(host, port, family, type, proto, flags):
               ~~~~~~~~~~~~~~~~~~~^^^^^^^^^^^^^^^^^^^^^^^^^^^^^^^^^^^^^^^^
socket.gaierror: [Errno 11001] getaddrinfo failed

The above exception was the direct cause of the following exception:

Traceback (most recent call last):
  File "D:\Users\Desktop\automator_project\venv\Lib\site-packages\urllib3\connectionpool.py", line 787, in urlopen
    response = self._make_request(
        conn,
    ...<10 lines>...
        **response_kw,
    )
  File "D:\Users\Desktop\automator_project\venv\Lib\site-packages\urllib3\connectionpool.py", line 488, in _make_request
    raise new_e
  File "D:\Users\Desktop\automator_project\venv\Lib\site-packages\urllib3\connectionpool.py", line 464, in _make_request
    self._validate_conn(conn)
    ~~~~~~~~~~~~~~~~~~~^^^^^^
  File "D:\Users\Desktop\automator_project\venv\Lib\site-packages\urllib3\connectionpool.py", line 1093, in _validate_conn
    conn.connect()
    ~~~~~~~~~~~~^^
  File "D:\Users\Desktop\automator_project\venv\Lib\site-packages\urllib3\connection.py", line 759, in connect
    self.sock = sock = self._new_conn()
                       ~~~~~~~~~~~~~~^^
  File "D:\Users\Desktop\automator_project\venv\Lib\site-packages\urllib3\connection.py", line 211, in _new_conn
    raise NameResolutionError(self.host, self, e) from e
urllib3.exceptions.NameResolutionError: HTTPSConnection(host='api.telegram.org', port=443): Failed to resolve 'api.telegram.org' ([Errno 11001] getaddrinfo failed)

The above exception was the direct cause of the following exception:

Traceback (most recent call last):
  File "D:\Users\Desktop\automator_project\venv\Lib\site-packages\requests\adapters.py", line 486, in send
    resp = conn.urlopen(
        method=request.method,
    ...<9 lines>...
        chunked=chunked,
    )
  File "D:\Users\Desktop\automator_project\venv\Lib\site-packages\urllib3\connectionpool.py", line 841, in urlopen
    retries = retries.increment(
        method, url, error=new_e, _pool=self, _stacktrace=sys.exc_info()[2]
    )
  File "D:\Users\Desktop\automator_project\venv\Lib\site-packages\urllib3\util\retry.py", line 535, in increment
    raise MaxRetryError(_pool, url, reason) from reason  # type: ignore[arg-type]
    ^^^^^^^^^^^^^^^^^^^^^^^^^^^^^^^^^^^^^^^^^^^^^^^^^^^
urllib3.exceptions.MaxRetryError: HTTPSConnectionPool(host='api.telegram.org', port=443): Max retries exceeded with url: /bot8730236171:AAFy_65gvPbjYkMvnxpGyZ5bOirrxUC6rJQ/getUpdates?offset=95087094&timeout=20 (Caused by NameResolutionError("HTTPSConnection(host='api.telegram.org', port=443): Failed to resolve 'api.telegram.org' ([Errno 11001] getaddrinfo failed)"))

During handling of the above exception, another exception occurred:

Traceback (most recent call last):
  File "D:\Users\Desktop\automator_project\venv\Lib\site-packages\telebot\__init__.py", line 1016, in infinity_polling
    self.polling(non_stop=True, timeout=timeout, long_polling_timeout=long_polling_timeout,
    ~~~~~~~~~~~~^^^^^^^^^^^^^^^^^^^^^^^^^^^^^^^^^^^^^^^^^^^^^^^^^^^^^^^^^^^^^^^^^^^^^^^^^^^
                 logger_level=logger_level, allowed_updates=allowed_updates, restart_on_change=False,
                 ^^^^^^^^^^^^^^^^^^^^^^^^^^^^^^^^^^^^^^^^^^^^^^^^^^^^^^^^^^^^^^^^^^^^^^^^^^^^^^^^^^^^
                 *args, **kwargs)
                 ^^^^^^^^^^^^^^^^
  File "D:\Users\Desktop\automator_project\venv\Lib\site-packages\telebot\__init__.py", line 1104, in polling
    self.__threaded_polling(non_stop=non_stop, interval=interval, timeout=timeout, long_polling_timeout=long_polling_timeout,
    ~~~~~~~~~~~~~~~~~~~~~~~^^^^^^^^^^^^^^^^^^^^^^^^^^^^^^^^^^^^^^^^^^^^^^^^^^^^^^^^^^^^^^^^^^^^^^^^^^^^^^^^^^^^^^^^^^^^^^^^^^
                            logger_level=logger_level, allowed_updates=allowed_updates)
                            ^^^^^^^^^^^^^^^^^^^^^^^^^^^^^^^^^^^^^^^^^^^^^^^^^^^^^^^^^^^
  File "D:\Users\Desktop\automator_project\venv\Lib\site-packages\telebot\__init__.py", line 1179, in __threaded_polling
    raise e
  File "D:\Users\Desktop\automator_project\venv\Lib\site-packages\telebot\__init__.py", line 1140, in __threaded_polling
    polling_thread.raise_exceptions()
    ~~~~~~~~~~~~~~~~~~~~~~~~~~~~~~~^^
  File "D:\Users\Desktop\automator_project\venv\Lib\site-packages\telebot\util.py", line 110, in raise_exceptions
    raise self.exception_info
  File "D:\Users\Desktop\automator_project\venv\Lib\site-packages\telebot\util.py", line 92, in run
    task(*args, **kwargs)
    ~~~~^^^^^^^^^^^^^^^^^
  File "D:\Users\Desktop\automator_project\venv\Lib\site-packages\telebot\__init__.py", line 661, in __retrieve_updates
    updates = self.get_updates(offset=(self.last_update_id + 1),
                               allowed_updates=allowed_updates,
                               timeout=timeout, long_polling_timeout=long_polling_timeout)
  File "D:\Users\Desktop\automator_project\venv\Lib\site-packages\telebot\__init__.py", line 633, in get_updates
    json_updates = apihelper.get_updates(
        self.token, offset=offset, limit=limit, timeout=timeout, allowed_updates=allowed_updates,
        long_polling_timeout=long_polling_timeout)
  File "D:\Users\Desktop\automator_project\venv\Lib\site-packages\telebot\apihelper.py", line 321, in get_updates
    return _make_request(token, method_url, params=payload)
  File "D:\Users\Desktop\automator_project\venv\Lib\site-packages\telebot\apihelper.py", line 158, in _make_request
    result = _get_req_session().request(
        method, request_url, params=params, files=files,
        timeout=(connect_timeout, read_timeout), proxies=proxy)
  File "D:\Users\Desktop\automator_project\venv\Lib\site-packages\requests\sessions.py", line 589, in request
    resp = self.send(prep, **send_kwargs)
  File "D:\Users\Desktop\automator_project\venv\Lib\site-packages\requests\sessions.py", line 703, in send
    r = adapter.send(request, **kwargs)
  File "D:\Users\Desktop\automator_project\venv\Lib\site-packages\requests\adapters.py", line 519, in send
    raise ConnectionError(e, request=request)
requests.exceptions.ConnectionError: HTTPSConnectionPool(host='api.telegram.org', port=443): Max retries exceeded with url: /bot8730236171:AAFy_65gvPbjYkMvnxpGyZ5bOirrxUC6rJQ/getUpdates?offset=95087094&timeout=20 (Caused by NameResolutionError("HTTPSConnection(host='api.telegram.org', port=443): Failed to resolve 'api.telegram.org' ([Errno 11001] getaddrinfo failed)"))

2026-03-31 02:32:57,932 - TeleBot - ERROR - Infinity polling exception: HTTPSConnectionPool(host='api.telegram.org', port=443): Max retries exceeded with url: /bot8730236171:AAFy_65gvPbjYkMvnxpGyZ5bOirrxUC6rJQ/getUpdates?offset=95087094&timeout=20 (Caused by NameResolutionError("HTTPSConnection(host='api.telegram.org', port=443): Failed to resolve 'api.telegram.org' ([Errno 11001] getaddrinfo failed)"))
2026-03-31 02:32:57,941 - TeleBot - ERROR - Exception traceback:
Traceback (most recent call last):
  File "D:\Users\Desktop\automator_project\venv\Lib\site-packages\urllib3\connection.py", line 204, in _new_conn
    sock = connection.create_connection(
        (self._dns_host, self.port),
    ...<2 lines>...
        socket_options=self.socket_options,
    )
  File "D:\Users\Desktop\automator_project\venv\Lib\site-packages\urllib3\util\connection.py", line 60, in create_connection
    for res in socket.getaddrinfo(host, port, family, socket.SOCK_STREAM):
               ~~~~~~~~~~~~~~~~~~^^^^^^^^^^^^^^^^^^^^^^^^^^^^^^^^^^^^^^^^
  File "C:\Users\Simonoviya\AppData\Local\Programs\Python\Python314\Lib\socket.py", line 983, in getaddrinfo
    for res in _socket.getaddrinfo(host, port, family, type, proto, flags):
               ~~~~~~~~~~~~~~~~~~~^^^^^^^^^^^^^^^^^^^^^^^^^^^^^^^^^^^^^^^^
socket.gaierror: [Errno 11001] getaddrinfo failed

The above exception was the direct cause of the following exception:

Traceback (most recent call last):
  File "D:\Users\Desktop\automator_project\venv\Lib\site-packages\urllib3\connectionpool.py", line 787, in urlopen
    response = self._make_request(
        conn,
    ...<10 lines>...
        **response_kw,
    )
  File "D:\Users\Desktop\automator_project\venv\Lib\site-packages\urllib3\connectionpool.py", line 488, in _make_request
    raise new_e
  File "D:\Users\Desktop\automator_project\venv\Lib\site-packages\urllib3\connectionpool.py", line 464, in _make_request
    self._validate_conn(conn)
    ~~~~~~~~~~~~~~~~~~~^^^^^^
  File "D:\Users\Desktop\automator_project\venv\Lib\site-packages\urllib3\connectionpool.py", line 1093, in _validate_conn
    conn.connect()
    ~~~~~~~~~~~~^^
  File "D:\Users\Desktop\automator_project\venv\Lib\site-packages\urllib3\connection.py", line 759, in connect
    self.sock = sock = self._new_conn()
                       ~~~~~~~~~~~~~~^^
  File "D:\Users\Desktop\automator_project\venv\Lib\site-packages\urllib3\connection.py", line 211, in _new_conn
    raise NameResolutionError(self.host, self, e) from e
urllib3.exceptions.NameResolutionError: HTTPSConnection(host='api.telegram.org', port=443): Failed to resolve 'api.telegram.org' ([Errno 11001] getaddrinfo failed)

The above exception was the direct cause of the following exception:

Traceback (most recent call last):
  File "D:\Users\Desktop\automator_project\venv\Lib\site-packages\requests\adapters.py", line 486, in send
    resp = conn.urlopen(
        method=request.method,
    ...<9 lines>...
        chunked=chunked,
    )
  File "D:\Users\Desktop\automator_project\venv\Lib\site-packages\urllib3\connectionpool.py", line 841, in urlopen
    retries = retries.increment(
        method, url, error=new_e, _pool=self, _stacktrace=sys.exc_info()[2]
    )
  File "D:\Users\Desktop\automator_project\venv\Lib\site-packages\urllib3\util\retry.py", line 535, in increment
    raise MaxRetryError(_pool, url, reason) from reason  # type: ignore[arg-type]
    ^^^^^^^^^^^^^^^^^^^^^^^^^^^^^^^^^^^^^^^^^^^^^^^^^^^
urllib3.exceptions.MaxRetryError: HTTPSConnectionPool(host='api.telegram.org', port=443): Max retries exceeded with url: /bot8730236171:AAFy_65gvPbjYkMvnxpGyZ5bOirrxUC6rJQ/getUpdates?offset=95087094&timeout=20 (Caused by NameResolutionError("HTTPSConnection(host='api.telegram.org', port=443): Failed to resolve 'api.telegram.org' ([Errno 11001] getaddrinfo failed)"))

During handling of the above exception, another exception occurred:

Traceback (most recent call last):
  File "D:\Users\Desktop\automator_project\venv\Lib\site-packages\telebot\__init__.py", line 1016, in infinity_polling
    self.polling(non_stop=True, timeout=timeout, long_polling_timeout=long_polling_timeout,
    ~~~~~~~~~~~~^^^^^^^^^^^^^^^^^^^^^^^^^^^^^^^^^^^^^^^^^^^^^^^^^^^^^^^^^^^^^^^^^^^^^^^^^^^
                 logger_level=logger_level, allowed_updates=allowed_updates, restart_on_change=False,
                 ^^^^^^^^^^^^^^^^^^^^^^^^^^^^^^^^^^^^^^^^^^^^^^^^^^^^^^^^^^^^^^^^^^^^^^^^^^^^^^^^^^^^
                 *args, **kwargs)
                 ^^^^^^^^^^^^^^^^
  File "D:\Users\Desktop\automator_project\venv\Lib\site-packages\telebot\__init__.py", line 1104, in polling
    self.__threaded_polling(non_stop=non_stop, interval=interval, timeout=timeout, long_polling_timeout=long_polling_timeout,
    ~~~~~~~~~~~~~~~~~~~~~~~^^^^^^^^^^^^^^^^^^^^^^^^^^^^^^^^^^^^^^^^^^^^^^^^^^^^^^^^^^^^^^^^^^^^^^^^^^^^^^^^^^^^^^^^^^^^^^^^^^
                            logger_level=logger_level, allowed_updates=allowed_updates)
                            ^^^^^^^^^^^^^^^^^^^^^^^^^^^^^^^^^^^^^^^^^^^^^^^^^^^^^^^^^^^
  File "D:\Users\Desktop\automator_project\venv\Lib\site-packages\telebot\__init__.py", line 1179, in __threaded_polling
    raise e
  File "D:\Users\Desktop\automator_project\venv\Lib\site-packages\telebot\__init__.py", line 1140, in __threaded_polling
    polling_thread.raise_exceptions()
    ~~~~~~~~~~~~~~~~~~~~~~~~~~~~~~~^^
  File "D:\Users\Desktop\automator_project\venv\Lib\site-packages\telebot\util.py", line 110, in raise_exceptions
    raise self.exception_info
  File "D:\Users\Desktop\automator_project\venv\Lib\site-packages\telebot\util.py", line 92, in run
    task(*args, **kwargs)
    ~~~~^^^^^^^^^^^^^^^^^
  File "D:\Users\Desktop\automator_project\venv\Lib\site-packages\telebot\__init__.py", line 661, in __retrieve_updates
    updates = self.get_updates(offset=(self.last_update_id + 1),
                               allowed_updates=allowed_updates,
                               timeout=timeout, long_polling_timeout=long_polling_timeout)
  File "D:\Users\Desktop\automator_project\venv\Lib\site-packages\telebot\__init__.py", line 633, in get_updates
    json_updates = apihelper.get_updates(
        self.token, offset=offset, limit=limit, timeout=timeout, allowed_updates=allowed_updates,
        long_polling_timeout=long_polling_timeout)
  File "D:\Users\Desktop\automator_project\venv\Lib\site-packages\telebot\apihelper.py", line 321, in get_updates
    return _make_request(token, method_url, params=payload)
  File "D:\Users\Desktop\automator_project\venv\Lib\site-packages\telebot\apihelper.py", line 158, in _make_request
    result = _get_req_session().request(
        method, request_url, params=params, files=files,
        timeout=(connect_timeout, read_timeout), proxies=proxy)
  File "D:\Users\Desktop\automator_project\venv\Lib\site-packages\requests\sessions.py", line 589, in request
    resp = self.send(prep, **send_kwargs)
  File "D:\Users\Desktop\automator_project\venv\Lib\site-packages\requests\sessions.py", line 703, in send
    r = adapter.send(request, **kwargs)
  File "D:\Users\Desktop\automator_project\venv\Lib\site-packages\requests\adapters.py", line 519, in send
    raise ConnectionError(e, request=request)
requests.exceptions.ConnectionError: HTTPSConnectionPool(host='api.telegram.org', port=443): Max retries exceeded with url: /bot8730236171:AAFy_65gvPbjYkMvnxpGyZ5bOirrxUC6rJQ/getUpdates?offset=95087094&timeout=20 (Caused by NameResolutionError("HTTPSConnection(host='api.telegram.org', port=443): Failed to resolve 'api.telegram.org' ([Errno 11001] getaddrinfo failed)"))

2026-03-31 02:33:12,454 - TeleBot - ERROR - Infinity polling exception: HTTPSConnectionPool(host='api.telegram.org', port=443): Max retries exceeded with url: /bot8730236171:AAFy_65gvPbjYkMvnxpGyZ5bOirrxUC6rJQ/getUpdates?offset=95087094&timeout=20 (Caused by NameResolutionError("HTTPSConnection(host='api.telegram.org', port=443): Failed to resolve 'api.telegram.org' ([Errno 11001] getaddrinfo failed)"))
2026-03-31 02:33:12,463 - TeleBot - ERROR - Exception traceback:
Traceback (most recent call last):
  File "D:\Users\Desktop\automator_project\venv\Lib\site-packages\urllib3\connection.py", line 204, in _new_conn
    sock = connection.create_connection(
        (self._dns_host, self.port),
    ...<2 lines>...
        socket_options=self.socket_options,
    )
  File "D:\Users\Desktop\automator_project\venv\Lib\site-packages\urllib3\util\connection.py", line 60, in create_connection
    for res in socket.getaddrinfo(host, port, family, socket.SOCK_STREAM):
               ~~~~~~~~~~~~~~~~~~^^^^^^^^^^^^^^^^^^^^^^^^^^^^^^^^^^^^^^^^
  File "C:\Users\Simonoviya\AppData\Local\Programs\Python\Python314\Lib\socket.py", line 983, in getaddrinfo
    for res in _socket.getaddrinfo(host, port, family, type, proto, flags):
               ~~~~~~~~~~~~~~~~~~~^^^^^^^^^^^^^^^^^^^^^^^^^^^^^^^^^^^^^^^^
socket.gaierror: [Errno 11001] getaddrinfo failed

The above exception was the direct cause of the following exception:

Traceback (most recent call last):
  File "D:\Users\Desktop\automator_project\venv\Lib\site-packages\urllib3\connectionpool.py", line 787, in urlopen
    response = self._make_request(
        conn,
    ...<10 lines>...
        **response_kw,
    )
  File "D:\Users\Desktop\automator_project\venv\Lib\site-packages\urllib3\connectionpool.py", line 488, in _make_request
    raise new_e
  File "D:\Users\Desktop\automator_project\venv\Lib\site-packages\urllib3\connectionpool.py", line 464, in _make_request
    self._validate_conn(conn)
    ~~~~~~~~~~~~~~~~~~~^^^^^^
  File "D:\Users\Desktop\automator_project\venv\Lib\site-packages\urllib3\connectionpool.py", line 1093, in _validate_conn
    conn.connect()
    ~~~~~~~~~~~~^^
  File "D:\Users\Desktop\automator_project\venv\Lib\site-packages\urllib3\connection.py", line 759, in connect
    self.sock = sock = self._new_conn()
                       ~~~~~~~~~~~~~~^^
  File "D:\Users\Desktop\automator_project\venv\Lib\site-packages\urllib3\connection.py", line 211, in _new_conn
    raise NameResolutionError(self.host, self, e) from e
urllib3.exceptions.NameResolutionError: HTTPSConnection(host='api.telegram.org', port=443): Failed to resolve 'api.telegram.org' ([Errno 11001] getaddrinfo failed)

The above exception was the direct cause of the following exception:

Traceback (most recent call last):
  File "D:\Users\Desktop\automator_project\venv\Lib\site-packages\requests\adapters.py", line 486, in send
    resp = conn.urlopen(
        method=request.method,
    ...<9 lines>...
        chunked=chunked,
    )
  File "D:\Users\Desktop\automator_project\venv\Lib\site-packages\urllib3\connectionpool.py", line 841, in urlopen
    retries = retries.increment(
        method, url, error=new_e, _pool=self, _stacktrace=sys.exc_info()[2]
    )
  File "D:\Users\Desktop\automator_project\venv\Lib\site-packages\urllib3\util\retry.py", line 535, in increment
    raise MaxRetryError(_pool, url, reason) from reason  # type: ignore[arg-type]
    ^^^^^^^^^^^^^^^^^^^^^^^^^^^^^^^^^^^^^^^^^^^^^^^^^^^
urllib3.exceptions.MaxRetryError: HTTPSConnectionPool(host='api.telegram.org', port=443): Max retries exceeded with url: /bot8730236171:AAFy_65gvPbjYkMvnxpGyZ5bOirrxUC6rJQ/getUpdates?offset=95087094&timeout=20 (Caused by NameResolutionError("HTTPSConnection(host='api.telegram.org', port=443): Failed to resolve 'api.telegram.org' ([Errno 11001] getaddrinfo failed)"))

During handling of the above exception, another exception occurred:

Traceback (most recent call last):
  File "D:\Users\Desktop\automator_project\venv\Lib\site-packages\telebot\__init__.py", line 1016, in infinity_polling
    self.polling(non_stop=True, timeout=timeout, long_polling_timeout=long_polling_timeout,
    ~~~~~~~~~~~~^^^^^^^^^^^^^^^^^^^^^^^^^^^^^^^^^^^^^^^^^^^^^^^^^^^^^^^^^^^^^^^^^^^^^^^^^^^
                 logger_level=logger_level, allowed_updates=allowed_updates, restart_on_change=False,
                 ^^^^^^^^^^^^^^^^^^^^^^^^^^^^^^^^^^^^^^^^^^^^^^^^^^^^^^^^^^^^^^^^^^^^^^^^^^^^^^^^^^^^
                 *args, **kwargs)
                 ^^^^^^^^^^^^^^^^
  File "D:\Users\Desktop\automator_project\venv\Lib\site-packages\telebot\__init__.py", line 1104, in polling
    self.__threaded_polling(non_stop=non_stop, interval=interval, timeout=timeout, long_polling_timeout=long_polling_timeout,
    ~~~~~~~~~~~~~~~~~~~~~~~^^^^^^^^^^^^^^^^^^^^^^^^^^^^^^^^^^^^^^^^^^^^^^^^^^^^^^^^^^^^^^^^^^^^^^^^^^^^^^^^^^^^^^^^^^^^^^^^^^
                            logger_level=logger_level, allowed_updates=allowed_updates)
                            ^^^^^^^^^^^^^^^^^^^^^^^^^^^^^^^^^^^^^^^^^^^^^^^^^^^^^^^^^^^
  File "D:\Users\Desktop\automator_project\venv\Lib\site-packages\telebot\__init__.py", line 1179, in __threaded_polling
    raise e
  File "D:\Users\Desktop\automator_project\venv\Lib\site-packages\telebot\__init__.py", line 1140, in __threaded_polling
    polling_thread.raise_exceptions()
    ~~~~~~~~~~~~~~~~~~~~~~~~~~~~~~~^^
  File "D:\Users\Desktop\automator_project\venv\Lib\site-packages\telebot\util.py", line 110, in raise_exceptions
    raise self.exception_info
  File "D:\Users\Desktop\automator_project\venv\Lib\site-packages\telebot\util.py", line 92, in run
    task(*args, **kwargs)
    ~~~~^^^^^^^^^^^^^^^^^
  File "D:\Users\Desktop\automator_project\venv\Lib\site-packages\telebot\__init__.py", line 661, in __retrieve_updates
    updates = self.get_updates(offset=(self.last_update_id + 1),
                               allowed_updates=allowed_updates,
                               timeout=timeout, long_polling_timeout=long_polling_timeout)
  File "D:\Users\Desktop\automator_project\venv\Lib\site-packages\telebot\__init__.py", line 633, in get_updates
    json_updates = apihelper.get_updates(
        self.token, offset=offset, limit=limit, timeout=timeout, allowed_updates=allowed_updates,
        long_polling_timeout=long_polling_timeout)
  File "D:\Users\Desktop\automator_project\venv\Lib\site-packages\telebot\apihelper.py", line 321, in get_updates
    return _make_request(token, method_url, params=payload)
  File "D:\Users\Desktop\automator_project\venv\Lib\site-packages\telebot\apihelper.py", line 158, in _make_request
    result = _get_req_session().request(
        method, request_url, params=params, files=files,
        timeout=(connect_timeout, read_timeout), proxies=proxy)
  File "D:\Users\Desktop\automator_project\venv\Lib\site-packages\requests\sessions.py", line 589, in request
    resp = self.send(prep, **send_kwargs)
  File "D:\Users\Desktop\automator_project\venv\Lib\site-packages\requests\sessions.py", line 703, in send
    r = adapter.send(request, **kwargs)
  File "D:\Users\Desktop\automator_project\venv\Lib\site-packages\requests\adapters.py", line 519, in send
    raise ConnectionError(e, request=request)
requests.exceptions.ConnectionError: HTTPSConnectionPool(host='api.telegram.org', port=443): Max retries exceeded with url: /bot8730236171:AAFy_65gvPbjYkMvnxpGyZ5bOirrxUC6rJQ/getUpdates?offset=95087094&timeout=20 (Caused by NameResolutionError("HTTPSConnection(host='api.telegram.org', port=443): Failed to resolve 'api.telegram.org' ([Errno 11001] getaddrinfo failed)"))

2026-03-31 14:52:14,065 - __main__ - INFO - ============================================================
2026-03-31 14:52:14,082 - __main__ - INFO - 🤖 Запуск Telegram-бота IDO SKILLS News
2026-03-31 14:52:14,082 - __main__ - INFO - ============================================================
2026-03-31 14:52:14,082 - __main__ - INFO - 📡 Backend: http://localhost:5000/api
2026-03-31 14:52:14,083 - __main__ - INFO - 🔑 Token: 8730236171:AAFy_65gv...
2026-03-31 14:52:14,083 - __main__ - INFO - ⏱️ Timeout: 30s
2026-03-31 14:52:14,083 - __main__ - INFO - 📝 Log file: logs/telegram_bot.log
2026-03-31 14:52:14,083 - __main__ - INFO - ============================================================
2026-03-31 14:52:14,083 - __main__ - INFO - 🔑 Попытка подключения без прокси...
2026-03-31 14:52:15,742 - __main__ - INFO - ✅ Подключение успешно!
2026-03-31 14:52:15,742 - __main__ - INFO - 🤖 Bot username: @ido_skills_news_bot
2026-03-31 14:52:15,743 - __main__ - INFO - 👤 Bot name: IDO Skills News Bot
2026-03-31 14:52:15,743 - __main__ - INFO - 🆔 Bot ID: 8730236171
2026-03-31 14:52:15,743 - __main__ - INFO - ============================================================
2026-03-31 14:52:15,743 - __main__ - INFO - 🚀 Запуск polling...
2026-03-31 14:52:47,971 - __main__ - INFO - ============================================================
2026-03-31 14:52:47,976 - __main__ - INFO - 📨 Команда /start
2026-03-31 14:52:47,979 - __main__ - INFO - 👤 Telegram ID: 5781900327
2026-03-31 14:52:48,011 - __main__ - INFO - 👤 Username: IgorCim
2026-03-31 14:52:48,018 - __main__ - INFO - ============================================================
2026-03-31 14:52:48,018 - __main__ - INFO - 🔍 Поиск пользователя в базе...
2026-03-31 14:52:50,132 - __main__ - INFO - ✅ Пользователь найден: IgorCim (ID: 2)
2026-03-31 14:52:50,132 - __main__ - INFO - ✅ Пользователь найден: ID=2
2026-03-31 16:04:13,315 - TeleBot - ERROR - Infinity polling exception: HTTPSConnectionPool(host='api.telegram.org', port=443): Read timed out. (read timeout=30)
2026-03-31 16:04:13,327 - TeleBot - ERROR - Exception traceback:
Traceback (most recent call last):
  File "D:\Users\Desktop\automator_project\venv\Lib\site-packages\urllib3\connectionpool.py", line 534, in _make_request
    response = conn.getresponse()
  File "D:\Users\Desktop\automator_project\venv\Lib\site-packages\urllib3\connection.py", line 571, in getresponse
    httplib_response = super().getresponse()
  File "C:\Users\Simonoviya\AppData\Local\Programs\Python\Python314\Lib\http\client.py", line 1450, in getresponse
    response.begin()
    ~~~~~~~~~~~~~~^^
  File "C:\Users\Simonoviya\AppData\Local\Programs\Python\Python314\Lib\http\client.py", line 336, in begin
    version, status, reason = self._read_status()
                              ~~~~~~~~~~~~~~~~~^^
  File "C:\Users\Simonoviya\AppData\Local\Programs\Python\Python314\Lib\http\client.py", line 297, in _read_status
    line = str(self.fp.readline(_MAXLINE + 1), "iso-8859-1")
               ~~~~~~~~~~~~~~~~^^^^^^^^^^^^^^
  File "C:\Users\Simonoviya\AppData\Local\Programs\Python\Python314\Lib\socket.py", line 725, in readinto
    return self._sock.recv_into(b)
           ~~~~~~~~~~~~~~~~~~~~^^^
  File "C:\Users\Simonoviya\AppData\Local\Programs\Python\Python314\Lib\ssl.py", line 1304, in recv_into
    return self.read(nbytes, buffer)
           ~~~~~~~~~^^^^^^^^^^^^^^^^
  File "C:\Users\Simonoviya\AppData\Local\Programs\Python\Python314\Lib\ssl.py", line 1138, in read
    return self._sslobj.read(len, buffer)
           ~~~~~~~~~~~~~~~~~^^^^^^^^^^^^^
TimeoutError: The read operation timed out

The above exception was the direct cause of the following exception:

Traceback (most recent call last):
  File "D:\Users\Desktop\automator_project\venv\Lib\site-packages\requests\adapters.py", line 486, in send
    resp = conn.urlopen(
        method=request.method,
    ...<9 lines>...
        chunked=chunked,
    )
  File "D:\Users\Desktop\automator_project\venv\Lib\site-packages\urllib3\connectionpool.py", line 841, in urlopen
    retries = retries.increment(
        method, url, error=new_e, _pool=self, _stacktrace=sys.exc_info()[2]
    )
  File "D:\Users\Desktop\automator_project\venv\Lib\site-packages\urllib3\util\retry.py", line 490, in increment
    raise reraise(type(error), error, _stacktrace)
          ~~~~~~~^^^^^^^^^^^^^^^^^^^^^^^^^^^^^^^^^
  File "D:\Users\Desktop\automator_project\venv\Lib\site-packages\urllib3\util\util.py", line 39, in reraise
    raise value
  File "D:\Users\Desktop\automator_project\venv\Lib\site-packages\urllib3\connectionpool.py", line 787, in urlopen
    response = self._make_request(
        conn,
    ...<10 lines>...
        **response_kw,
    )
  File "D:\Users\Desktop\automator_project\venv\Lib\site-packages\urllib3\connectionpool.py", line 536, in _make_request
    self._raise_timeout(err=e, url=url, timeout_value=read_timeout)
    ~~~~~~~~~~~~~~~~~~~^^^^^^^^^^^^^^^^^^^^^^^^^^^^^^^^^^^^^^^^^^^^
  File "D:\Users\Desktop\automator_project\venv\Lib\site-packages\urllib3\connectionpool.py", line 367, in _raise_timeout
    raise ReadTimeoutError(
        self, url, f"Read timed out. (read timeout={timeout_value})"
    ) from err
urllib3.exceptions.ReadTimeoutError: HTTPSConnectionPool(host='api.telegram.org', port=443): Read timed out. (read timeout=30)

During handling of the above exception, another exception occurred:

Traceback (most recent call last):
  File "D:\Users\Desktop\automator_project\venv\Lib\site-packages\telebot\__init__.py", line 1016, in infinity_polling
    self.polling(non_stop=True, timeout=timeout, long_polling_timeout=long_polling_timeout,
    ~~~~~~~~~~~~^^^^^^^^^^^^^^^^^^^^^^^^^^^^^^^^^^^^^^^^^^^^^^^^^^^^^^^^^^^^^^^^^^^^^^^^^^^
                 logger_level=logger_level, allowed_updates=allowed_updates, restart_on_change=False,
                 ^^^^^^^^^^^^^^^^^^^^^^^^^^^^^^^^^^^^^^^^^^^^^^^^^^^^^^^^^^^^^^^^^^^^^^^^^^^^^^^^^^^^
                 *args, **kwargs)
                 ^^^^^^^^^^^^^^^^
  File "D:\Users\Desktop\automator_project\venv\Lib\site-packages\telebot\__init__.py", line 1104, in polling
    self.__threaded_polling(non_stop=non_stop, interval=interval, timeout=timeout, long_polling_timeout=long_polling_timeout,
    ~~~~~~~~~~~~~~~~~~~~~~~^^^^^^^^^^^^^^^^^^^^^^^^^^^^^^^^^^^^^^^^^^^^^^^^^^^^^^^^^^^^^^^^^^^^^^^^^^^^^^^^^^^^^^^^^^^^^^^^^^
                            logger_level=logger_level, allowed_updates=allowed_updates)
                            ^^^^^^^^^^^^^^^^^^^^^^^^^^^^^^^^^^^^^^^^^^^^^^^^^^^^^^^^^^^
  File "D:\Users\Desktop\automator_project\venv\Lib\site-packages\telebot\__init__.py", line 1179, in __threaded_polling
    raise e
  File "D:\Users\Desktop\automator_project\venv\Lib\site-packages\telebot\__init__.py", line 1140, in __threaded_polling
    polling_thread.raise_exceptions()
    ~~~~~~~~~~~~~~~~~~~~~~~~~~~~~~~^^
  File "D:\Users\Desktop\automator_project\venv\Lib\site-packages\telebot\util.py", line 110, in raise_exceptions
    raise self.exception_info
  File "D:\Users\Desktop\automator_project\venv\Lib\site-packages\telebot\util.py", line 92, in run
    task(*args, **kwargs)
    ~~~~^^^^^^^^^^^^^^^^^
  File "D:\Users\Desktop\automator_project\venv\Lib\site-packages\telebot\__init__.py", line 661, in __retrieve_updates
    updates = self.get_updates(offset=(self.last_update_id + 1),
                               allowed_updates=allowed_updates,
                               timeout=timeout, long_polling_timeout=long_polling_timeout)
  File "D:\Users\Desktop\automator_project\venv\Lib\site-packages\telebot\__init__.py", line 633, in get_updates
    json_updates = apihelper.get_updates(
        self.token, offset=offset, limit=limit, timeout=timeout, allowed_updates=allowed_updates,
        long_polling_timeout=long_polling_timeout)
  File "D:\Users\Desktop\automator_project\venv\Lib\site-packages\telebot\apihelper.py", line 321, in get_updates
    return _make_request(token, method_url, params=payload)
  File "D:\Users\Desktop\automator_project\venv\Lib\site-packages\telebot\apihelper.py", line 158, in _make_request
    result = _get_req_session().request(
        method, request_url, params=params, files=files,
        timeout=(connect_timeout, read_timeout), proxies=proxy)
  File "D:\Users\Desktop\automator_project\venv\Lib\site-packages\requests\sessions.py", line 589, in request
    resp = self.send(prep, **send_kwargs)
  File "D:\Users\Desktop\automator_project\venv\Lib\site-packages\requests\sessions.py", line 703, in send
    r = adapter.send(request, **kwargs)
  File "D:\Users\Desktop\automator_project\venv\Lib\site-packages\requests\adapters.py", line 532, in send
    raise ReadTimeout(e, request=request)
requests.exceptions.ReadTimeout: HTTPSConnectionPool(host='api.telegram.org', port=443): Read timed out. (read timeout=30)

2026-03-31 16:04:47,085 - TeleBot - ERROR - Infinity polling exception: HTTPSConnectionPool(host='api.telegram.org', port=443): Read timed out. (read timeout=30)
2026-03-31 16:04:47,112 - TeleBot - ERROR - Exception traceback:
Traceback (most recent call last):
  File "D:\Users\Desktop\automator_project\venv\Lib\site-packages\urllib3\connectionpool.py", line 464, in _make_request
    self._validate_conn(conn)
    ~~~~~~~~~~~~~~~~~~~^^^^^^
  File "D:\Users\Desktop\automator_project\venv\Lib\site-packages\urllib3\connectionpool.py", line 1093, in _validate_conn
    conn.connect()
    ~~~~~~~~~~~~^^
  File "D:\Users\Desktop\automator_project\venv\Lib\site-packages\urllib3\connection.py", line 796, in connect
    sock_and_verified = _ssl_wrap_socket_and_match_hostname(
        sock=sock,
    ...<14 lines>...
        assert_fingerprint=self.assert_fingerprint,
    )
  File "D:\Users\Desktop\automator_project\venv\Lib\site-packages\urllib3\connection.py", line 975, in _ssl_wrap_socket_and_match_hostname
    ssl_sock = ssl_wrap_socket(
        sock=sock,
    ...<8 lines>...
        tls_in_tls=tls_in_tls,
    )
  File "D:\Users\Desktop\automator_project\venv\Lib\site-packages\urllib3\util\ssl_.py", line 483, in ssl_wrap_socket
    ssl_sock = _ssl_wrap_socket_impl(sock, context, tls_in_tls, server_hostname)
  File "D:\Users\Desktop\automator_project\venv\Lib\site-packages\urllib3\util\ssl_.py", line 527, in _ssl_wrap_socket_impl
    return ssl_context.wrap_socket(sock, server_hostname=server_hostname)
           ~~~~~~~~~~~~~~~~~~~~~~~^^^^^^^^^^^^^^^^^^^^^^^^^^^^^^^^^^^^^^^
  File "C:\Users\Simonoviya\AppData\Local\Programs\Python\Python314\Lib\ssl.py", line 455, in wrap_socket
    return self.sslsocket_class._create(
           ~~~~~~~~~~~~~~~~~~~~~~~~~~~~^
        sock=sock,
        ^^^^^^^^^^
    ...<5 lines>...
        session=session
        ^^^^^^^^^^^^^^^
    )
    ^
  File "C:\Users\Simonoviya\AppData\Local\Programs\Python\Python314\Lib\ssl.py", line 1076, in _create
    self.do_handshake()
    ~~~~~~~~~~~~~~~~~^^
  File "C:\Users\Simonoviya\AppData\Local\Programs\Python\Python314\Lib\ssl.py", line 1372, in do_handshake
    self._sslobj.do_handshake()
    ~~~~~~~~~~~~~~~~~~~~~~~~~^^
TimeoutError: _ssl.c:1063: The handshake operation timed out

The above exception was the direct cause of the following exception:

Traceback (most recent call last):
  File "D:\Users\Desktop\automator_project\venv\Lib\site-packages\requests\adapters.py", line 486, in send
    resp = conn.urlopen(
        method=request.method,
    ...<9 lines>...
        chunked=chunked,
    )
  File "D:\Users\Desktop\automator_project\venv\Lib\site-packages\urllib3\connectionpool.py", line 841, in urlopen
    retries = retries.increment(
        method, url, error=new_e, _pool=self, _stacktrace=sys.exc_info()[2]
    )
  File "D:\Users\Desktop\automator_project\venv\Lib\site-packages\urllib3\util\retry.py", line 490, in increment
    raise reraise(type(error), error, _stacktrace)
          ~~~~~~~^^^^^^^^^^^^^^^^^^^^^^^^^^^^^^^^^
  File "D:\Users\Desktop\automator_project\venv\Lib\site-packages\urllib3\util\util.py", line 39, in reraise
    raise value
  File "D:\Users\Desktop\automator_project\venv\Lib\site-packages\urllib3\connectionpool.py", line 787, in urlopen
    response = self._make_request(
        conn,
    ...<10 lines>...
        **response_kw,
    )
  File "D:\Users\Desktop\automator_project\venv\Lib\site-packages\urllib3\connectionpool.py", line 488, in _make_request
    raise new_e
  File "D:\Users\Desktop\automator_project\venv\Lib\site-packages\urllib3\connectionpool.py", line 466, in _make_request
    self._raise_timeout(err=e, url=url, timeout_value=conn.timeout)
    ~~~~~~~~~~~~~~~~~~~^^^^^^^^^^^^^^^^^^^^^^^^^^^^^^^^^^^^^^^^^^^^
  File "D:\Users\Desktop\automator_project\venv\Lib\site-packages\urllib3\connectionpool.py", line 367, in _raise_timeout
    raise ReadTimeoutError(
        self, url, f"Read timed out. (read timeout={timeout_value})"
    ) from err
urllib3.exceptions.ReadTimeoutError: HTTPSConnectionPool(host='api.telegram.org', port=443): Read timed out. (read timeout=30)

During handling of the above exception, another exception occurred:

Traceback (most recent call last):
  File "D:\Users\Desktop\automator_project\venv\Lib\site-packages\telebot\__init__.py", line 1016, in infinity_polling
    self.polling(non_stop=True, timeout=timeout, long_polling_timeout=long_polling_timeout,
    ~~~~~~~~~~~~^^^^^^^^^^^^^^^^^^^^^^^^^^^^^^^^^^^^^^^^^^^^^^^^^^^^^^^^^^^^^^^^^^^^^^^^^^^
                 logger_level=logger_level, allowed_updates=allowed_updates, restart_on_change=False,
                 ^^^^^^^^^^^^^^^^^^^^^^^^^^^^^^^^^^^^^^^^^^^^^^^^^^^^^^^^^^^^^^^^^^^^^^^^^^^^^^^^^^^^
                 *args, **kwargs)
                 ^^^^^^^^^^^^^^^^
  File "D:\Users\Desktop\automator_project\venv\Lib\site-packages\telebot\__init__.py", line 1104, in polling
    self.__threaded_polling(non_stop=non_stop, interval=interval, timeout=timeout, long_polling_timeout=long_polling_timeout,
    ~~~~~~~~~~~~~~~~~~~~~~~^^^^^^^^^^^^^^^^^^^^^^^^^^^^^^^^^^^^^^^^^^^^^^^^^^^^^^^^^^^^^^^^^^^^^^^^^^^^^^^^^^^^^^^^^^^^^^^^^^
                            logger_level=logger_level, allowed_updates=allowed_updates)
                            ^^^^^^^^^^^^^^^^^^^^^^^^^^^^^^^^^^^^^^^^^^^^^^^^^^^^^^^^^^^
  File "D:\Users\Desktop\automator_project\venv\Lib\site-packages\telebot\__init__.py", line 1179, in __threaded_polling
    raise e
  File "D:\Users\Desktop\automator_project\venv\Lib\site-packages\telebot\__init__.py", line 1140, in __threaded_polling
    polling_thread.raise_exceptions()
    ~~~~~~~~~~~~~~~~~~~~~~~~~~~~~~~^^
  File "D:\Users\Desktop\automator_project\venv\Lib\site-packages\telebot\util.py", line 110, in raise_exceptions
    raise self.exception_info
  File "D:\Users\Desktop\automator_project\venv\Lib\site-packages\telebot\util.py", line 92, in run
    task(*args, **kwargs)
    ~~~~^^^^^^^^^^^^^^^^^
  File "D:\Users\Desktop\automator_project\venv\Lib\site-packages\telebot\__init__.py", line 661, in __retrieve_updates
    updates = self.get_updates(offset=(self.last_update_id + 1),
                               allowed_updates=allowed_updates,
                               timeout=timeout, long_polling_timeout=long_polling_timeout)
  File "D:\Users\Desktop\automator_project\venv\Lib\site-packages\telebot\__init__.py", line 633, in get_updates
    json_updates = apihelper.get_updates(
        self.token, offset=offset, limit=limit, timeout=timeout, allowed_updates=allowed_updates,
        long_polling_timeout=long_polling_timeout)
  File "D:\Users\Desktop\automator_project\venv\Lib\site-packages\telebot\apihelper.py", line 321, in get_updates
    return _make_request(token, method_url, params=payload)
  File "D:\Users\Desktop\automator_project\venv\Lib\site-packages\telebot\apihelper.py", line 158, in _make_request
    result = _get_req_session().request(
        method, request_url, params=params, files=files,
        timeout=(connect_timeout, read_timeout), proxies=proxy)
  File "D:\Users\Desktop\automator_project\venv\Lib\site-packages\requests\sessions.py", line 589, in request
    resp = self.send(prep, **send_kwargs)
  File "D:\Users\Desktop\automator_project\venv\Lib\site-packages\requests\sessions.py", line 703, in send
    r = adapter.send(request, **kwargs)
  File "D:\Users\Desktop\automator_project\venv\Lib\site-packages\requests\adapters.py", line 532, in send
    raise ReadTimeout(e, request=request)
requests.exceptions.ReadTimeout: HTTPSConnectionPool(host='api.telegram.org', port=443): Read timed out. (read timeout=30)

2026-03-31 16:05:01,622 - TeleBot - ERROR - Infinity polling exception: HTTPSConnectionPool(host='api.telegram.org', port=443): Max retries exceeded with url: /bot8730236171:AAFy_65gvPbjYkMvnxpGyZ5bOirrxUC6rJQ/getUpdates?offset=95087095&timeout=20 (Caused by NameResolutionError("HTTPSConnection(host='api.telegram.org', port=443): Failed to resolve 'api.telegram.org' ([Errno 11001] getaddrinfo failed)"))
2026-03-31 16:05:01,636 - TeleBot - ERROR - Exception traceback:
Traceback (most recent call last):
  File "D:\Users\Desktop\automator_project\venv\Lib\site-packages\urllib3\connection.py", line 204, in _new_conn
    sock = connection.create_connection(
        (self._dns_host, self.port),
    ...<2 lines>...
        socket_options=self.socket_options,
    )
  File "D:\Users\Desktop\automator_project\venv\Lib\site-packages\urllib3\util\connection.py", line 60, in create_connection
    for res in socket.getaddrinfo(host, port, family, socket.SOCK_STREAM):
               ~~~~~~~~~~~~~~~~~~^^^^^^^^^^^^^^^^^^^^^^^^^^^^^^^^^^^^^^^^
  File "C:\Users\Simonoviya\AppData\Local\Programs\Python\Python314\Lib\socket.py", line 983, in getaddrinfo
    for res in _socket.getaddrinfo(host, port, family, type, proto, flags):
               ~~~~~~~~~~~~~~~~~~~^^^^^^^^^^^^^^^^^^^^^^^^^^^^^^^^^^^^^^^^
socket.gaierror: [Errno 11001] getaddrinfo failed

The above exception was the direct cause of the following exception:

Traceback (most recent call last):
  File "D:\Users\Desktop\automator_project\venv\Lib\site-packages\urllib3\connectionpool.py", line 787, in urlopen
    response = self._make_request(
        conn,
    ...<10 lines>...
        **response_kw,
    )
  File "D:\Users\Desktop\automator_project\venv\Lib\site-packages\urllib3\connectionpool.py", line 488, in _make_request
    raise new_e
  File "D:\Users\Desktop\automator_project\venv\Lib\site-packages\urllib3\connectionpool.py", line 464, in _make_request
    self._validate_conn(conn)
    ~~~~~~~~~~~~~~~~~~~^^^^^^
  File "D:\Users\Desktop\automator_project\venv\Lib\site-packages\urllib3\connectionpool.py", line 1093, in _validate_conn
    conn.connect()
    ~~~~~~~~~~~~^^
  File "D:\Users\Desktop\automator_project\venv\Lib\site-packages\urllib3\connection.py", line 759, in connect
    self.sock = sock = self._new_conn()
                       ~~~~~~~~~~~~~~^^
  File "D:\Users\Desktop\automator_project\venv\Lib\site-packages\urllib3\connection.py", line 211, in _new_conn
    raise NameResolutionError(self.host, self, e) from e
urllib3.exceptions.NameResolutionError: HTTPSConnection(host='api.telegram.org', port=443): Failed to resolve 'api.telegram.org' ([Errno 11001] getaddrinfo failed)

The above exception was the direct cause of the following exception:

Traceback (most recent call last):
  File "D:\Users\Desktop\automator_project\venv\Lib\site-packages\requests\adapters.py", line 486, in send
    resp = conn.urlopen(
        method=request.method,
    ...<9 lines>...
        chunked=chunked,
    )
  File "D:\Users\Desktop\automator_project\venv\Lib\site-packages\urllib3\connectionpool.py", line 841, in urlopen
    retries = retries.increment(
        method, url, error=new_e, _pool=self, _stacktrace=sys.exc_info()[2]
    )
  File "D:\Users\Desktop\automator_project\venv\Lib\site-packages\urllib3\util\retry.py", line 535, in increment
    raise MaxRetryError(_pool, url, reason) from reason  # type: ignore[arg-type]
    ^^^^^^^^^^^^^^^^^^^^^^^^^^^^^^^^^^^^^^^^^^^^^^^^^^^
urllib3.exceptions.MaxRetryError: HTTPSConnectionPool(host='api.telegram.org', port=443): Max retries exceeded with url: /bot8730236171:AAFy_65gvPbjYkMvnxpGyZ5bOirrxUC6rJQ/getUpdates?offset=95087095&timeout=20 (Caused by NameResolutionError("HTTPSConnection(host='api.telegram.org', port=443): Failed to resolve 'api.telegram.org' ([Errno 11001] getaddrinfo failed)"))

During handling of the above exception, another exception occurred:

Traceback (most recent call last):
  File "D:\Users\Desktop\automator_project\venv\Lib\site-packages\telebot\__init__.py", line 1016, in infinity_polling
    self.polling(non_stop=True, timeout=timeout, long_polling_timeout=long_polling_timeout,
    ~~~~~~~~~~~~^^^^^^^^^^^^^^^^^^^^^^^^^^^^^^^^^^^^^^^^^^^^^^^^^^^^^^^^^^^^^^^^^^^^^^^^^^^
                 logger_level=logger_level, allowed_updates=allowed_updates, restart_on_change=False,
                 ^^^^^^^^^^^^^^^^^^^^^^^^^^^^^^^^^^^^^^^^^^^^^^^^^^^^^^^^^^^^^^^^^^^^^^^^^^^^^^^^^^^^
                 *args, **kwargs)
                 ^^^^^^^^^^^^^^^^
  File "D:\Users\Desktop\automator_project\venv\Lib\site-packages\telebot\__init__.py", line 1104, in polling
    self.__threaded_polling(non_stop=non_stop, interval=interval, timeout=timeout, long_polling_timeout=long_polling_timeout,
    ~~~~~~~~~~~~~~~~~~~~~~~^^^^^^^^^^^^^^^^^^^^^^^^^^^^^^^^^^^^^^^^^^^^^^^^^^^^^^^^^^^^^^^^^^^^^^^^^^^^^^^^^^^^^^^^^^^^^^^^^^
                            logger_level=logger_level, allowed_updates=allowed_updates)
                            ^^^^^^^^^^^^^^^^^^^^^^^^^^^^^^^^^^^^^^^^^^^^^^^^^^^^^^^^^^^
  File "D:\Users\Desktop\automator_project\venv\Lib\site-packages\telebot\__init__.py", line 1179, in __threaded_polling
    raise e
  File "D:\Users\Desktop\automator_project\venv\Lib\site-packages\telebot\__init__.py", line 1140, in __threaded_polling
    polling_thread.raise_exceptions()
    ~~~~~~~~~~~~~~~~~~~~~~~~~~~~~~~^^
  File "D:\Users\Desktop\automator_project\venv\Lib\site-packages\telebot\util.py", line 110, in raise_exceptions
    raise self.exception_info
  File "D:\Users\Desktop\automator_project\venv\Lib\site-packages\telebot\util.py", line 92, in run
    task(*args, **kwargs)
    ~~~~^^^^^^^^^^^^^^^^^
  File "D:\Users\Desktop\automator_project\venv\Lib\site-packages\telebot\__init__.py", line 661, in __retrieve_updates
    updates = self.get_updates(offset=(self.last_update_id + 1),
                               allowed_updates=allowed_updates,
                               timeout=timeout, long_polling_timeout=long_polling_timeout)
  File "D:\Users\Desktop\automator_project\venv\Lib\site-packages\telebot\__init__.py", line 633, in get_updates
    json_updates = apihelper.get_updates(
        self.token, offset=offset, limit=limit, timeout=timeout, allowed_updates=allowed_updates,
        long_polling_timeout=long_polling_timeout)
  File "D:\Users\Desktop\automator_project\venv\Lib\site-packages\telebot\apihelper.py", line 321, in get_updates
    return _make_request(token, method_url, params=payload)
  File "D:\Users\Desktop\automator_project\venv\Lib\site-packages\telebot\apihelper.py", line 158, in _make_request
    result = _get_req_session().request(
        method, request_url, params=params, files=files,
        timeout=(connect_timeout, read_timeout), proxies=proxy)
  File "D:\Users\Desktop\automator_project\venv\Lib\site-packages\requests\sessions.py", line 589, in request
    resp = self.send(prep, **send_kwargs)
  File "D:\Users\Desktop\automator_project\venv\Lib\site-packages\requests\sessions.py", line 703, in send
    r = adapter.send(request, **kwargs)
  File "D:\Users\Desktop\automator_project\venv\Lib\site-packages\requests\adapters.py", line 519, in send
    raise ConnectionError(e, request=request)
requests.exceptions.ConnectionError: HTTPSConnectionPool(host='api.telegram.org', port=443): Max retries exceeded with url: /bot8730236171:AAFy_65gvPbjYkMvnxpGyZ5bOirrxUC6rJQ/getUpdates?offset=95087095&timeout=20 (Caused by NameResolutionError("HTTPSConnection(host='api.telegram.org', port=443): Failed to resolve 'api.telegram.org' ([Errno 11001] getaddrinfo failed)"))

2026-03-31 16:05:16,125 - TeleBot - ERROR - Infinity polling exception: HTTPSConnectionPool(host='api.telegram.org', port=443): Max retries exceeded with url: /bot8730236171:AAFy_65gvPbjYkMvnxpGyZ5bOirrxUC6rJQ/getUpdates?offset=95087095&timeout=20 (Caused by NameResolutionError("HTTPSConnection(host='api.telegram.org', port=443): Failed to resolve 'api.telegram.org' ([Errno 11001] getaddrinfo failed)"))
2026-03-31 16:05:16,140 - TeleBot - ERROR - Exception traceback:
Traceback (most recent call last):
  File "D:\Users\Desktop\automator_project\venv\Lib\site-packages\urllib3\connection.py", line 204, in _new_conn
    sock = connection.create_connection(
        (self._dns_host, self.port),
    ...<2 lines>...
        socket_options=self.socket_options,
    )
  File "D:\Users\Desktop\automator_project\venv\Lib\site-packages\urllib3\util\connection.py", line 60, in create_connection
    for res in socket.getaddrinfo(host, port, family, socket.SOCK_STREAM):
               ~~~~~~~~~~~~~~~~~~^^^^^^^^^^^^^^^^^^^^^^^^^^^^^^^^^^^^^^^^
  File "C:\Users\Simonoviya\AppData\Local\Programs\Python\Python314\Lib\socket.py", line 983, in getaddrinfo
    for res in _socket.getaddrinfo(host, port, family, type, proto, flags):
               ~~~~~~~~~~~~~~~~~~~^^^^^^^^^^^^^^^^^^^^^^^^^^^^^^^^^^^^^^^^
socket.gaierror: [Errno 11001] getaddrinfo failed

The above exception was the direct cause of the following exception:

Traceback (most recent call last):
  File "D:\Users\Desktop\automator_project\venv\Lib\site-packages\urllib3\connectionpool.py", line 787, in urlopen
    response = self._make_request(
        conn,
    ...<10 lines>...
        **response_kw,
    )
  File "D:\Users\Desktop\automator_project\venv\Lib\site-packages\urllib3\connectionpool.py", line 488, in _make_request
    raise new_e
  File "D:\Users\Desktop\automator_project\venv\Lib\site-packages\urllib3\connectionpool.py", line 464, in _make_request
    self._validate_conn(conn)
    ~~~~~~~~~~~~~~~~~~~^^^^^^
  File "D:\Users\Desktop\automator_project\venv\Lib\site-packages\urllib3\connectionpool.py", line 1093, in _validate_conn
    conn.connect()
    ~~~~~~~~~~~~^^
  File "D:\Users\Desktop\automator_project\venv\Lib\site-packages\urllib3\connection.py", line 759, in connect
    self.sock = sock = self._new_conn()
                       ~~~~~~~~~~~~~~^^
  File "D:\Users\Desktop\automator_project\venv\Lib\site-packages\urllib3\connection.py", line 211, in _new_conn
    raise NameResolutionError(self.host, self, e) from e
urllib3.exceptions.NameResolutionError: HTTPSConnection(host='api.telegram.org', port=443): Failed to resolve 'api.telegram.org' ([Errno 11001] getaddrinfo failed)

The above exception was the direct cause of the following exception:

Traceback (most recent call last):
  File "D:\Users\Desktop\automator_project\venv\Lib\site-packages\requests\adapters.py", line 486, in send
    resp = conn.urlopen(
        method=request.method,
    ...<9 lines>...
        chunked=chunked,
    )
  File "D:\Users\Desktop\automator_project\venv\Lib\site-packages\urllib3\connectionpool.py", line 841, in urlopen
    retries = retries.increment(
        method, url, error=new_e, _pool=self, _stacktrace=sys.exc_info()[2]
    )
  File "D:\Users\Desktop\automator_project\venv\Lib\site-packages\urllib3\util\retry.py", line 535, in increment
    raise MaxRetryError(_pool, url, reason) from reason  # type: ignore[arg-type]
    ^^^^^^^^^^^^^^^^^^^^^^^^^^^^^^^^^^^^^^^^^^^^^^^^^^^
urllib3.exceptions.MaxRetryError: HTTPSConnectionPool(host='api.telegram.org', port=443): Max retries exceeded with url: /bot8730236171:AAFy_65gvPbjYkMvnxpGyZ5bOirrxUC6rJQ/getUpdates?offset=95087095&timeout=20 (Caused by NameResolutionError("HTTPSConnection(host='api.telegram.org', port=443): Failed to resolve 'api.telegram.org' ([Errno 11001] getaddrinfo failed)"))

During handling of the above exception, another exception occurred:

Traceback (most recent call last):
  File "D:\Users\Desktop\automator_project\venv\Lib\site-packages\telebot\__init__.py", line 1016, in infinity_polling
    self.polling(non_stop=True, timeout=timeout, long_polling_timeout=long_polling_timeout,
    ~~~~~~~~~~~~^^^^^^^^^^^^^^^^^^^^^^^^^^^^^^^^^^^^^^^^^^^^^^^^^^^^^^^^^^^^^^^^^^^^^^^^^^^
                 logger_level=logger_level, allowed_updates=allowed_updates, restart_on_change=False,
                 ^^^^^^^^^^^^^^^^^^^^^^^^^^^^^^^^^^^^^^^^^^^^^^^^^^^^^^^^^^^^^^^^^^^^^^^^^^^^^^^^^^^^
                 *args, **kwargs)
                 ^^^^^^^^^^^^^^^^
  File "D:\Users\Desktop\automator_project\venv\Lib\site-packages\telebot\__init__.py", line 1104, in polling
    self.__threaded_polling(non_stop=non_stop, interval=interval, timeout=timeout, long_polling_timeout=long_polling_timeout,
    ~~~~~~~~~~~~~~~~~~~~~~~^^^^^^^^^^^^^^^^^^^^^^^^^^^^^^^^^^^^^^^^^^^^^^^^^^^^^^^^^^^^^^^^^^^^^^^^^^^^^^^^^^^^^^^^^^^^^^^^^^
                            logger_level=logger_level, allowed_updates=allowed_updates)
                            ^^^^^^^^^^^^^^^^^^^^^^^^^^^^^^^^^^^^^^^^^^^^^^^^^^^^^^^^^^^
  File "D:\Users\Desktop\automator_project\venv\Lib\site-packages\telebot\__init__.py", line 1179, in __threaded_polling
    raise e
  File "D:\Users\Desktop\automator_project\venv\Lib\site-packages\telebot\__init__.py", line 1140, in __threaded_polling
    polling_thread.raise_exceptions()
    ~~~~~~~~~~~~~~~~~~~~~~~~~~~~~~~^^
  File "D:\Users\Desktop\automator_project\venv\Lib\site-packages\telebot\util.py", line 110, in raise_exceptions
    raise self.exception_info
  File "D:\Users\Desktop\automator_project\venv\Lib\site-packages\telebot\util.py", line 92, in run
    task(*args, **kwargs)
    ~~~~^^^^^^^^^^^^^^^^^
  File "D:\Users\Desktop\automator_project\venv\Lib\site-packages\telebot\__init__.py", line 661, in __retrieve_updates
    updates = self.get_updates(offset=(self.last_update_id + 1),
                               allowed_updates=allowed_updates,
                               timeout=timeout, long_polling_timeout=long_polling_timeout)
  File "D:\Users\Desktop\automator_project\venv\Lib\site-packages\telebot\__init__.py", line 633, in get_updates
    json_updates = apihelper.get_updates(
        self.token, offset=offset, limit=limit, timeout=timeout, allowed_updates=allowed_updates,
        long_polling_timeout=long_polling_timeout)
  File "D:\Users\Desktop\automator_project\venv\Lib\site-packages\telebot\apihelper.py", line 321, in get_updates
    return _make_request(token, method_url, params=payload)
  File "D:\Users\Desktop\automator_project\venv\Lib\site-packages\telebot\apihelper.py", line 158, in _make_request
    result = _get_req_session().request(
        method, request_url, params=params, files=files,
        timeout=(connect_timeout, read_timeout), proxies=proxy)
  File "D:\Users\Desktop\automator_project\venv\Lib\site-packages\requests\sessions.py", line 589, in request
    resp = self.send(prep, **send_kwargs)
  File "D:\Users\Desktop\automator_project\venv\Lib\site-packages\requests\sessions.py", line 703, in send
    r = adapter.send(request, **kwargs)
  File "D:\Users\Desktop\automator_project\venv\Lib\site-packages\requests\adapters.py", line 519, in send
    raise ConnectionError(e, request=request)
requests.exceptions.ConnectionError: HTTPSConnectionPool(host='api.telegram.org', port=443): Max retries exceeded with url: /bot8730236171:AAFy_65gvPbjYkMvnxpGyZ5bOirrxUC6rJQ/getUpdates?offset=95087095&timeout=20 (Caused by NameResolutionError("HTTPSConnection(host='api.telegram.org', port=443): Failed to resolve 'api.telegram.org' ([Errno 11001] getaddrinfo failed)"))

2026-03-31 16:05:30,655 - TeleBot - ERROR - Infinity polling exception: HTTPSConnectionPool(host='api.telegram.org', port=443): Max retries exceeded with url: /bot8730236171:AAFy_65gvPbjYkMvnxpGyZ5bOirrxUC6rJQ/getUpdates?offset=95087095&timeout=20 (Caused by NameResolutionError("HTTPSConnection(host='api.telegram.org', port=443): Failed to resolve 'api.telegram.org' ([Errno 11001] getaddrinfo failed)"))
2026-03-31 16:05:30,671 - TeleBot - ERROR - Exception traceback:
Traceback (most recent call last):
  File "D:\Users\Desktop\automator_project\venv\Lib\site-packages\urllib3\connection.py", line 204, in _new_conn
    sock = connection.create_connection(
        (self._dns_host, self.port),
    ...<2 lines>...
        socket_options=self.socket_options,
    )
  File "D:\Users\Desktop\automator_project\venv\Lib\site-packages\urllib3\util\connection.py", line 60, in create_connection
    for res in socket.getaddrinfo(host, port, family, socket.SOCK_STREAM):
               ~~~~~~~~~~~~~~~~~~^^^^^^^^^^^^^^^^^^^^^^^^^^^^^^^^^^^^^^^^
  File "C:\Users\Simonoviya\AppData\Local\Programs\Python\Python314\Lib\socket.py", line 983, in getaddrinfo
    for res in _socket.getaddrinfo(host, port, family, type, proto, flags):
               ~~~~~~~~~~~~~~~~~~~^^^^^^^^^^^^^^^^^^^^^^^^^^^^^^^^^^^^^^^^
socket.gaierror: [Errno 11001] getaddrinfo failed

The above exception was the direct cause of the following exception:

Traceback (most recent call last):
  File "D:\Users\Desktop\automator_project\venv\Lib\site-packages\urllib3\connectionpool.py", line 787, in urlopen
    response = self._make_request(
        conn,
    ...<10 lines>...
        **response_kw,
    )
  File "D:\Users\Desktop\automator_project\venv\Lib\site-packages\urllib3\connectionpool.py", line 488, in _make_request
    raise new_e
  File "D:\Users\Desktop\automator_project\venv\Lib\site-packages\urllib3\connectionpool.py", line 464, in _make_request
    self._validate_conn(conn)
    ~~~~~~~~~~~~~~~~~~~^^^^^^
  File "D:\Users\Desktop\automator_project\venv\Lib\site-packages\urllib3\connectionpool.py", line 1093, in _validate_conn
    conn.connect()
    ~~~~~~~~~~~~^^
  File "D:\Users\Desktop\automator_project\venv\Lib\site-packages\urllib3\connection.py", line 759, in connect
    self.sock = sock = self._new_conn()
                       ~~~~~~~~~~~~~~^^
  File "D:\Users\Desktop\automator_project\venv\Lib\site-packages\urllib3\connection.py", line 211, in _new_conn
    raise NameResolutionError(self.host, self, e) from e
urllib3.exceptions.NameResolutionError: HTTPSConnection(host='api.telegram.org', port=443): Failed to resolve 'api.telegram.org' ([Errno 11001] getaddrinfo failed)

The above exception was the direct cause of the following exception:

Traceback (most recent call last):
  File "D:\Users\Desktop\automator_project\venv\Lib\site-packages\requests\adapters.py", line 486, in send
    resp = conn.urlopen(
        method=request.method,
    ...<9 lines>...
        chunked=chunked,
    )
  File "D:\Users\Desktop\automator_project\venv\Lib\site-packages\urllib3\connectionpool.py", line 841, in urlopen
    retries = retries.increment(
        method, url, error=new_e, _pool=self, _stacktrace=sys.exc_info()[2]
    )
  File "D:\Users\Desktop\automator_project\venv\Lib\site-packages\urllib3\util\retry.py", line 535, in increment
    raise MaxRetryError(_pool, url, reason) from reason  # type: ignore[arg-type]
    ^^^^^^^^^^^^^^^^^^^^^^^^^^^^^^^^^^^^^^^^^^^^^^^^^^^
urllib3.exceptions.MaxRetryError: HTTPSConnectionPool(host='api.telegram.org', port=443): Max retries exceeded with url: /bot8730236171:AAFy_65gvPbjYkMvnxpGyZ5bOirrxUC6rJQ/getUpdates?offset=95087095&timeout=20 (Caused by NameResolutionError("HTTPSConnection(host='api.telegram.org', port=443): Failed to resolve 'api.telegram.org' ([Errno 11001] getaddrinfo failed)"))

During handling of the above exception, another exception occurred:

Traceback (most recent call last):
  File "D:\Users\Desktop\automator_project\venv\Lib\site-packages\telebot\__init__.py", line 1016, in infinity_polling
    self.polling(non_stop=True, timeout=timeout, long_polling_timeout=long_polling_timeout,
    ~~~~~~~~~~~~^^^^^^^^^^^^^^^^^^^^^^^^^^^^^^^^^^^^^^^^^^^^^^^^^^^^^^^^^^^^^^^^^^^^^^^^^^^
                 logger_level=logger_level, allowed_updates=allowed_updates, restart_on_change=False,
                 ^^^^^^^^^^^^^^^^^^^^^^^^^^^^^^^^^^^^^^^^^^^^^^^^^^^^^^^^^^^^^^^^^^^^^^^^^^^^^^^^^^^^
                 *args, **kwargs)
                 ^^^^^^^^^^^^^^^^
  File "D:\Users\Desktop\automator_project\venv\Lib\site-packages\telebot\__init__.py", line 1104, in polling
    self.__threaded_polling(non_stop=non_stop, interval=interval, timeout=timeout, long_polling_timeout=long_polling_timeout,
    ~~~~~~~~~~~~~~~~~~~~~~~^^^^^^^^^^^^^^^^^^^^^^^^^^^^^^^^^^^^^^^^^^^^^^^^^^^^^^^^^^^^^^^^^^^^^^^^^^^^^^^^^^^^^^^^^^^^^^^^^^
                            logger_level=logger_level, allowed_updates=allowed_updates)
                            ^^^^^^^^^^^^^^^^^^^^^^^^^^^^^^^^^^^^^^^^^^^^^^^^^^^^^^^^^^^
  File "D:\Users\Desktop\automator_project\venv\Lib\site-packages\telebot\__init__.py", line 1179, in __threaded_polling
    raise e
  File "D:\Users\Desktop\automator_project\venv\Lib\site-packages\telebot\__init__.py", line 1140, in __threaded_polling
    polling_thread.raise_exceptions()
    ~~~~~~~~~~~~~~~~~~~~~~~~~~~~~~~^^
  File "D:\Users\Desktop\automator_project\venv\Lib\site-packages\telebot\util.py", line 110, in raise_exceptions
    raise self.exception_info
  File "D:\Users\Desktop\automator_project\venv\Lib\site-packages\telebot\util.py", line 92, in run
    task(*args, **kwargs)
    ~~~~^^^^^^^^^^^^^^^^^
  File "D:\Users\Desktop\automator_project\venv\Lib\site-packages\telebot\__init__.py", line 661, in __retrieve_updates
    updates = self.get_updates(offset=(self.last_update_id + 1),
                               allowed_updates=allowed_updates,
                               timeout=timeout, long_polling_timeout=long_polling_timeout)
  File "D:\Users\Desktop\automator_project\venv\Lib\site-packages\telebot\__init__.py", line 633, in get_updates
    json_updates = apihelper.get_updates(
        self.token, offset=offset, limit=limit, timeout=timeout, allowed_updates=allowed_updates,
        long_polling_timeout=long_polling_timeout)
  File "D:\Users\Desktop\automator_project\venv\Lib\site-packages\telebot\apihelper.py", line 321, in get_updates
    return _make_request(token, method_url, params=payload)
  File "D:\Users\Desktop\automator_project\venv\Lib\site-packages\telebot\apihelper.py", line 158, in _make_request
    result = _get_req_session().request(
        method, request_url, params=params, files=files,
        timeout=(connect_timeout, read_timeout), proxies=proxy)
  File "D:\Users\Desktop\automator_project\venv\Lib\site-packages\requests\sessions.py", line 589, in request
    resp = self.send(prep, **send_kwargs)
  File "D:\Users\Desktop\automator_project\venv\Lib\site-packages\requests\sessions.py", line 703, in send
    r = adapter.send(request, **kwargs)
  File "D:\Users\Desktop\automator_project\venv\Lib\site-packages\requests\adapters.py", line 519, in send
    raise ConnectionError(e, request=request)
requests.exceptions.ConnectionError: HTTPSConnectionPool(host='api.telegram.org', port=443): Max retries exceeded with url: /bot8730236171:AAFy_65gvPbjYkMvnxpGyZ5bOirrxUC6rJQ/getUpdates?offset=95087095&timeout=20 (Caused by NameResolutionError("HTTPSConnection(host='api.telegram.org', port=443): Failed to resolve 'api.telegram.org' ([Errno 11001] getaddrinfo failed)"))

2026-03-31 16:05:45,166 - TeleBot - ERROR - Infinity polling exception: HTTPSConnectionPool(host='api.telegram.org', port=443): Max retries exceeded with url: /bot8730236171:AAFy_65gvPbjYkMvnxpGyZ5bOirrxUC6rJQ/getUpdates?offset=95087095&timeout=20 (Caused by NameResolutionError("HTTPSConnection(host='api.telegram.org', port=443): Failed to resolve 'api.telegram.org' ([Errno 11001] getaddrinfo failed)"))
2026-03-31 16:05:45,180 - TeleBot - ERROR - Exception traceback:
Traceback (most recent call last):
  File "D:\Users\Desktop\automator_project\venv\Lib\site-packages\urllib3\connection.py", line 204, in _new_conn
    sock = connection.create_connection(
        (self._dns_host, self.port),
    ...<2 lines>...
        socket_options=self.socket_options,
    )
  File "D:\Users\Desktop\automator_project\venv\Lib\site-packages\urllib3\util\connection.py", line 60, in create_connection
    for res in socket.getaddrinfo(host, port, family, socket.SOCK_STREAM):
               ~~~~~~~~~~~~~~~~~~^^^^^^^^^^^^^^^^^^^^^^^^^^^^^^^^^^^^^^^^
  File "C:\Users\Simonoviya\AppData\Local\Programs\Python\Python314\Lib\socket.py", line 983, in getaddrinfo
    for res in _socket.getaddrinfo(host, port, family, type, proto, flags):
               ~~~~~~~~~~~~~~~~~~~^^^^^^^^^^^^^^^^^^^^^^^^^^^^^^^^^^^^^^^^
socket.gaierror: [Errno 11001] getaddrinfo failed

The above exception was the direct cause of the following exception:

Traceback (most recent call last):
  File "D:\Users\Desktop\automator_project\venv\Lib\site-packages\urllib3\connectionpool.py", line 787, in urlopen
    response = self._make_request(
        conn,
    ...<10 lines>...
        **response_kw,
    )
  File "D:\Users\Desktop\automator_project\venv\Lib\site-packages\urllib3\connectionpool.py", line 488, in _make_request
    raise new_e
  File "D:\Users\Desktop\automator_project\venv\Lib\site-packages\urllib3\connectionpool.py", line 464, in _make_request
    self._validate_conn(conn)
    ~~~~~~~~~~~~~~~~~~~^^^^^^
  File "D:\Users\Desktop\automator_project\venv\Lib\site-packages\urllib3\connectionpool.py", line 1093, in _validate_conn
    conn.connect()
    ~~~~~~~~~~~~^^
  File "D:\Users\Desktop\automator_project\venv\Lib\site-packages\urllib3\connection.py", line 759, in connect
    self.sock = sock = self._new_conn()
                       ~~~~~~~~~~~~~~^^
  File "D:\Users\Desktop\automator_project\venv\Lib\site-packages\urllib3\connection.py", line 211, in _new_conn
    raise NameResolutionError(self.host, self, e) from e
urllib3.exceptions.NameResolutionError: HTTPSConnection(host='api.telegram.org', port=443): Failed to resolve 'api.telegram.org' ([Errno 11001] getaddrinfo failed)

The above exception was the direct cause of the following exception:

Traceback (most recent call last):
  File "D:\Users\Desktop\automator_project\venv\Lib\site-packages\requests\adapters.py", line 486, in send
    resp = conn.urlopen(
        method=request.method,
    ...<9 lines>...
        chunked=chunked,
    )
  File "D:\Users\Desktop\automator_project\venv\Lib\site-packages\urllib3\connectionpool.py", line 841, in urlopen
    retries = retries.increment(
        method, url, error=new_e, _pool=self, _stacktrace=sys.exc_info()[2]
    )
  File "D:\Users\Desktop\automator_project\venv\Lib\site-packages\urllib3\util\retry.py", line 535, in increment
    raise MaxRetryError(_pool, url, reason) from reason  # type: ignore[arg-type]
    ^^^^^^^^^^^^^^^^^^^^^^^^^^^^^^^^^^^^^^^^^^^^^^^^^^^
urllib3.exceptions.MaxRetryError: HTTPSConnectionPool(host='api.telegram.org', port=443): Max retries exceeded with url: /bot8730236171:AAFy_65gvPbjYkMvnxpGyZ5bOirrxUC6rJQ/getUpdates?offset=95087095&timeout=20 (Caused by NameResolutionError("HTTPSConnection(host='api.telegram.org', port=443): Failed to resolve 'api.telegram.org' ([Errno 11001] getaddrinfo failed)"))

During handling of the above exception, another exception occurred:

Traceback (most recent call last):
  File "D:\Users\Desktop\automator_project\venv\Lib\site-packages\telebot\__init__.py", line 1016, in infinity_polling
    self.polling(non_stop=True, timeout=timeout, long_polling_timeout=long_polling_timeout,
    ~~~~~~~~~~~~^^^^^^^^^^^^^^^^^^^^^^^^^^^^^^^^^^^^^^^^^^^^^^^^^^^^^^^^^^^^^^^^^^^^^^^^^^^
                 logger_level=logger_level, allowed_updates=allowed_updates, restart_on_change=False,
                 ^^^^^^^^^^^^^^^^^^^^^^^^^^^^^^^^^^^^^^^^^^^^^^^^^^^^^^^^^^^^^^^^^^^^^^^^^^^^^^^^^^^^
                 *args, **kwargs)
                 ^^^^^^^^^^^^^^^^
  File "D:\Users\Desktop\automator_project\venv\Lib\site-packages\telebot\__init__.py", line 1104, in polling
    self.__threaded_polling(non_stop=non_stop, interval=interval, timeout=timeout, long_polling_timeout=long_polling_timeout,
    ~~~~~~~~~~~~~~~~~~~~~~~^^^^^^^^^^^^^^^^^^^^^^^^^^^^^^^^^^^^^^^^^^^^^^^^^^^^^^^^^^^^^^^^^^^^^^^^^^^^^^^^^^^^^^^^^^^^^^^^^^
                            logger_level=logger_level, allowed_updates=allowed_updates)
                            ^^^^^^^^^^^^^^^^^^^^^^^^^^^^^^^^^^^^^^^^^^^^^^^^^^^^^^^^^^^
  File "D:\Users\Desktop\automator_project\venv\Lib\site-packages\telebot\__init__.py", line 1179, in __threaded_polling
    raise e
  File "D:\Users\Desktop\automator_project\venv\Lib\site-packages\telebot\__init__.py", line 1140, in __threaded_polling
    polling_thread.raise_exceptions()
    ~~~~~~~~~~~~~~~~~~~~~~~~~~~~~~~^^
  File "D:\Users\Desktop\automator_project\venv\Lib\site-packages\telebot\util.py", line 110, in raise_exceptions
    raise self.exception_info
  File "D:\Users\Desktop\automator_project\venv\Lib\site-packages\telebot\util.py", line 92, in run
    task(*args, **kwargs)
    ~~~~^^^^^^^^^^^^^^^^^
  File "D:\Users\Desktop\automator_project\venv\Lib\site-packages\telebot\__init__.py", line 661, in __retrieve_updates
    updates = self.get_updates(offset=(self.last_update_id + 1),
                               allowed_updates=allowed_updates,
                               timeout=timeout, long_polling_timeout=long_polling_timeout)
  File "D:\Users\Desktop\automator_project\venv\Lib\site-packages\telebot\__init__.py", line 633, in get_updates
    json_updates = apihelper.get_updates(
        self.token, offset=offset, limit=limit, timeout=timeout, allowed_updates=allowed_updates,
        long_polling_timeout=long_polling_timeout)
  File "D:\Users\Desktop\automator_project\venv\Lib\site-packages\telebot\apihelper.py", line 321, in get_updates
    return _make_request(token, method_url, params=payload)
  File "D:\Users\Desktop\automator_project\venv\Lib\site-packages\telebot\apihelper.py", line 158, in _make_request
    result = _get_req_session().request(
        method, request_url, params=params, files=files,
        timeout=(connect_timeout, read_timeout), proxies=proxy)
  File "D:\Users\Desktop\automator_project\venv\Lib\site-packages\requests\sessions.py", line 589, in request
    resp = self.send(prep, **send_kwargs)
  File "D:\Users\Desktop\automator_project\venv\Lib\site-packages\requests\sessions.py", line 703, in send
    r = adapter.send(request, **kwargs)
  File "D:\Users\Desktop\automator_project\venv\Lib\site-packages\requests\adapters.py", line 519, in send
    raise ConnectionError(e, request=request)
requests.exceptions.ConnectionError: HTTPSConnectionPool(host='api.telegram.org', port=443): Max retries exceeded with url: /bot8730236171:AAFy_65gvPbjYkMvnxpGyZ5bOirrxUC6rJQ/getUpdates?offset=95087095&timeout=20 (Caused by NameResolutionError("HTTPSConnection(host='api.telegram.org', port=443): Failed to resolve 'api.telegram.org' ([Errno 11001] getaddrinfo failed)"))

2026-03-31 16:06:11,495 - TeleBot - ERROR - Infinity polling exception: ('Connection aborted.', RemoteDisconnected('Remote end closed connection without response'))
2026-03-31 16:06:11,516 - TeleBot - ERROR - Exception traceback:
Traceback (most recent call last):
  File "D:\Users\Desktop\automator_project\venv\Lib\site-packages\urllib3\connectionpool.py", line 787, in urlopen
    response = self._make_request(
        conn,
    ...<10 lines>...
        **response_kw,
    )
  File "D:\Users\Desktop\automator_project\venv\Lib\site-packages\urllib3\connectionpool.py", line 534, in _make_request
    response = conn.getresponse()
  File "D:\Users\Desktop\automator_project\venv\Lib\site-packages\urllib3\connection.py", line 571, in getresponse
    httplib_response = super().getresponse()
  File "C:\Users\Simonoviya\AppData\Local\Programs\Python\Python314\Lib\http\client.py", line 1450, in getresponse
    response.begin()
    ~~~~~~~~~~~~~~^^
  File "C:\Users\Simonoviya\AppData\Local\Programs\Python\Python314\Lib\http\client.py", line 336, in begin
    version, status, reason = self._read_status()
                              ~~~~~~~~~~~~~~~~~^^
  File "C:\Users\Simonoviya\AppData\Local\Programs\Python\Python314\Lib\http\client.py", line 305, in _read_status
    raise RemoteDisconnected("Remote end closed connection without"
                             " response")
http.client.RemoteDisconnected: Remote end closed connection without response

During handling of the above exception, another exception occurred:

Traceback (most recent call last):
  File "D:\Users\Desktop\automator_project\venv\Lib\site-packages\requests\adapters.py", line 486, in send
    resp = conn.urlopen(
        method=request.method,
    ...<9 lines>...
        chunked=chunked,
    )
  File "D:\Users\Desktop\automator_project\venv\Lib\site-packages\urllib3\connectionpool.py", line 841, in urlopen
    retries = retries.increment(
        method, url, error=new_e, _pool=self, _stacktrace=sys.exc_info()[2]
    )
  File "D:\Users\Desktop\automator_project\venv\Lib\site-packages\urllib3\util\retry.py", line 490, in increment
    raise reraise(type(error), error, _stacktrace)
          ~~~~~~~^^^^^^^^^^^^^^^^^^^^^^^^^^^^^^^^^
  File "D:\Users\Desktop\automator_project\venv\Lib\site-packages\urllib3\util\util.py", line 38, in reraise
    raise value.with_traceback(tb)
  File "D:\Users\Desktop\automator_project\venv\Lib\site-packages\urllib3\connectionpool.py", line 787, in urlopen
    response = self._make_request(
        conn,
    ...<10 lines>...
        **response_kw,
    )
  File "D:\Users\Desktop\automator_project\venv\Lib\site-packages\urllib3\connectionpool.py", line 534, in _make_request
    response = conn.getresponse()
  File "D:\Users\Desktop\automator_project\venv\Lib\site-packages\urllib3\connection.py", line 571, in getresponse
    httplib_response = super().getresponse()
  File "C:\Users\Simonoviya\AppData\Local\Programs\Python\Python314\Lib\http\client.py", line 1450, in getresponse
    response.begin()
    ~~~~~~~~~~~~~~^^
  File "C:\Users\Simonoviya\AppData\Local\Programs\Python\Python314\Lib\http\client.py", line 336, in begin
    version, status, reason = self._read_status()
                              ~~~~~~~~~~~~~~~~~^^
  File "C:\Users\Simonoviya\AppData\Local\Programs\Python\Python314\Lib\http\client.py", line 305, in _read_status
    raise RemoteDisconnected("Remote end closed connection without"
                             " response")
urllib3.exceptions.ProtocolError: ('Connection aborted.', RemoteDisconnected('Remote end closed connection without response'))

During handling of the above exception, another exception occurred:

Traceback (most recent call last):
  File "D:\Users\Desktop\automator_project\venv\Lib\site-packages\telebot\__init__.py", line 1016, in infinity_polling
    self.polling(non_stop=True, timeout=timeout, long_polling_timeout=long_polling_timeout,
    ~~~~~~~~~~~~^^^^^^^^^^^^^^^^^^^^^^^^^^^^^^^^^^^^^^^^^^^^^^^^^^^^^^^^^^^^^^^^^^^^^^^^^^^
                 logger_level=logger_level, allowed_updates=allowed_updates, restart_on_change=False,
                 ^^^^^^^^^^^^^^^^^^^^^^^^^^^^^^^^^^^^^^^^^^^^^^^^^^^^^^^^^^^^^^^^^^^^^^^^^^^^^^^^^^^^
                 *args, **kwargs)
                 ^^^^^^^^^^^^^^^^
  File "D:\Users\Desktop\automator_project\venv\Lib\site-packages\telebot\__init__.py", line 1104, in polling
    self.__threaded_polling(non_stop=non_stop, interval=interval, timeout=timeout, long_polling_timeout=long_polling_timeout,
    ~~~~~~~~~~~~~~~~~~~~~~~^^^^^^^^^^^^^^^^^^^^^^^^^^^^^^^^^^^^^^^^^^^^^^^^^^^^^^^^^^^^^^^^^^^^^^^^^^^^^^^^^^^^^^^^^^^^^^^^^^
                            logger_level=logger_level, allowed_updates=allowed_updates)
                            ^^^^^^^^^^^^^^^^^^^^^^^^^^^^^^^^^^^^^^^^^^^^^^^^^^^^^^^^^^^
  File "D:\Users\Desktop\automator_project\venv\Lib\site-packages\telebot\__init__.py", line 1179, in __threaded_polling
    raise e
  File "D:\Users\Desktop\automator_project\venv\Lib\site-packages\telebot\__init__.py", line 1140, in __threaded_polling
    polling_thread.raise_exceptions()
    ~~~~~~~~~~~~~~~~~~~~~~~~~~~~~~~^^
  File "D:\Users\Desktop\automator_project\venv\Lib\site-packages\telebot\util.py", line 110, in raise_exceptions
    raise self.exception_info
  File "D:\Users\Desktop\automator_project\venv\Lib\site-packages\telebot\util.py", line 92, in run
    task(*args, **kwargs)
    ~~~~^^^^^^^^^^^^^^^^^
  File "D:\Users\Desktop\automator_project\venv\Lib\site-packages\telebot\__init__.py", line 661, in __retrieve_updates
    updates = self.get_updates(offset=(self.last_update_id + 1),
                               allowed_updates=allowed_updates,
                               timeout=timeout, long_polling_timeout=long_polling_timeout)
  File "D:\Users\Desktop\automator_project\venv\Lib\site-packages\telebot\__init__.py", line 633, in get_updates
    json_updates = apihelper.get_updates(
        self.token, offset=offset, limit=limit, timeout=timeout, allowed_updates=allowed_updates,
        long_polling_timeout=long_polling_timeout)
  File "D:\Users\Desktop\automator_project\venv\Lib\site-packages\telebot\apihelper.py", line 321, in get_updates
    return _make_request(token, method_url, params=payload)
  File "D:\Users\Desktop\automator_project\venv\Lib\site-packages\telebot\apihelper.py", line 158, in _make_request
    result = _get_req_session().request(
        method, request_url, params=params, files=files,
        timeout=(connect_timeout, read_timeout), proxies=proxy)
  File "D:\Users\Desktop\automator_project\venv\Lib\site-packages\requests\sessions.py", line 589, in request
    resp = self.send(prep, **send_kwargs)
  File "D:\Users\Desktop\automator_project\venv\Lib\site-packages\requests\sessions.py", line 703, in send
    r = adapter.send(request, **kwargs)
  File "D:\Users\Desktop\automator_project\venv\Lib\site-packages\requests\adapters.py", line 501, in send
    raise ConnectionError(err, request=request)
requests.exceptions.ConnectionError: ('Connection aborted.', RemoteDisconnected('Remote end closed connection without response'))

2026-03-31 16:06:45,314 - TeleBot - ERROR - Infinity polling exception: HTTPSConnectionPool(host='api.telegram.org', port=443): Read timed out. (read timeout=30)
2026-03-31 16:06:45,330 - TeleBot - ERROR - Exception traceback:
Traceback (most recent call last):
  File "D:\Users\Desktop\automator_project\venv\Lib\site-packages\urllib3\connectionpool.py", line 464, in _make_request
    self._validate_conn(conn)
    ~~~~~~~~~~~~~~~~~~~^^^^^^
  File "D:\Users\Desktop\automator_project\venv\Lib\site-packages\urllib3\connectionpool.py", line 1093, in _validate_conn
    conn.connect()
    ~~~~~~~~~~~~^^
  File "D:\Users\Desktop\automator_project\venv\Lib\site-packages\urllib3\connection.py", line 796, in connect
    sock_and_verified = _ssl_wrap_socket_and_match_hostname(
        sock=sock,
    ...<14 lines>...
        assert_fingerprint=self.assert_fingerprint,
    )
  File "D:\Users\Desktop\automator_project\venv\Lib\site-packages\urllib3\connection.py", line 975, in _ssl_wrap_socket_and_match_hostname
    ssl_sock = ssl_wrap_socket(
        sock=sock,
    ...<8 lines>...
        tls_in_tls=tls_in_tls,
    )
  File "D:\Users\Desktop\automator_project\venv\Lib\site-packages\urllib3\util\ssl_.py", line 483, in ssl_wrap_socket
    ssl_sock = _ssl_wrap_socket_impl(sock, context, tls_in_tls, server_hostname)
  File "D:\Users\Desktop\automator_project\venv\Lib\site-packages\urllib3\util\ssl_.py", line 527, in _ssl_wrap_socket_impl
    return ssl_context.wrap_socket(sock, server_hostname=server_hostname)
           ~~~~~~~~~~~~~~~~~~~~~~~^^^^^^^^^^^^^^^^^^^^^^^^^^^^^^^^^^^^^^^
  File "C:\Users\Simonoviya\AppData\Local\Programs\Python\Python314\Lib\ssl.py", line 455, in wrap_socket
    return self.sslsocket_class._create(
           ~~~~~~~~~~~~~~~~~~~~~~~~~~~~^
        sock=sock,
        ^^^^^^^^^^
    ...<5 lines>...
        session=session
        ^^^^^^^^^^^^^^^
    )
    ^
  File "C:\Users\Simonoviya\AppData\Local\Programs\Python\Python314\Lib\ssl.py", line 1076, in _create
    self.do_handshake()
    ~~~~~~~~~~~~~~~~~^^
  File "C:\Users\Simonoviya\AppData\Local\Programs\Python\Python314\Lib\ssl.py", line 1372, in do_handshake
    self._sslobj.do_handshake()
    ~~~~~~~~~~~~~~~~~~~~~~~~~^^
TimeoutError: _ssl.c:1063: The handshake operation timed out

The above exception was the direct cause of the following exception:

Traceback (most recent call last):
  File "D:\Users\Desktop\automator_project\venv\Lib\site-packages\requests\adapters.py", line 486, in send
    resp = conn.urlopen(
        method=request.method,
    ...<9 lines>...
        chunked=chunked,
    )
  File "D:\Users\Desktop\automator_project\venv\Lib\site-packages\urllib3\connectionpool.py", line 841, in urlopen
    retries = retries.increment(
        method, url, error=new_e, _pool=self, _stacktrace=sys.exc_info()[2]
    )
  File "D:\Users\Desktop\automator_project\venv\Lib\site-packages\urllib3\util\retry.py", line 490, in increment
    raise reraise(type(error), error, _stacktrace)
          ~~~~~~~^^^^^^^^^^^^^^^^^^^^^^^^^^^^^^^^^
  File "D:\Users\Desktop\automator_project\venv\Lib\site-packages\urllib3\util\util.py", line 39, in reraise
    raise value
  File "D:\Users\Desktop\automator_project\venv\Lib\site-packages\urllib3\connectionpool.py", line 787, in urlopen
    response = self._make_request(
        conn,
    ...<10 lines>...
        **response_kw,
    )
  File "D:\Users\Desktop\automator_project\venv\Lib\site-packages\urllib3\connectionpool.py", line 488, in _make_request
    raise new_e
  File "D:\Users\Desktop\automator_project\venv\Lib\site-packages\urllib3\connectionpool.py", line 466, in _make_request
    self._raise_timeout(err=e, url=url, timeout_value=conn.timeout)
    ~~~~~~~~~~~~~~~~~~~^^^^^^^^^^^^^^^^^^^^^^^^^^^^^^^^^^^^^^^^^^^^
  File "D:\Users\Desktop\automator_project\venv\Lib\site-packages\urllib3\connectionpool.py", line 367, in _raise_timeout
    raise ReadTimeoutError(
        self, url, f"Read timed out. (read timeout={timeout_value})"
    ) from err
urllib3.exceptions.ReadTimeoutError: HTTPSConnectionPool(host='api.telegram.org', port=443): Read timed out. (read timeout=30)

During handling of the above exception, another exception occurred:

Traceback (most recent call last):
  File "D:\Users\Desktop\automator_project\venv\Lib\site-packages\telebot\__init__.py", line 1016, in infinity_polling
    self.polling(non_stop=True, timeout=timeout, long_polling_timeout=long_polling_timeout,
    ~~~~~~~~~~~~^^^^^^^^^^^^^^^^^^^^^^^^^^^^^^^^^^^^^^^^^^^^^^^^^^^^^^^^^^^^^^^^^^^^^^^^^^^
                 logger_level=logger_level, allowed_updates=allowed_updates, restart_on_change=False,
                 ^^^^^^^^^^^^^^^^^^^^^^^^^^^^^^^^^^^^^^^^^^^^^^^^^^^^^^^^^^^^^^^^^^^^^^^^^^^^^^^^^^^^
                 *args, **kwargs)
                 ^^^^^^^^^^^^^^^^
  File "D:\Users\Desktop\automator_project\venv\Lib\site-packages\telebot\__init__.py", line 1104, in polling
    self.__threaded_polling(non_stop=non_stop, interval=interval, timeout=timeout, long_polling_timeout=long_polling_timeout,
    ~~~~~~~~~~~~~~~~~~~~~~~^^^^^^^^^^^^^^^^^^^^^^^^^^^^^^^^^^^^^^^^^^^^^^^^^^^^^^^^^^^^^^^^^^^^^^^^^^^^^^^^^^^^^^^^^^^^^^^^^^
                            logger_level=logger_level, allowed_updates=allowed_updates)
                            ^^^^^^^^^^^^^^^^^^^^^^^^^^^^^^^^^^^^^^^^^^^^^^^^^^^^^^^^^^^
  File "D:\Users\Desktop\automator_project\venv\Lib\site-packages\telebot\__init__.py", line 1179, in __threaded_polling
    raise e
  File "D:\Users\Desktop\automator_project\venv\Lib\site-packages\telebot\__init__.py", line 1140, in __threaded_polling
    polling_thread.raise_exceptions()
    ~~~~~~~~~~~~~~~~~~~~~~~~~~~~~~~^^
  File "D:\Users\Desktop\automator_project\venv\Lib\site-packages\telebot\util.py", line 110, in raise_exceptions
    raise self.exception_info
  File "D:\Users\Desktop\automator_project\venv\Lib\site-packages\telebot\util.py", line 92, in run
    task(*args, **kwargs)
    ~~~~^^^^^^^^^^^^^^^^^
  File "D:\Users\Desktop\automator_project\venv\Lib\site-packages\telebot\__init__.py", line 661, in __retrieve_updates
    updates = self.get_updates(offset=(self.last_update_id + 1),
                               allowed_updates=allowed_updates,
                               timeout=timeout, long_polling_timeout=long_polling_timeout)
  File "D:\Users\Desktop\automator_project\venv\Lib\site-packages\telebot\__init__.py", line 633, in get_updates
    json_updates = apihelper.get_updates(
        self.token, offset=offset, limit=limit, timeout=timeout, allowed_updates=allowed_updates,
        long_polling_timeout=long_polling_timeout)
  File "D:\Users\Desktop\automator_project\venv\Lib\site-packages\telebot\apihelper.py", line 321, in get_updates
    return _make_request(token, method_url, params=payload)
  File "D:\Users\Desktop\automator_project\venv\Lib\site-packages\telebot\apihelper.py", line 158, in _make_request
    result = _get_req_session().request(
        method, request_url, params=params, files=files,
        timeout=(connect_timeout, read_timeout), proxies=proxy)
  File "D:\Users\Desktop\automator_project\venv\Lib\site-packages\requests\sessions.py", line 589, in request
    resp = self.send(prep, **send_kwargs)
  File "D:\Users\Desktop\automator_project\venv\Lib\site-packages\requests\sessions.py", line 703, in send
    r = adapter.send(request, **kwargs)
  File "D:\Users\Desktop\automator_project\venv\Lib\site-packages\requests\adapters.py", line 532, in send
    raise ReadTimeout(e, request=request)
requests.exceptions.ReadTimeout: HTTPSConnectionPool(host='api.telegram.org', port=443): Read timed out. (read timeout=30)

2026-03-31 16:06:59,811 - TeleBot - ERROR - Infinity polling exception: HTTPSConnectionPool(host='api.telegram.org', port=443): Max retries exceeded with url: /bot8730236171:AAFy_65gvPbjYkMvnxpGyZ5bOirrxUC6rJQ/getUpdates?offset=95087095&timeout=20 (Caused by NameResolutionError("HTTPSConnection(host='api.telegram.org', port=443): Failed to resolve 'api.telegram.org' ([Errno 11001] getaddrinfo failed)"))
2026-03-31 16:06:59,824 - TeleBot - ERROR - Exception traceback:
Traceback (most recent call last):
  File "D:\Users\Desktop\automator_project\venv\Lib\site-packages\urllib3\connection.py", line 204, in _new_conn
    sock = connection.create_connection(
        (self._dns_host, self.port),
    ...<2 lines>...
        socket_options=self.socket_options,
    )
  File "D:\Users\Desktop\automator_project\venv\Lib\site-packages\urllib3\util\connection.py", line 60, in create_connection
    for res in socket.getaddrinfo(host, port, family, socket.SOCK_STREAM):
               ~~~~~~~~~~~~~~~~~~^^^^^^^^^^^^^^^^^^^^^^^^^^^^^^^^^^^^^^^^
  File "C:\Users\Simonoviya\AppData\Local\Programs\Python\Python314\Lib\socket.py", line 983, in getaddrinfo
    for res in _socket.getaddrinfo(host, port, family, type, proto, flags):
               ~~~~~~~~~~~~~~~~~~~^^^^^^^^^^^^^^^^^^^^^^^^^^^^^^^^^^^^^^^^
socket.gaierror: [Errno 11001] getaddrinfo failed

The above exception was the direct cause of the following exception:

Traceback (most recent call last):
  File "D:\Users\Desktop\automator_project\venv\Lib\site-packages\urllib3\connectionpool.py", line 787, in urlopen
    response = self._make_request(
        conn,
    ...<10 lines>...
        **response_kw,
    )
  File "D:\Users\Desktop\automator_project\venv\Lib\site-packages\urllib3\connectionpool.py", line 488, in _make_request
    raise new_e
  File "D:\Users\Desktop\automator_project\venv\Lib\site-packages\urllib3\connectionpool.py", line 464, in _make_request
    self._validate_conn(conn)
    ~~~~~~~~~~~~~~~~~~~^^^^^^
  File "D:\Users\Desktop\automator_project\venv\Lib\site-packages\urllib3\connectionpool.py", line 1093, in _validate_conn
    conn.connect()
    ~~~~~~~~~~~~^^
  File "D:\Users\Desktop\automator_project\venv\Lib\site-packages\urllib3\connection.py", line 759, in connect
    self.sock = sock = self._new_conn()
                       ~~~~~~~~~~~~~~^^
  File "D:\Users\Desktop\automator_project\venv\Lib\site-packages\urllib3\connection.py", line 211, in _new_conn
    raise NameResolutionError(self.host, self, e) from e
urllib3.exceptions.NameResolutionError: HTTPSConnection(host='api.telegram.org', port=443): Failed to resolve 'api.telegram.org' ([Errno 11001] getaddrinfo failed)

The above exception was the direct cause of the following exception:

Traceback (most recent call last):
  File "D:\Users\Desktop\automator_project\venv\Lib\site-packages\requests\adapters.py", line 486, in send
    resp = conn.urlopen(
        method=request.method,
    ...<9 lines>...
        chunked=chunked,
    )
  File "D:\Users\Desktop\automator_project\venv\Lib\site-packages\urllib3\connectionpool.py", line 841, in urlopen
    retries = retries.increment(
        method, url, error=new_e, _pool=self, _stacktrace=sys.exc_info()[2]
    )
  File "D:\Users\Desktop\automator_project\venv\Lib\site-packages\urllib3\util\retry.py", line 535, in increment
    raise MaxRetryError(_pool, url, reason) from reason  # type: ignore[arg-type]
    ^^^^^^^^^^^^^^^^^^^^^^^^^^^^^^^^^^^^^^^^^^^^^^^^^^^
urllib3.exceptions.MaxRetryError: HTTPSConnectionPool(host='api.telegram.org', port=443): Max retries exceeded with url: /bot8730236171:AAFy_65gvPbjYkMvnxpGyZ5bOirrxUC6rJQ/getUpdates?offset=95087095&timeout=20 (Caused by NameResolutionError("HTTPSConnection(host='api.telegram.org', port=443): Failed to resolve 'api.telegram.org' ([Errno 11001] getaddrinfo failed)"))

During handling of the above exception, another exception occurred:

Traceback (most recent call last):
  File "D:\Users\Desktop\automator_project\venv\Lib\site-packages\telebot\__init__.py", line 1016, in infinity_polling
    self.polling(non_stop=True, timeout=timeout, long_polling_timeout=long_polling_timeout,
    ~~~~~~~~~~~~^^^^^^^^^^^^^^^^^^^^^^^^^^^^^^^^^^^^^^^^^^^^^^^^^^^^^^^^^^^^^^^^^^^^^^^^^^^
                 logger_level=logger_level, allowed_updates=allowed_updates, restart_on_change=False,
                 ^^^^^^^^^^^^^^^^^^^^^^^^^^^^^^^^^^^^^^^^^^^^^^^^^^^^^^^^^^^^^^^^^^^^^^^^^^^^^^^^^^^^
                 *args, **kwargs)
                 ^^^^^^^^^^^^^^^^
  File "D:\Users\Desktop\automator_project\venv\Lib\site-packages\telebot\__init__.py", line 1104, in polling
    self.__threaded_polling(non_stop=non_stop, interval=interval, timeout=timeout, long_polling_timeout=long_polling_timeout,
    ~~~~~~~~~~~~~~~~~~~~~~~^^^^^^^^^^^^^^^^^^^^^^^^^^^^^^^^^^^^^^^^^^^^^^^^^^^^^^^^^^^^^^^^^^^^^^^^^^^^^^^^^^^^^^^^^^^^^^^^^^
                            logger_level=logger_level, allowed_updates=allowed_updates)
                            ^^^^^^^^^^^^^^^^^^^^^^^^^^^^^^^^^^^^^^^^^^^^^^^^^^^^^^^^^^^
  File "D:\Users\Desktop\automator_project\venv\Lib\site-packages\telebot\__init__.py", line 1179, in __threaded_polling
    raise e
  File "D:\Users\Desktop\automator_project\venv\Lib\site-packages\telebot\__init__.py", line 1140, in __threaded_polling
    polling_thread.raise_exceptions()
    ~~~~~~~~~~~~~~~~~~~~~~~~~~~~~~~^^
  File "D:\Users\Desktop\automator_project\venv\Lib\site-packages\telebot\util.py", line 110, in raise_exceptions
    raise self.exception_info
  File "D:\Users\Desktop\automator_project\venv\Lib\site-packages\telebot\util.py", line 92, in run
    task(*args, **kwargs)
    ~~~~^^^^^^^^^^^^^^^^^
  File "D:\Users\Desktop\automator_project\venv\Lib\site-packages\telebot\__init__.py", line 661, in __retrieve_updates
    updates = self.get_updates(offset=(self.last_update_id + 1),
                               allowed_updates=allowed_updates,
                               timeout=timeout, long_polling_timeout=long_polling_timeout)
  File "D:\Users\Desktop\automator_project\venv\Lib\site-packages\telebot\__init__.py", line 633, in get_updates
    json_updates = apihelper.get_updates(
        self.token, offset=offset, limit=limit, timeout=timeout, allowed_updates=allowed_updates,
        long_polling_timeout=long_polling_timeout)
  File "D:\Users\Desktop\automator_project\venv\Lib\site-packages\telebot\apihelper.py", line 321, in get_updates
    return _make_request(token, method_url, params=payload)
  File "D:\Users\Desktop\automator_project\venv\Lib\site-packages\telebot\apihelper.py", line 158, in _make_request
    result = _get_req_session().request(
        method, request_url, params=params, files=files,
        timeout=(connect_timeout, read_timeout), proxies=proxy)
  File "D:\Users\Desktop\automator_project\venv\Lib\site-packages\requests\sessions.py", line 589, in request
    resp = self.send(prep, **send_kwargs)
  File "D:\Users\Desktop\automator_project\venv\Lib\site-packages\requests\sessions.py", line 703, in send
    r = adapter.send(request, **kwargs)
  File "D:\Users\Desktop\automator_project\venv\Lib\site-packages\requests\adapters.py", line 519, in send
    raise ConnectionError(e, request=request)
requests.exceptions.ConnectionError: HTTPSConnectionPool(host='api.telegram.org', port=443): Max retries exceeded with url: /bot8730236171:AAFy_65gvPbjYkMvnxpGyZ5bOirrxUC6rJQ/getUpdates?offset=95087095&timeout=20 (Caused by NameResolutionError("HTTPSConnection(host='api.telegram.org', port=443): Failed to resolve 'api.telegram.org' ([Errno 11001] getaddrinfo failed)"))

2026-03-31 16:07:14,318 - TeleBot - ERROR - Infinity polling exception: HTTPSConnectionPool(host='api.telegram.org', port=443): Max retries exceeded with url: /bot8730236171:AAFy_65gvPbjYkMvnxpGyZ5bOirrxUC6rJQ/getUpdates?offset=95087095&timeout=20 (Caused by NameResolutionError("HTTPSConnection(host='api.telegram.org', port=443): Failed to resolve 'api.telegram.org' ([Errno 11001] getaddrinfo failed)"))
2026-03-31 16:07:14,331 - TeleBot - ERROR - Exception traceback:
Traceback (most recent call last):
  File "D:\Users\Desktop\automator_project\venv\Lib\site-packages\urllib3\connection.py", line 204, in _new_conn
    sock = connection.create_connection(
        (self._dns_host, self.port),
    ...<2 lines>...
        socket_options=self.socket_options,
    )
  File "D:\Users\Desktop\automator_project\venv\Lib\site-packages\urllib3\util\connection.py", line 60, in create_connection
    for res in socket.getaddrinfo(host, port, family, socket.SOCK_STREAM):
               ~~~~~~~~~~~~~~~~~~^^^^^^^^^^^^^^^^^^^^^^^^^^^^^^^^^^^^^^^^
  File "C:\Users\Simonoviya\AppData\Local\Programs\Python\Python314\Lib\socket.py", line 983, in getaddrinfo
    for res in _socket.getaddrinfo(host, port, family, type, proto, flags):
               ~~~~~~~~~~~~~~~~~~~^^^^^^^^^^^^^^^^^^^^^^^^^^^^^^^^^^^^^^^^
socket.gaierror: [Errno 11001] getaddrinfo failed

The above exception was the direct cause of the following exception:

Traceback (most recent call last):
  File "D:\Users\Desktop\automator_project\venv\Lib\site-packages\urllib3\connectionpool.py", line 787, in urlopen
    response = self._make_request(
        conn,
    ...<10 lines>...
        **response_kw,
    )
  File "D:\Users\Desktop\automator_project\venv\Lib\site-packages\urllib3\connectionpool.py", line 488, in _make_request
    raise new_e
  File "D:\Users\Desktop\automator_project\venv\Lib\site-packages\urllib3\connectionpool.py", line 464, in _make_request
    self._validate_conn(conn)
    ~~~~~~~~~~~~~~~~~~~^^^^^^
  File "D:\Users\Desktop\automator_project\venv\Lib\site-packages\urllib3\connectionpool.py", line 1093, in _validate_conn
    conn.connect()
    ~~~~~~~~~~~~^^
  File "D:\Users\Desktop\automator_project\venv\Lib\site-packages\urllib3\connection.py", line 759, in connect
    self.sock = sock = self._new_conn()
                       ~~~~~~~~~~~~~~^^
  File "D:\Users\Desktop\automator_project\venv\Lib\site-packages\urllib3\connection.py", line 211, in _new_conn
    raise NameResolutionError(self.host, self, e) from e
urllib3.exceptions.NameResolutionError: HTTPSConnection(host='api.telegram.org', port=443): Failed to resolve 'api.telegram.org' ([Errno 11001] getaddrinfo failed)

The above exception was the direct cause of the following exception:

Traceback (most recent call last):
  File "D:\Users\Desktop\automator_project\venv\Lib\site-packages\requests\adapters.py", line 486, in send
    resp = conn.urlopen(
        method=request.method,
    ...<9 lines>...
        chunked=chunked,
    )
  File "D:\Users\Desktop\automator_project\venv\Lib\site-packages\urllib3\connectionpool.py", line 841, in urlopen
    retries = retries.increment(
        method, url, error=new_e, _pool=self, _stacktrace=sys.exc_info()[2]
    )
  File "D:\Users\Desktop\automator_project\venv\Lib\site-packages\urllib3\util\retry.py", line 535, in increment
    raise MaxRetryError(_pool, url, reason) from reason  # type: ignore[arg-type]
    ^^^^^^^^^^^^^^^^^^^^^^^^^^^^^^^^^^^^^^^^^^^^^^^^^^^
urllib3.exceptions.MaxRetryError: HTTPSConnectionPool(host='api.telegram.org', port=443): Max retries exceeded with url: /bot8730236171:AAFy_65gvPbjYkMvnxpGyZ5bOirrxUC6rJQ/getUpdates?offset=95087095&timeout=20 (Caused by NameResolutionError("HTTPSConnection(host='api.telegram.org', port=443): Failed to resolve 'api.telegram.org' ([Errno 11001] getaddrinfo failed)"))

During handling of the above exception, another exception occurred:

Traceback (most recent call last):
  File "D:\Users\Desktop\automator_project\venv\Lib\site-packages\telebot\__init__.py", line 1016, in infinity_polling
    self.polling(non_stop=True, timeout=timeout, long_polling_timeout=long_polling_timeout,
    ~~~~~~~~~~~~^^^^^^^^^^^^^^^^^^^^^^^^^^^^^^^^^^^^^^^^^^^^^^^^^^^^^^^^^^^^^^^^^^^^^^^^^^^
                 logger_level=logger_level, allowed_updates=allowed_updates, restart_on_change=False,
                 ^^^^^^^^^^^^^^^^^^^^^^^^^^^^^^^^^^^^^^^^^^^^^^^^^^^^^^^^^^^^^^^^^^^^^^^^^^^^^^^^^^^^
                 *args, **kwargs)
                 ^^^^^^^^^^^^^^^^
  File "D:\Users\Desktop\automator_project\venv\Lib\site-packages\telebot\__init__.py", line 1104, in polling
    self.__threaded_polling(non_stop=non_stop, interval=interval, timeout=timeout, long_polling_timeout=long_polling_timeout,
    ~~~~~~~~~~~~~~~~~~~~~~~^^^^^^^^^^^^^^^^^^^^^^^^^^^^^^^^^^^^^^^^^^^^^^^^^^^^^^^^^^^^^^^^^^^^^^^^^^^^^^^^^^^^^^^^^^^^^^^^^^
                            logger_level=logger_level, allowed_updates=allowed_updates)
                            ^^^^^^^^^^^^^^^^^^^^^^^^^^^^^^^^^^^^^^^^^^^^^^^^^^^^^^^^^^^
  File "D:\Users\Desktop\automator_project\venv\Lib\site-packages\telebot\__init__.py", line 1179, in __threaded_polling
    raise e
  File "D:\Users\Desktop\automator_project\venv\Lib\site-packages\telebot\__init__.py", line 1140, in __threaded_polling
    polling_thread.raise_exceptions()
    ~~~~~~~~~~~~~~~~~~~~~~~~~~~~~~~^^
  File "D:\Users\Desktop\automator_project\venv\Lib\site-packages\telebot\util.py", line 110, in raise_exceptions
    raise self.exception_info
  File "D:\Users\Desktop\automator_project\venv\Lib\site-packages\telebot\util.py", line 92, in run
    task(*args, **kwargs)
    ~~~~^^^^^^^^^^^^^^^^^
  File "D:\Users\Desktop\automator_project\venv\Lib\site-packages\telebot\__init__.py", line 661, in __retrieve_updates
    updates = self.get_updates(offset=(self.last_update_id + 1),
                               allowed_updates=allowed_updates,
                               timeout=timeout, long_polling_timeout=long_polling_timeout)
  File "D:\Users\Desktop\automator_project\venv\Lib\site-packages\telebot\__init__.py", line 633, in get_updates
    json_updates = apihelper.get_updates(
        self.token, offset=offset, limit=limit, timeout=timeout, allowed_updates=allowed_updates,
        long_polling_timeout=long_polling_timeout)
  File "D:\Users\Desktop\automator_project\venv\Lib\site-packages\telebot\apihelper.py", line 321, in get_updates
    return _make_request(token, method_url, params=payload)
  File "D:\Users\Desktop\automator_project\venv\Lib\site-packages\telebot\apihelper.py", line 158, in _make_request
    result = _get_req_session().request(
        method, request_url, params=params, files=files,
        timeout=(connect_timeout, read_timeout), proxies=proxy)
  File "D:\Users\Desktop\automator_project\venv\Lib\site-packages\requests\sessions.py", line 589, in request
    resp = self.send(prep, **send_kwargs)
  File "D:\Users\Desktop\automator_project\venv\Lib\site-packages\requests\sessions.py", line 703, in send
    r = adapter.send(request, **kwargs)
  File "D:\Users\Desktop\automator_project\venv\Lib\site-packages\requests\adapters.py", line 519, in send
    raise ConnectionError(e, request=request)
requests.exceptions.ConnectionError: HTTPSConnectionPool(host='api.telegram.org', port=443): Max retries exceeded with url: /bot8730236171:AAFy_65gvPbjYkMvnxpGyZ5bOirrxUC6rJQ/getUpdates?offset=95087095&timeout=20 (Caused by NameResolutionError("HTTPSConnection(host='api.telegram.org', port=443): Failed to resolve 'api.telegram.org' ([Errno 11001] getaddrinfo failed)"))

2026-03-31 16:07:45,202 - TeleBot - ERROR - Infinity polling exception: HTTPSConnectionPool(host='api.telegram.org', port=443): Max retries exceeded with url: /bot8730236171:AAFy_65gvPbjYkMvnxpGyZ5bOirrxUC6rJQ/getUpdates?offset=95087095&timeout=20 (Caused by SSLError(SSLEOFError(8, '[SSL: UNEXPECTED_EOF_WHILE_READING] EOF occurred in violation of protocol (_ssl.c:1081)')))
2026-03-31 16:07:45,215 - TeleBot - ERROR - Exception traceback:
Traceback (most recent call last):
  File "D:\Users\Desktop\automator_project\venv\Lib\site-packages\urllib3\connectionpool.py", line 464, in _make_request
    self._validate_conn(conn)
    ~~~~~~~~~~~~~~~~~~~^^^^^^
  File "D:\Users\Desktop\automator_project\venv\Lib\site-packages\urllib3\connectionpool.py", line 1093, in _validate_conn
    conn.connect()
    ~~~~~~~~~~~~^^
  File "D:\Users\Desktop\automator_project\venv\Lib\site-packages\urllib3\connection.py", line 796, in connect
    sock_and_verified = _ssl_wrap_socket_and_match_hostname(
        sock=sock,
    ...<14 lines>...
        assert_fingerprint=self.assert_fingerprint,
    )
  File "D:\Users\Desktop\automator_project\venv\Lib\site-packages\urllib3\connection.py", line 975, in _ssl_wrap_socket_and_match_hostname
    ssl_sock = ssl_wrap_socket(
        sock=sock,
    ...<8 lines>...
        tls_in_tls=tls_in_tls,
    )
  File "D:\Users\Desktop\automator_project\venv\Lib\site-packages\urllib3\util\ssl_.py", line 483, in ssl_wrap_socket
    ssl_sock = _ssl_wrap_socket_impl(sock, context, tls_in_tls, server_hostname)
  File "D:\Users\Desktop\automator_project\venv\Lib\site-packages\urllib3\util\ssl_.py", line 527, in _ssl_wrap_socket_impl
    return ssl_context.wrap_socket(sock, server_hostname=server_hostname)
           ~~~~~~~~~~~~~~~~~~~~~~~^^^^^^^^^^^^^^^^^^^^^^^^^^^^^^^^^^^^^^^
  File "C:\Users\Simonoviya\AppData\Local\Programs\Python\Python314\Lib\ssl.py", line 455, in wrap_socket
    return self.sslsocket_class._create(
           ~~~~~~~~~~~~~~~~~~~~~~~~~~~~^
        sock=sock,
        ^^^^^^^^^^
    ...<5 lines>...
        session=session
        ^^^^^^^^^^^^^^^
    )
    ^
  File "C:\Users\Simonoviya\AppData\Local\Programs\Python\Python314\Lib\ssl.py", line 1076, in _create
    self.do_handshake()
    ~~~~~~~~~~~~~~~~~^^
  File "C:\Users\Simonoviya\AppData\Local\Programs\Python\Python314\Lib\ssl.py", line 1372, in do_handshake
    self._sslobj.do_handshake()
    ~~~~~~~~~~~~~~~~~~~~~~~~~^^
ssl.SSLEOFError: [SSL: UNEXPECTED_EOF_WHILE_READING] EOF occurred in violation of protocol (_ssl.c:1081)

During handling of the above exception, another exception occurred:

Traceback (most recent call last):
  File "D:\Users\Desktop\automator_project\venv\Lib\site-packages\urllib3\connectionpool.py", line 787, in urlopen
    response = self._make_request(
        conn,
    ...<10 lines>...
        **response_kw,
    )
  File "D:\Users\Desktop\automator_project\venv\Lib\site-packages\urllib3\connectionpool.py", line 488, in _make_request
    raise new_e
urllib3.exceptions.SSLError: [SSL: UNEXPECTED_EOF_WHILE_READING] EOF occurred in violation of protocol (_ssl.c:1081)

The above exception was the direct cause of the following exception:

Traceback (most recent call last):
  File "D:\Users\Desktop\automator_project\venv\Lib\site-packages\requests\adapters.py", line 486, in send
    resp = conn.urlopen(
        method=request.method,
    ...<9 lines>...
        chunked=chunked,
    )
  File "D:\Users\Desktop\automator_project\venv\Lib\site-packages\urllib3\connectionpool.py", line 841, in urlopen
    retries = retries.increment(
        method, url, error=new_e, _pool=self, _stacktrace=sys.exc_info()[2]
    )
  File "D:\Users\Desktop\automator_project\venv\Lib\site-packages\urllib3\util\retry.py", line 535, in increment
    raise MaxRetryError(_pool, url, reason) from reason  # type: ignore[arg-type]
    ^^^^^^^^^^^^^^^^^^^^^^^^^^^^^^^^^^^^^^^^^^^^^^^^^^^
urllib3.exceptions.MaxRetryError: HTTPSConnectionPool(host='api.telegram.org', port=443): Max retries exceeded with url: /bot8730236171:AAFy_65gvPbjYkMvnxpGyZ5bOirrxUC6rJQ/getUpdates?offset=95087095&timeout=20 (Caused by SSLError(SSLEOFError(8, '[SSL: UNEXPECTED_EOF_WHILE_READING] EOF occurred in violation of protocol (_ssl.c:1081)')))

During handling of the above exception, another exception occurred:

Traceback (most recent call last):
  File "D:\Users\Desktop\automator_project\venv\Lib\site-packages\telebot\__init__.py", line 1016, in infinity_polling
    self.polling(non_stop=True, timeout=timeout, long_polling_timeout=long_polling_timeout,
    ~~~~~~~~~~~~^^^^^^^^^^^^^^^^^^^^^^^^^^^^^^^^^^^^^^^^^^^^^^^^^^^^^^^^^^^^^^^^^^^^^^^^^^^
                 logger_level=logger_level, allowed_updates=allowed_updates, restart_on_change=False,
                 ^^^^^^^^^^^^^^^^^^^^^^^^^^^^^^^^^^^^^^^^^^^^^^^^^^^^^^^^^^^^^^^^^^^^^^^^^^^^^^^^^^^^
                 *args, **kwargs)
                 ^^^^^^^^^^^^^^^^
  File "D:\Users\Desktop\automator_project\venv\Lib\site-packages\telebot\__init__.py", line 1104, in polling
    self.__threaded_polling(non_stop=non_stop, interval=interval, timeout=timeout, long_polling_timeout=long_polling_timeout,
    ~~~~~~~~~~~~~~~~~~~~~~~^^^^^^^^^^^^^^^^^^^^^^^^^^^^^^^^^^^^^^^^^^^^^^^^^^^^^^^^^^^^^^^^^^^^^^^^^^^^^^^^^^^^^^^^^^^^^^^^^^
                            logger_level=logger_level, allowed_updates=allowed_updates)
                            ^^^^^^^^^^^^^^^^^^^^^^^^^^^^^^^^^^^^^^^^^^^^^^^^^^^^^^^^^^^
  File "D:\Users\Desktop\automator_project\venv\Lib\site-packages\telebot\__init__.py", line 1179, in __threaded_polling
    raise e
  File "D:\Users\Desktop\automator_project\venv\Lib\site-packages\telebot\__init__.py", line 1140, in __threaded_polling
    polling_thread.raise_exceptions()
    ~~~~~~~~~~~~~~~~~~~~~~~~~~~~~~~^^
  File "D:\Users\Desktop\automator_project\venv\Lib\site-packages\telebot\util.py", line 110, in raise_exceptions
    raise self.exception_info
  File "D:\Users\Desktop\automator_project\venv\Lib\site-packages\telebot\util.py", line 92, in run
    task(*args, **kwargs)
    ~~~~^^^^^^^^^^^^^^^^^
  File "D:\Users\Desktop\automator_project\venv\Lib\site-packages\telebot\__init__.py", line 661, in __retrieve_updates
    updates = self.get_updates(offset=(self.last_update_id + 1),
                               allowed_updates=allowed_updates,
                               timeout=timeout, long_polling_timeout=long_polling_timeout)
  File "D:\Users\Desktop\automator_project\venv\Lib\site-packages\telebot\__init__.py", line 633, in get_updates
    json_updates = apihelper.get_updates(
        self.token, offset=offset, limit=limit, timeout=timeout, allowed_updates=allowed_updates,
        long_polling_timeout=long_polling_timeout)
  File "D:\Users\Desktop\automator_project\venv\Lib\site-packages\telebot\apihelper.py", line 321, in get_updates
    return _make_request(token, method_url, params=payload)
  File "D:\Users\Desktop\automator_project\venv\Lib\site-packages\telebot\apihelper.py", line 158, in _make_request
    result = _get_req_session().request(
        method, request_url, params=params, files=files,
        timeout=(connect_timeout, read_timeout), proxies=proxy)
  File "D:\Users\Desktop\automator_project\venv\Lib\site-packages\requests\sessions.py", line 589, in request
    resp = self.send(prep, **send_kwargs)
  File "D:\Users\Desktop\automator_project\venv\Lib\site-packages\requests\sessions.py", line 703, in send
    r = adapter.send(request, **kwargs)
  File "D:\Users\Desktop\automator_project\venv\Lib\site-packages\requests\adapters.py", line 517, in send
    raise SSLError(e, request=request)
requests.exceptions.SSLError: HTTPSConnectionPool(host='api.telegram.org', port=443): Max retries exceeded with url: /bot8730236171:AAFy_65gvPbjYkMvnxpGyZ5bOirrxUC6rJQ/getUpdates?offset=95087095&timeout=20 (Caused by SSLError(SSLEOFError(8, '[SSL: UNEXPECTED_EOF_WHILE_READING] EOF occurred in violation of protocol (_ssl.c:1081)')))

2026-03-31 16:08:18,803 - TeleBot - ERROR - Infinity polling exception: HTTPSConnectionPool(host='api.telegram.org', port=443): Read timed out. (read timeout=30)
2026-03-31 16:08:18,819 - TeleBot - ERROR - Exception traceback:
Traceback (most recent call last):
  File "D:\Users\Desktop\automator_project\venv\Lib\site-packages\urllib3\connectionpool.py", line 464, in _make_request
    self._validate_conn(conn)
    ~~~~~~~~~~~~~~~~~~~^^^^^^
  File "D:\Users\Desktop\automator_project\venv\Lib\site-packages\urllib3\connectionpool.py", line 1093, in _validate_conn
    conn.connect()
    ~~~~~~~~~~~~^^
  File "D:\Users\Desktop\automator_project\venv\Lib\site-packages\urllib3\connection.py", line 796, in connect
    sock_and_verified = _ssl_wrap_socket_and_match_hostname(
        sock=sock,
    ...<14 lines>...
        assert_fingerprint=self.assert_fingerprint,
    )
  File "D:\Users\Desktop\automator_project\venv\Lib\site-packages\urllib3\connection.py", line 975, in _ssl_wrap_socket_and_match_hostname
    ssl_sock = ssl_wrap_socket(
        sock=sock,
    ...<8 lines>...
        tls_in_tls=tls_in_tls,
    )
  File "D:\Users\Desktop\automator_project\venv\Lib\site-packages\urllib3\util\ssl_.py", line 483, in ssl_wrap_socket
    ssl_sock = _ssl_wrap_socket_impl(sock, context, tls_in_tls, server_hostname)
  File "D:\Users\Desktop\automator_project\venv\Lib\site-packages\urllib3\util\ssl_.py", line 527, in _ssl_wrap_socket_impl
    return ssl_context.wrap_socket(sock, server_hostname=server_hostname)
           ~~~~~~~~~~~~~~~~~~~~~~~^^^^^^^^^^^^^^^^^^^^^^^^^^^^^^^^^^^^^^^
  File "C:\Users\Simonoviya\AppData\Local\Programs\Python\Python314\Lib\ssl.py", line 455, in wrap_socket
    return self.sslsocket_class._create(
           ~~~~~~~~~~~~~~~~~~~~~~~~~~~~^
        sock=sock,
        ^^^^^^^^^^
    ...<5 lines>...
        session=session
        ^^^^^^^^^^^^^^^
    )
    ^
  File "C:\Users\Simonoviya\AppData\Local\Programs\Python\Python314\Lib\ssl.py", line 1076, in _create
    self.do_handshake()
    ~~~~~~~~~~~~~~~~~^^
  File "C:\Users\Simonoviya\AppData\Local\Programs\Python\Python314\Lib\ssl.py", line 1372, in do_handshake
    self._sslobj.do_handshake()
    ~~~~~~~~~~~~~~~~~~~~~~~~~^^
TimeoutError: _ssl.c:1063: The handshake operation timed out

The above exception was the direct cause of the following exception:

Traceback (most recent call last):
  File "D:\Users\Desktop\automator_project\venv\Lib\site-packages\requests\adapters.py", line 486, in send
    resp = conn.urlopen(
        method=request.method,
    ...<9 lines>...
        chunked=chunked,
    )
  File "D:\Users\Desktop\automator_project\venv\Lib\site-packages\urllib3\connectionpool.py", line 841, in urlopen
    retries = retries.increment(
        method, url, error=new_e, _pool=self, _stacktrace=sys.exc_info()[2]
    )
  File "D:\Users\Desktop\automator_project\venv\Lib\site-packages\urllib3\util\retry.py", line 490, in increment
    raise reraise(type(error), error, _stacktrace)
          ~~~~~~~^^^^^^^^^^^^^^^^^^^^^^^^^^^^^^^^^
  File "D:\Users\Desktop\automator_project\venv\Lib\site-packages\urllib3\util\util.py", line 39, in reraise
    raise value
  File "D:\Users\Desktop\automator_project\venv\Lib\site-packages\urllib3\connectionpool.py", line 787, in urlopen
    response = self._make_request(
        conn,
    ...<10 lines>...
        **response_kw,
    )
  File "D:\Users\Desktop\automator_project\venv\Lib\site-packages\urllib3\connectionpool.py", line 488, in _make_request
    raise new_e
  File "D:\Users\Desktop\automator_project\venv\Lib\site-packages\urllib3\connectionpool.py", line 466, in _make_request
    self._raise_timeout(err=e, url=url, timeout_value=conn.timeout)
    ~~~~~~~~~~~~~~~~~~~^^^^^^^^^^^^^^^^^^^^^^^^^^^^^^^^^^^^^^^^^^^^
  File "D:\Users\Desktop\automator_project\venv\Lib\site-packages\urllib3\connectionpool.py", line 367, in _raise_timeout
    raise ReadTimeoutError(
        self, url, f"Read timed out. (read timeout={timeout_value})"
    ) from err
urllib3.exceptions.ReadTimeoutError: HTTPSConnectionPool(host='api.telegram.org', port=443): Read timed out. (read timeout=30)

During handling of the above exception, another exception occurred:

Traceback (most recent call last):
  File "D:\Users\Desktop\automator_project\venv\Lib\site-packages\telebot\__init__.py", line 1016, in infinity_polling
    self.polling(non_stop=True, timeout=timeout, long_polling_timeout=long_polling_timeout,
    ~~~~~~~~~~~~^^^^^^^^^^^^^^^^^^^^^^^^^^^^^^^^^^^^^^^^^^^^^^^^^^^^^^^^^^^^^^^^^^^^^^^^^^^
                 logger_level=logger_level, allowed_updates=allowed_updates, restart_on_change=False,
                 ^^^^^^^^^^^^^^^^^^^^^^^^^^^^^^^^^^^^^^^^^^^^^^^^^^^^^^^^^^^^^^^^^^^^^^^^^^^^^^^^^^^^
                 *args, **kwargs)
                 ^^^^^^^^^^^^^^^^
  File "D:\Users\Desktop\automator_project\venv\Lib\site-packages\telebot\__init__.py", line 1104, in polling
    self.__threaded_polling(non_stop=non_stop, interval=interval, timeout=timeout, long_polling_timeout=long_polling_timeout,
    ~~~~~~~~~~~~~~~~~~~~~~~^^^^^^^^^^^^^^^^^^^^^^^^^^^^^^^^^^^^^^^^^^^^^^^^^^^^^^^^^^^^^^^^^^^^^^^^^^^^^^^^^^^^^^^^^^^^^^^^^^
                            logger_level=logger_level, allowed_updates=allowed_updates)
                            ^^^^^^^^^^^^^^^^^^^^^^^^^^^^^^^^^^^^^^^^^^^^^^^^^^^^^^^^^^^
  File "D:\Users\Desktop\automator_project\venv\Lib\site-packages\telebot\__init__.py", line 1179, in __threaded_polling
    raise e
  File "D:\Users\Desktop\automator_project\venv\Lib\site-packages\telebot\__init__.py", line 1140, in __threaded_polling
    polling_thread.raise_exceptions()
    ~~~~~~~~~~~~~~~~~~~~~~~~~~~~~~~^^
  File "D:\Users\Desktop\automator_project\venv\Lib\site-packages\telebot\util.py", line 110, in raise_exceptions
    raise self.exception_info
  File "D:\Users\Desktop\automator_project\venv\Lib\site-packages\telebot\util.py", line 92, in run
    task(*args, **kwargs)
    ~~~~^^^^^^^^^^^^^^^^^
  File "D:\Users\Desktop\automator_project\venv\Lib\site-packages\telebot\__init__.py", line 661, in __retrieve_updates
    updates = self.get_updates(offset=(self.last_update_id + 1),
                               allowed_updates=allowed_updates,
                               timeout=timeout, long_polling_timeout=long_polling_timeout)
  File "D:\Users\Desktop\automator_project\venv\Lib\site-packages\telebot\__init__.py", line 633, in get_updates
    json_updates = apihelper.get_updates(
        self.token, offset=offset, limit=limit, timeout=timeout, allowed_updates=allowed_updates,
        long_polling_timeout=long_polling_timeout)
  File "D:\Users\Desktop\automator_project\venv\Lib\site-packages\telebot\apihelper.py", line 321, in get_updates
    return _make_request(token, method_url, params=payload)
  File "D:\Users\Desktop\automator_project\venv\Lib\site-packages\telebot\apihelper.py", line 158, in _make_request
    result = _get_req_session().request(
        method, request_url, params=params, files=files,
        timeout=(connect_timeout, read_timeout), proxies=proxy)
  File "D:\Users\Desktop\automator_project\venv\Lib\site-packages\requests\sessions.py", line 589, in request
    resp = self.send(prep, **send_kwargs)
  File "D:\Users\Desktop\automator_project\venv\Lib\site-packages\requests\sessions.py", line 703, in send
    r = adapter.send(request, **kwargs)
  File "D:\Users\Desktop\automator_project\venv\Lib\site-packages\requests\adapters.py", line 532, in send
    raise ReadTimeout(e, request=request)
requests.exceptions.ReadTimeout: HTTPSConnectionPool(host='api.telegram.org', port=443): Read timed out. (read timeout=30)

2026-03-31 16:08:52,415 - TeleBot - ERROR - Infinity polling exception: HTTPSConnectionPool(host='api.telegram.org', port=443): Read timed out. (read timeout=30)
2026-03-31 16:08:52,427 - TeleBot - ERROR - Exception traceback:
Traceback (most recent call last):
  File "D:\Users\Desktop\automator_project\venv\Lib\site-packages\urllib3\connectionpool.py", line 464, in _make_request
    self._validate_conn(conn)
    ~~~~~~~~~~~~~~~~~~~^^^^^^
  File "D:\Users\Desktop\automator_project\venv\Lib\site-packages\urllib3\connectionpool.py", line 1093, in _validate_conn
    conn.connect()
    ~~~~~~~~~~~~^^
  File "D:\Users\Desktop\automator_project\venv\Lib\site-packages\urllib3\connection.py", line 796, in connect
    sock_and_verified = _ssl_wrap_socket_and_match_hostname(
        sock=sock,
    ...<14 lines>...
        assert_fingerprint=self.assert_fingerprint,
    )
  File "D:\Users\Desktop\automator_project\venv\Lib\site-packages\urllib3\connection.py", line 975, in _ssl_wrap_socket_and_match_hostname
    ssl_sock = ssl_wrap_socket(
        sock=sock,
    ...<8 lines>...
        tls_in_tls=tls_in_tls,
    )
  File "D:\Users\Desktop\automator_project\venv\Lib\site-packages\urllib3\util\ssl_.py", line 483, in ssl_wrap_socket
    ssl_sock = _ssl_wrap_socket_impl(sock, context, tls_in_tls, server_hostname)
  File "D:\Users\Desktop\automator_project\venv\Lib\site-packages\urllib3\util\ssl_.py", line 527, in _ssl_wrap_socket_impl
    return ssl_context.wrap_socket(sock, server_hostname=server_hostname)
           ~~~~~~~~~~~~~~~~~~~~~~~^^^^^^^^^^^^^^^^^^^^^^^^^^^^^^^^^^^^^^^
  File "C:\Users\Simonoviya\AppData\Local\Programs\Python\Python314\Lib\ssl.py", line 455, in wrap_socket
    return self.sslsocket_class._create(
           ~~~~~~~~~~~~~~~~~~~~~~~~~~~~^
        sock=sock,
        ^^^^^^^^^^
    ...<5 lines>...
        session=session
        ^^^^^^^^^^^^^^^
    )
    ^
  File "C:\Users\Simonoviya\AppData\Local\Programs\Python\Python314\Lib\ssl.py", line 1076, in _create
    self.do_handshake()
    ~~~~~~~~~~~~~~~~~^^
  File "C:\Users\Simonoviya\AppData\Local\Programs\Python\Python314\Lib\ssl.py", line 1372, in do_handshake
    self._sslobj.do_handshake()
    ~~~~~~~~~~~~~~~~~~~~~~~~~^^
TimeoutError: _ssl.c:1063: The handshake operation timed out

The above exception was the direct cause of the following exception:

Traceback (most recent call last):
  File "D:\Users\Desktop\automator_project\venv\Lib\site-packages\requests\adapters.py", line 486, in send
    resp = conn.urlopen(
        method=request.method,
    ...<9 lines>...
        chunked=chunked,
    )
  File "D:\Users\Desktop\automator_project\venv\Lib\site-packages\urllib3\connectionpool.py", line 841, in urlopen
    retries = retries.increment(
        method, url, error=new_e, _pool=self, _stacktrace=sys.exc_info()[2]
    )
  File "D:\Users\Desktop\automator_project\venv\Lib\site-packages\urllib3\util\retry.py", line 490, in increment
    raise reraise(type(error), error, _stacktrace)
          ~~~~~~~^^^^^^^^^^^^^^^^^^^^^^^^^^^^^^^^^
  File "D:\Users\Desktop\automator_project\venv\Lib\site-packages\urllib3\util\util.py", line 39, in reraise
    raise value
  File "D:\Users\Desktop\automator_project\venv\Lib\site-packages\urllib3\connectionpool.py", line 787, in urlopen
    response = self._make_request(
        conn,
    ...<10 lines>...
        **response_kw,
    )
  File "D:\Users\Desktop\automator_project\venv\Lib\site-packages\urllib3\connectionpool.py", line 488, in _make_request
    raise new_e
  File "D:\Users\Desktop\automator_project\venv\Lib\site-packages\urllib3\connectionpool.py", line 466, in _make_request
    self._raise_timeout(err=e, url=url, timeout_value=conn.timeout)
    ~~~~~~~~~~~~~~~~~~~^^^^^^^^^^^^^^^^^^^^^^^^^^^^^^^^^^^^^^^^^^^^
  File "D:\Users\Desktop\automator_project\venv\Lib\site-packages\urllib3\connectionpool.py", line 367, in _raise_timeout
    raise ReadTimeoutError(
        self, url, f"Read timed out. (read timeout={timeout_value})"
    ) from err
urllib3.exceptions.ReadTimeoutError: HTTPSConnectionPool(host='api.telegram.org', port=443): Read timed out. (read timeout=30)

During handling of the above exception, another exception occurred:

Traceback (most recent call last):
  File "D:\Users\Desktop\automator_project\venv\Lib\site-packages\telebot\__init__.py", line 1016, in infinity_polling
    self.polling(non_stop=True, timeout=timeout, long_polling_timeout=long_polling_timeout,
    ~~~~~~~~~~~~^^^^^^^^^^^^^^^^^^^^^^^^^^^^^^^^^^^^^^^^^^^^^^^^^^^^^^^^^^^^^^^^^^^^^^^^^^^
                 logger_level=logger_level, allowed_updates=allowed_updates, restart_on_change=False,
                 ^^^^^^^^^^^^^^^^^^^^^^^^^^^^^^^^^^^^^^^^^^^^^^^^^^^^^^^^^^^^^^^^^^^^^^^^^^^^^^^^^^^^
                 *args, **kwargs)
                 ^^^^^^^^^^^^^^^^
  File "D:\Users\Desktop\automator_project\venv\Lib\site-packages\telebot\__init__.py", line 1104, in polling
    self.__threaded_polling(non_stop=non_stop, interval=interval, timeout=timeout, long_polling_timeout=long_polling_timeout,
    ~~~~~~~~~~~~~~~~~~~~~~~^^^^^^^^^^^^^^^^^^^^^^^^^^^^^^^^^^^^^^^^^^^^^^^^^^^^^^^^^^^^^^^^^^^^^^^^^^^^^^^^^^^^^^^^^^^^^^^^^^
                            logger_level=logger_level, allowed_updates=allowed_updates)
                            ^^^^^^^^^^^^^^^^^^^^^^^^^^^^^^^^^^^^^^^^^^^^^^^^^^^^^^^^^^^
  File "D:\Users\Desktop\automator_project\venv\Lib\site-packages\telebot\__init__.py", line 1179, in __threaded_polling
    raise e
  File "D:\Users\Desktop\automator_project\venv\Lib\site-packages\telebot\__init__.py", line 1140, in __threaded_polling
    polling_thread.raise_exceptions()
    ~~~~~~~~~~~~~~~~~~~~~~~~~~~~~~~^^
  File "D:\Users\Desktop\automator_project\venv\Lib\site-packages\telebot\util.py", line 110, in raise_exceptions
    raise self.exception_info
  File "D:\Users\Desktop\automator_project\venv\Lib\site-packages\telebot\util.py", line 92, in run
    task(*args, **kwargs)
    ~~~~^^^^^^^^^^^^^^^^^
  File "D:\Users\Desktop\automator_project\venv\Lib\site-packages\telebot\__init__.py", line 661, in __retrieve_updates
    updates = self.get_updates(offset=(self.last_update_id + 1),
                               allowed_updates=allowed_updates,
                               timeout=timeout, long_polling_timeout=long_polling_timeout)
  File "D:\Users\Desktop\automator_project\venv\Lib\site-packages\telebot\__init__.py", line 633, in get_updates
    json_updates = apihelper.get_updates(
        self.token, offset=offset, limit=limit, timeout=timeout, allowed_updates=allowed_updates,
        long_polling_timeout=long_polling_timeout)
  File "D:\Users\Desktop\automator_project\venv\Lib\site-packages\telebot\apihelper.py", line 321, in get_updates
    return _make_request(token, method_url, params=payload)
  File "D:\Users\Desktop\automator_project\venv\Lib\site-packages\telebot\apihelper.py", line 158, in _make_request
    result = _get_req_session().request(
        method, request_url, params=params, files=files,
        timeout=(connect_timeout, read_timeout), proxies=proxy)
  File "D:\Users\Desktop\automator_project\venv\Lib\site-packages\requests\sessions.py", line 589, in request
    resp = self.send(prep, **send_kwargs)
  File "D:\Users\Desktop\automator_project\venv\Lib\site-packages\requests\sessions.py", line 703, in send
    r = adapter.send(request, **kwargs)
  File "D:\Users\Desktop\automator_project\venv\Lib\site-packages\requests\adapters.py", line 532, in send
    raise ReadTimeout(e, request=request)
requests.exceptions.ReadTimeout: HTTPSConnectionPool(host='api.telegram.org', port=443): Read timed out. (read timeout=30)

2026-03-31 16:22:39,450 - __main__ - INFO - ============================================================
2026-03-31 16:22:39,451 - __main__ - INFO - 📨 Команда /start
2026-03-31 16:22:39,453 - __main__ - INFO - 👤 Telegram ID: 1510151612
2026-03-31 16:22:39,454 - __main__ - INFO - 👤 Username: AndreiGichkov
2026-03-31 16:22:39,454 - __main__ - INFO - ============================================================
2026-03-31 16:22:39,454 - __main__ - INFO - 🔍 Поиск пользователя в базе...
2026-03-31 16:22:41,513 - __main__ - INFO - ℹ️ Пользователь не найден (404)
2026-03-31 16:22:41,513 - __main__ - INFO - ➕ Пользователь не найден, создаём нового...
2026-03-31 16:22:43,665 - __main__ - INFO - ✅ Пользователь создан: AndreiGichkov (ID: 3)
2026-03-31 16:22:43,666 - __main__ - INFO - ✅ Пользователь успешно создан/найден: ID=3
2026-03-31 16:23:27,538 - __main__ - INFO - 🔘 Кнопка 'Настройки' от 1510151612
2026-03-31 16:23:27,539 - __main__ - INFO - 📨 Команда /settings от 1510151612
2026-03-31 16:23:29,607 - __main__ - INFO - ✅ Пользователь найден: AndreiGichkov (ID: 3)
2026-03-31 16:23:46,038 - __main__ - INFO - 🔘 Кнопка 'В меню' от 1510151612
2026-03-31 16:23:49,995 - __main__ - INFO - 🔘 Кнопка 'Настройки' от 1510151612
2026-03-31 16:23:49,996 - __main__ - INFO - 📨 Команда /settings от 1510151612
2026-03-31 16:23:52,040 - __main__ - INFO - ✅ Пользователь найден: AndreiGichkov (ID: 3)
2026-03-31 16:24:43,735 - __main__ - INFO - 📨 Текст от 1510151612: 'Цены на продукты, Томск, Поп-персоны и звезды'
2026-03-31 16:24:45,773 - __main__ - INFO - ✅ Пользователь найден: AndreiGichkov (ID: 3)
2026-03-31 16:24:45,774 - __main__ - INFO - ⚙️ Обновление тем: ['Цены на продукты', 'Томск', 'Поп-персоны и звезды']
2026-03-31 16:24:47,886 - __main__ - INFO - ✅ Интересы обновлены
2026-03-31 16:24:48,222 - __main__ - INFO - ✅ Темы обновлены успешно
2026-03-31 16:24:52,919 - __main__ - INFO - 🔘 Кнопка 'Новости' от 1510151612
2026-03-31 16:24:52,920 - __main__ - INFO - 📨 Команда /news от 1510151612
2026-03-31 16:24:54,955 - __main__ - INFO - ✅ Пользователь найден: AndreiGichkov (ID: 3)
2026-03-31 16:24:54,956 - __main__ - INFO - 📰 Получение новостей для пользователя 3
2026-03-31 16:24:57,190 - __main__ - INFO - ✅ Получено новостей: 5
2026-03-31 16:24:57,547 - __main__ - INFO - ✅ Новости отправлены
2026-03-31 16:25:04,431 - __main__ - INFO - 🔘 Кнопка 'Сводка' от 1510151612
2026-03-31 16:25:04,432 - __main__ - INFO - 📨 Команда /digest от 1510151612
2026-03-31 16:25:06,492 - __main__ - INFO - ✅ Пользователь найден: AndreiGichkov (ID: 3)
2026-03-31 16:25:06,492 - __main__ - INFO - 📋 Получение сводки для пользователя 3
2026-03-31 16:25:08,746 - __main__ - INFO - ✅ Сводка получена: 463 символов
2026-03-31 16:25:08,942 - __main__ - INFO - ✅ Сводка отправлена
